site_id,name,region,lat,lon,coral_cover_pct,refugia_50reefs_plus,connectivity,in_mpa
GCBD4168,Bolok,"East Nusa Tenggara, Indonesia",-10.152,123.595,,,,
GCBD3858,Reef Check site #3858,"East Nusa Tenggara, Indonesia",-10.0577222222222,123.746472222222,,,,
GCBD15500,Manta Point,"Bali, Indonesia",-8.79475,115.527472222222,,,,
GCBD4185,Ngurah Rai reef,"Bali, Indonesia",-8.753,115.161,,,,
GCBD15501,House Reef SORCE,"West Nusa Tenggara, Indonesia",-8.7495,115.894527777778,,,,
GCBD15502,Gili Goleng,"West Nusa Tenggara, Indonesia",-8.74661111111111,115.892361111111,,,,
GCBD9851,Gili Gede Barat,"West Nusa Tenggara, Indonesia",-8.72875,115.9166667,,,,
GCBD15503,Coral Beach,"West Nusa Tenggara, Indonesia",-8.726,115.910055555556,,,,
GCBD9852,Gili Layar,"West Nusa Tenggara, Indonesia",-8.725472222,115.9105278,,,,
GCBD4184,Donner site #4184,"West Nusa Tenggara, Indonesia",-8.7243,115.9421,,,,
GCBD9853,Gili Sudak Barat Laut,"West Nusa Tenggara, Indonesia",-8.720611111,116.021,,,,
GCBD3859,Reef Check site #3859,"West Nusa Tenggara, Indonesia",-8.7175,116.771388888889,,,,
GCBD9854,Gili Nanggu Barat Laut,"West Nusa Tenggara, Indonesia",-8.716916667,116.0055556,,,,
GCBD4199,Reef Check site #4199,"Bali, Indonesia",-8.71583333333333,115.458333333333,,,,
GCBD4178,Donner site #4178,"Bali, Indonesia",-8.7144,115.6085,,,,
GCBD3860,Reef Check site #3860,"West Nusa Tenggara, Indonesia",-8.71388888888889,116.770277777778,,,,
GCBD15504,Sunken Island,"West Nusa Tenggara, Indonesia",-8.71163888888889,115.926916666667,,,,
GCBD9855,Gili Rengit,"West Nusa Tenggara, Indonesia",-8.711472222,115.9141389,,,,
GCBD3861,Reef Check site #3861,"Bali, Indonesia",-8.70927777777778,115.266333333333,,,,
GCBD15505,Karang Sari,"Bali, Indonesia",-8.70611111111111,115.586111111111,,,,
GCBD4200,Reef Check site #4200,"Bali, Indonesia",-8.68583333333333,115.462222222222,,,,
GCBD15506,Sampalan,"Bali, Indonesia",-8.68561111111111,115.580027777778,,,,
GCBD15507,Cenningan Bay,"Bali, Indonesia",-8.68491666666667,115.465611111111,,,,
GCBD15508,Cenningan Bay,"Bali, Indonesia",-8.68472222222222,115.464444444444,,,,
GCBD3862,Reef Check site #3862,"Bali, Indonesia",-8.6815,115.483944444444,,,,
GCBD3863,Reef Check site #3863,"Bali, Indonesia",-8.67769444444444,115.276416666667,,,,
GCBD15509,Sental Reef - Nusa Penida,"Bali, Indonesia",-8.67666666666667,115.528333333333,,,,
GCBD15510,Sental Restoration Site,"Bali, Indonesia",-8.67638888888889,115.530027777778,,,,
GCBD15511,PED,"Bali, Indonesia",-8.67633333333333,115.524027777778,,,,
GCBD15512,Pontoon Bali Hai III,"Bali, Indonesia",-8.67627777777778,115.439805555556,,,,
GCBD15513,PED- NUSA PENIDA,"Bali, Indonesia",-8.67622222222222,115.517805555556,,,,
GCBD15514,Lembongan Bay,"Bali, Indonesia",-8.67616666666667,115.439805555556,,,,
GCBD15515,Lembongan Bay Shallow,"Bali, Indonesia",-8.67611111111111,115.439805555556,,,,
GCBD15516,Pontoon Bali Hai II,"Bali, Indonesia",-8.67597222222222,115.439638888889,,,,
GCBD15437,Sental,"Bali, Indonesia",-8.67597222222222,115.530194444444,,,,
GCBD15438,Pontoon Bali Hai,"Bali, Indonesia",-8.67588888888889,115.439472222222,,,,
GCBD15439,Sental Reef (Reference site) - Nusa Penida,"Bali, Indonesia",-8.67586111111111,115.533111111111,,,,
GCBD4201,Reef Check site #4201,"Bali, Indonesia",-8.67583333333333,115.442777777778,,,,
GCBD15440,SD Reef,"Bali, Indonesia",-8.67511111111111,115.514527777778,,,,
GCBD4202,Reef Check site #4202,"Bali, Indonesia",-8.675,115.441111111111,,,,
GCBD15441,SD Reef,"Bali, Indonesia",-8.67183333333333,115.503111111111,,,,
GCBD3850,Donner site #3850,"Bali, Indonesia",-8.6667,115.4667,,,,
GCBD15442,Mangrove,"Bali, Indonesia",-8.66463888888889,115.468,,,,
GCBD4179,Donner site #4179,"Bali, Indonesia",-8.6551,115.4559,,,,
GCBD3864,Reef Check site #3864,"Bali, Indonesia",-8.63333333333333,115.46875,,,,
GCBD15443,Pengah Kecil (Sector 1) SW Side,"East Nusa Tenggara, Indonesia",-8.56011111111111,119.634388888889,,,,
GCBD3865,Reef Check site #3865,"East Nusa Tenggara, Indonesia",-8.55861111111111,119.825555555556,,,,
GCBD15444,Mawan (Sector 1),"East Nusa Tenggara, Indonesia",-8.54438888888889,119.646222222222,,,,
GCBD3866,Reef Check site #3866,"Bali, Indonesia",-8.53288888888889,115.514111111111,,,,
GCBD15445,Siaba Besar (Sector 1),"East Nusa Tenggara, Indonesia",-8.53263888888889,119.643777777778,,,,
GCBD3867,Reef Check site #3867,"Bali, Indonesia",-8.53097222222222,115.513666666667,,,,
GCBD3868,Reef Check site #3868,"East Nusa Tenggara, Indonesia",-8.52388888888889,119.821666666667,,,,
GCBD4203,Reef Check site #4203,"East Nusa Tenggara, Indonesia",-8.50952777777778,119.702388888889,,,,
GCBD4204,Reef Check site #4204,"West Nusa Tenggara, Indonesia",-8.50936111111111,116.857222222222,,,,
GCBD4205,Reef Check site #4205,"West Nusa Tenggara, Indonesia",-8.49552777777778,116.881222222222,,,,
GCBD3869,Reef Check site #3869,"West Nusa Tenggara, Indonesia",-8.49475,116.880333333333,,,,
GCBD4206,Reef Check site #4206,"West Nusa Tenggara, Indonesia",-8.49308333333333,116.867916666667,,,,
GCBD3870,Reef Check site #3870,"East Nusa Tenggara, Indonesia",-8.47997222222222,119.835944444444,,,,
GCBD3871,Reef Check site #3871,"West Nusa Tenggara, Indonesia",-8.4775,116.868666666667,,,,
GCBD3872,Reef Check site #3872,"West Nusa Tenggara, Indonesia",-8.46083333333333,116.838666666667,,,,
GCBD4207,Reef Check site #4207,"East Java, Indonesia",-8.43936111111111,112.677972222222,,,,
GCBD3873,Reef Check site #3873,"West Nusa Tenggara, Indonesia",-8.43611111111111,115.8375,,,,
GCBD3874,Reef Check site #3874,"West Nusa Tenggara, Indonesia",-8.43533333333333,116.929166666667,,,,
GCBD4208,Reef Check site #4208,"East Java, Indonesia",-8.43058333333333,112.6935,,,,
GCBD4209,Reef Check site #4209,"East Java, Indonesia",-8.42927777777778,112.697972222222,,,,
GCBD4210,Reef Check site #4210,"East Nusa Tenggara, Indonesia",-8.41097222222222,119.862722222222,,,,
GCBD4211,Reef Check site #4211,"East Nusa Tenggara, Indonesia",-8.3915,119.798861111111,,,,
GCBD3928,Donner site #3928,"West Nusa Tenggara, Indonesia",-8.3833,116.05,,,,
GCBD4180,Gili Air,"West Nusa Tenggara, Indonesia",-8.366,116.076,,,,
GCBD15446,Statue Garden - South of Gili Air,"West Nusa Tenggara, Indonesia",-8.36511111111111,116.084416666667,,,,
GCBD15447,Japanese Shipwreck,"Bali, Indonesia",-8.36475,115.700666666667,,,,
GCBD4066,Donner site #4066,"West Nusa Tenggara, Indonesia",-8.3641,116.0879,,,,
GCBD3875,Reef Check site #3875,"West Nusa Tenggara, Indonesia",-8.36391666666667,116.034805555556,,,,
GCBD4212,Reef Check site #4212,"West Nusa Tenggara, Indonesia",-8.36283333333333,116.029777777778,,,,
GCBD4213,Reef Check site #4213,"West Nusa Tenggara, Indonesia",-8.36241666666667,116.031388888889,,,,
GCBD4214,Reef Check site #4214,"West Nusa Tenggara, Indonesia",-8.36188888888889,116.053611111111,,,,
GCBD15448,"Jambi Anom, North Lombok","West Nusa Tenggara, Indonesia",-8.35980555555556,116.131611111111,,,,
GCBD4172,Lypah,"Bali, Indonesia",-8.358,115.741,,,,
GCBD3877,Reef Check site #3877,"West Nusa Tenggara, Indonesia",-8.35788888888889,116.042472222222,,,,
GCBD3878,Reef Check site #3878,"West Nusa Tenggara, Indonesia",-8.35666666666667,116.091666666667,,,,
GCBD4215,Reef Check site #4215,"West Nusa Tenggara, Indonesia",-8.35563888888889,116.051472222222,,,,
GCBD4181,Gili Trawangan,"West Nusa Tenggara, Indonesia",-8.353,116.027,,,,
GCBD15449,Han's Reef,"West Nusa Tenggara, Indonesia",-8.35138888888889,116.088333333333,,,,
GCBD15450,Batfish Point,"West Nusa Tenggara, Indonesia",-8.35069444444444,116.088194444444,,,,
GCBD3879,Reef Check site #3879,"West Nusa Tenggara, Indonesia",-8.35055555555556,116.051388888889,,,,
GCBD15451,Han's Reef - North East of Gili Air,"West Nusa Tenggara, Indonesia",-8.35047222222222,116.088416666667,,,,
GCBD15452,Lipah,"Bali, Indonesia",-8.35030555555556,115.684111111111,,,,
GCBD15453,SHALLOW TURBO,"West Nusa Tenggara, Indonesia",-8.349,116.043888888889,,,,
GCBD4216,Reef Check site #4216,"West Nusa Tenggara, Indonesia",-8.34866666666667,116.085805555556,,,,
GCBD15454,Meno Slope- West of Gili Meno,"West Nusa Tenggara, Indonesia",-8.34777777777778,116.050277777778,,,,
GCBD15455,Batfish Point,"West Nusa Tenggara, Indonesia",-8.34777777777778,116.085,,,,
GCBD15456,Meno Slope,"West Nusa Tenggara, Indonesia",-8.34727777777778,116.050305555556,,,,
GCBD3880,Reef Check site #3880,"West Nusa Tenggara, Indonesia",-8.34527777777778,116.043055555556,,,,
GCBD4217,Reef Check site #4217,"West Nusa Tenggara, Indonesia",-8.34516666666667,116.067388888889,,,,
GCBD4218,Reef Check site #4218,"West Nusa Tenggara, Indonesia",-8.34475,116.024666666667,,,,
GCBD15457,Turtle City,"West Nusa Tenggara, Indonesia",-8.3445,116.062916666667,,,,
GCBD4182,Gili Meno,"West Nusa Tenggara, Indonesia",-8.344,116.061,,,,
GCBD3881,Reef Check site #3881,"West Nusa Tenggara, Indonesia",-8.34394444444444,116.026194444444,,,,
GCBD15458,Meno Wall - North West of Gili Meno,"West Nusa Tenggara, Indonesia",-8.34388888888889,116.050361111111,,,,
GCBD15459,Shark Point- North West of Gili Trawangan,"West Nusa Tenggara, Indonesia",-8.34302777777778,116.02525,,,,
GCBD3882,Reef Check site #3882,"West Nusa Tenggara, Indonesia",-8.34277777777778,116.082777777778,,,,
GCBD15460,Turtle Heaven,"West Nusa Tenggara, Indonesia",-8.34261111111111,116.062083333333,,,,
GCBD3883,Reef Check site #3883,"West Nusa Tenggara, Indonesia",-8.34166666666667,116.052777777778,,,,
GCBD4219,Reef Check site #4219,"West Nusa Tenggara, Indonesia",-8.34111111111111,116.027277777778,,,,
GCBD4220,Reef Check site #4220,"West Nusa Tenggara, Indonesia",-8.34077777777778,116.042583333333,,,,
GCBD15461,Shark Point - North West of Gili Trawangan,"West Nusa Tenggara, Indonesia",-8.34027777777778,116.0275,,,,
GCBD15462,Shark Point,"West Nusa Tenggara, Indonesia",-8.34027777777778,116.028611111111,,,,
GCBD3884,Reef Check site #3884,"Bali, Indonesia",-8.33816666666667,115.661416666667,,,,
GCBD3885,Reef Check site #3885,"Bali, Indonesia",-8.33777777777778,115.661111111111,,,,
GCBD3886,Reef Check site #3886,"West Nusa Tenggara, Indonesia",-8.33763888888889,116.037638888889,,,,
GCBD9856,Gili Sulat Core,"West Nusa Tenggara, Indonesia",-8.337325,116.7238611,,,,
GCBD4221,Reef Check site #4221,"West Nusa Tenggara, Indonesia",-8.33727777777778,116.036527777778,,,,
GCBD15463,Halik,"West Nusa Tenggara, Indonesia",-8.33722222222222,116.038055555556,,,,
GCBD15517,Halik,"West Nusa Tenggara, Indonesia",-8.33722222222222,116.039722222222,,,,
GCBD15518,Kepah,"Bali, Indonesia",-8.33558333333333,115.658305555556,,,,
GCBD3887,Reef Check site #3887,"Bali, Indonesia",-8.33533333333333,115.65075,,,,
GCBD4222,Reef Check site #4222,"Bali, Indonesia",-8.33480555555556,115.65325,,,,
GCBD3888,Reef Check site #3888,"Bali, Indonesia",-8.33388888888889,115.654722222222,,,,
GCBD3940,Donner site #3940,"West Nusa Tenggara, Indonesia",-8.3295,116.0603,,,,
GCBD9857,Gili Sulat Tourist,"West Nusa Tenggara, Indonesia",-8.3158167,116.7052333,,,,
GCBD3889,Reef Check site #3889,"West Nusa Tenggara, Indonesia",-8.30677777777778,116.702972222222,,,,
GCBD4223,Reef Check site #4223,"West Nusa Tenggara, Indonesia",-8.30416666666667,116.136777777778,,,,
GCBD3854,Donner site #3854,"Bali, Indonesia",-8.3,115.6167,,,,
GCBD9858,Gili Lawang Gear,"West Nusa Tenggara, Indonesia",-8.2972222,116.6879861,,,,
GCBD9859,Gili Lawang Open,"West Nusa Tenggara, Indonesia",-8.293725,116.7074083,,,,
GCBD3890,Reef Check site #3890,"West Nusa Tenggara, Indonesia",-8.29266666666667,116.706944444444,,,,
GCBD3891,Reef Check site #3891,"Bali, Indonesia",-8.28388888888889,115.603333333333,,,,
GCBD3892,Reef Check site #3892,"Bali, Indonesia",-8.28111111111111,115.600833333333,,,,
GCBD3893,Reef Check site #3893,"Bali, Indonesia",-8.27944444444445,115.599166666667,,,,
GCBD3894,Reef Check site #3894,"Bali, Indonesia",-8.27888888888889,115.598333333333,,,,
GCBD4224,Reef Check site #4224,"Bali, Indonesia",-8.27847222222222,115.595111111111,,,,
GCBD3895,Reef Check site #3895,"Bali, Indonesia",-8.27694444444445,115.594444444444,,,,
GCBD3896,Reef Check site #3896,"Bali, Indonesia",-8.27652777777778,115.5955,,,,
GCBD3897,Reef Check site #3897,"Bali, Indonesia",-8.27611111111111,115.593611111111,,,,
GCBD3898,Reef Check site #3898,"Bali, Indonesia",-8.27277777777778,115.591944444444,,,,
GCBD2830,Reef Check site #2830,"Dili, East Timor",-8.26855555555556,125.608666666667,,,,
GCBD3899,Reef Check site #3899,"West Nusa Tenggara, Indonesia",-8.26666666666667,117.483333333333,,,,
GCBD4175,Donner site #4175,"West Nusa Tenggara, Indonesia",-8.2601,116.6871,,,,
GCBD3900,Reef Check site #3900,"Bali, Indonesia",-8.25916666666667,115.583888888889,,,,
GCBD4225,Reef Check site #4225,"Bali, Indonesia",-8.25111111111111,115.699833333333,,,,
GCBD3901,Reef Check site #3901,"West Nusa Tenggara, Indonesia",-8.25055555555556,116.039166666667,,,,
GCBD2831,Reef Check site #2831,"Dili, East Timor",-8.23847222222222,125.6115,,,,
GCBD2832,Reef Check site #2832,"Dili, East Timor",-8.23847222222222,125.612027777778,,,,
GCBD2833,Reef Check site #2833,"Dili, East Timor",-8.23238888888889,125.612944444444,,,,
GCBD2834,Reef Check site #2834,"Dili, East Timor",-8.22158333333333,125.619527777778,,,,
GCBD2837,Reef Check site #2837,"Dili, East Timor",-8.20044444444444,125.630194444444,,,,
GCBD2838,Reef Check site #2838,"Dili, East Timor",-8.18630555555556,125.638138888889,,,,
GCBD2839,Reef Check site #2839,"Dili, East Timor",-8.17030555555555,125.644472222222,,,,
GCBD15519,Tembok/T3,"Bali, Indonesia",-8.15216666666667,115.424555555556,,,,
GCBD4156,Donner site #4156,"Bali, Indonesia",-8.1517,115.0253,,,,
GCBD2835,Reef Check site #2835,"Dili, East Timor",-8.14605555555556,125.642833333333,,,,
GCBD3902,Reef Check site #3902,"Bali, Indonesia",-8.14083333333333,114.668611111111,,,,
GCBD4189,Donner site #4189,"East Java, Indonesia",-8.14,114.44,,,,
GCBD4226,Reef Check site #4226,"Bali, Indonesia",-8.13908333333333,115.396361111111,,,,
GCBD3903,Reef Check site #3903,"Bali, Indonesia",-8.1375,115.394166666667,,,,
GCBD2840,Reef Check site #2840,"Dili, East Timor",-8.13675,125.642305555556,,,,
GCBD15520,Underwater Trail,"Bali, Indonesia",-8.12897222222222,115.365555555556,,,,
GCBD4227,Reef Check site #4227,"Bali, Indonesia",-8.12661111111111,115.35675,,,,
GCBD15521,Loloan/Tejakula,"Bali, Indonesia",-8.12497222222222,115.353416666667,,,,
GCBD3904,Reef Check site #3904,"Bali, Indonesia",-8.12472222222222,115.353333333333,,,,
GCBD4228,Reef Check site #4228,"Bali, Indonesia",-8.12272222222222,115.352138888889,,,,
GCBD4157,Pemuteran,"Bali, Indonesia",-8.122,114.605,,,,
GCBD4169,Donner site #4169,"Bali, Indonesia",-8.1185,114.6278,,,,
GCBD4171,Donner site #4171,"Bali, Indonesia",-8.1177,115.3475,,,,
GCBD4229,Reef Check site #4229,"Bali, Indonesia",-8.11233333333333,115.322916666667,,,,
GCBD4230,Reef Check site #4230,"Bali, Indonesia",-8.11202777777778,115.328277777778,,,,
GCBD3905,Reef Check site #3905,"Bali, Indonesia",-8.10888888888889,115.316944444444,,,,
GCBD4231,Reef Check site #4231,"Bali, Indonesia",-8.10838888888889,115.315611111111,,,,
GCBD4232,Reef Check site #4232,"Bali, Indonesia",-8.10744444444444,115.313333333333,,,,
GCBD4176,Donner site #4176,"Bali, Indonesia",-8.1036,115.0568,,,,
GCBD3855,Donner site #3855,"Bali, Indonesia",-8.1,114.9,,,,
GCBD3906,Reef Check site #3906,"East Java, Indonesia",-8.09752777777778,114.528416666667,,,,
GCBD3907,Reef Check site #3907,"East Java, Indonesia",-8.09594444444445,114.503138888889,,,,
GCBD3908,Reef Check site #3908,"Bali, Indonesia",-8.09416666666667,115.273333333333,,,,
GCBD3909,Reef Check site #3909,"East Java, Indonesia",-8.09330555555556,114.497555555556,,,,
GCBD4186,Bangspring,"East Java, Indonesia",-8.092,114.417,,,,
GCBD3910,Reef Check site #3910,"East Java, Indonesia",-8.09177777777778,114.499,,,,
GCBD3911,Reef Check site #3911,"East Java, Indonesia",-7.84116666666667,114.465666666667,,,,
GCBD3912,Reef Check site #3912,"East Java, Indonesia",-7.84027777777778,114.465277777778,,,,
GCBD3913,Reef Check site #3913,"East Java, Indonesia",-7.83444444444444,114.466944444444,,,,
GCBD3914,Reef Check site #3914,"East Java, Indonesia",-7.80913888888889,114.458222222222,,,,
GCBD3915,Reef Check site #3915,"East Java, Indonesia",-7.79388888888889,114.441666666667,,,,
GCBD3916,Reef Check site #3916,"East Java, Indonesia",-7.78861111111111,114.432027777778,,,,
GCBD3917,Reef Check site #3917,"East Java, Indonesia",-7.78347222222222,114.422555555556,,,,
GCBD4233,Reef Check site #4233,"East Java, Indonesia",-7.78333333333333,114.421666666667,,,,
GCBD3918,Reef Check site #3918,"East Java, Indonesia",-7.74808333333333,114.366888888889,,,,
GCBD3919,Reef Check site #3919,"East Java, Indonesia",-7.74027777777778,114.349444444444,,,,
GCBD4234,Reef Check site #4234,"East Java, Indonesia",-7.71566666666667,113.809222222222,,,,
GCBD3920,Reef Check site #3920,"West Java, Indonesia",-7.71169444444444,108.672333333333,,,,
GCBD3921,Reef Check site #3921,"West Java, Indonesia",-7.70711111111111,108.6495,,,,
GCBD3922,Reef Check site #3922,"West Java, Indonesia",-7.70505555555556,108.652555555556,,,,
GCBD3923,Reef Check site #3923,"East Java, Indonesia",-7.69444444444444,113.818277777778,,,,
GCBD3924,Reef Check site #3924,"East Java, Indonesia",-7.69444444444444,113.822944444444,,,,
GCBD3925,Reef Check site #3925,"East Java, Indonesia",-7.69241666666667,113.92675,,,,
GCBD4235,Reef Check site #4235,"East Java, Indonesia",-7.69027777777778,113.8275,,,,
GCBD4236,Reef Check site #4236,"East Java, Indonesia",-7.68619444444444,113.829916666667,,,,
GCBD3851,Donner site #3851,"East Java, Indonesia",-7.6667,114.0,,,,
GCBD3926,Reef Check site #3926,"West Java, Indonesia",-6.95916666666667,106.5025,,,,
GCBD3927,Reef Check site #3927,"South Sulawesi, Indonesia",-6.91463888888889,121.286388888889,,,,
GCBD3929,Reef Check site #3929,"Banten, Indonesia",-6.64277777777778,105.579444444444,,,,
GCBD3930,Reef Check site #3930,"South Sulawesi, Indonesia",-6.62944444444445,120.862777777778,,,,
GCBD4237,Reef Check site #4237,"Central Java, Indonesia",-6.57875,110.628083333333,,,,
GCBD4238,Reef Check site #4238,"Central Java, Indonesia",-6.57383333333333,110.628722222222,,,,
GCBD3931,Reef Check site #3931,"South Sulawesi, Indonesia",-6.55638888888889,120.958611111111,,,,
GCBD3932,Reef Check site #3932,"South Sulawesi, Indonesia",-6.55138888888889,120.991666666667,,,,
GCBD3933,Reef Check site #3933,"South Sulawesi, Indonesia",-6.53197222222222,121.003972222222,,,,
GCBD4239,Reef Check site #4239,"South East Sulawesi, Indonesia",-5.96555555555556,123.755,,,,
GCBD3934,Reef Check site #3934,"Banten, Indonesia",-5.95666666666667,105.852194444444,,,,
GCBD3935,Reef Check site #3935,"Banten, Indonesia",-5.95416666666667,105.862277777778,,,,
GCBD3936,Reef Check site #3936,"Banten, Indonesia",-5.93875,105.857555555556,,,,
GCBD3937,Reef Check site #3937,"Lampung, Indonesia",-5.93027777777778,105.515,,,,
GCBD3938,Reef Check site #3938,"Lampung, Indonesia",-5.928,105.514944444444,,,,
GCBD3939,Reef Check site #3939,"Central Java, Indonesia",-5.91555555555556,110.423611111111,,,,
GCBD3941,Reef Check site #3941,"South East Sulawesi, Indonesia",-5.90836111111111,123.976333333333,,,,
GCBD9886,Menjangan Kecil,"Central Java, Indonesia",-5.90131,110.40563,,,,
GCBD3857,Donner site #3857,"Central Java, Indonesia",-5.9013,110.5041,,,,
GCBD9887,Karang Kapal,"Central Java, Indonesia",-5.89937,110.24403,,,,
GCBD3942,Reef Check site #3942,"Central Java, Indonesia",-5.899,110.411888888889,,,,
GCBD9888,Menjangan Besar,"Central Java, Indonesia",-5.89806,110.43379,,,,
GCBD3943,Reef Check site #3943,"Central Java, Indonesia",-5.89694444444444,110.426388888889,,,,
GCBD3944,Reef Check site #3944,"Central Java, Indonesia",-5.89572222222222,110.414166666667,,,,
GCBD4240,Reef Check site #4240,"South East Sulawesi, Indonesia",-5.89344444444444,123.723055555556,,,,
GCBD3945,Reef Check site #3945,"Central Java, Indonesia",-5.89316666666667,110.415055555556,,,,
GCBD3946,Reef Check site #3946,"Central Java, Indonesia",-5.89197222222222,110.420805555556,,,,
GCBD3948,Reef Check site #3948,"Central Java, Indonesia",-5.88969444444444,110.406194444444,,,,
GCBD3949,Reef Check site #3949,"Central Java, Indonesia",-5.88927777777778,110.404722222222,,,,
GCBD3950,Reef Check site #3950,"Central Java, Indonesia",-5.88908333333333,110.436805555556,,,,
GCBD3951,Reef Check site #3951,"Central Java, Indonesia",-5.88875,110.341805555556,,,,
GCBD3952,Reef Check site #3952,"South East Sulawesi, Indonesia",-5.88872222222222,123.981888888889,,,,
GCBD3953,Reef Check site #3953,"Central Java, Indonesia",-5.8875,110.334722222222,,,,
GCBD3954,Reef Check site #3954,"Central Java, Indonesia",-5.8875,110.404722222222,,,,
GCBD3955,Reef Check site #3955,"Central Java, Indonesia",-5.88638888888889,110.404722222222,,,,
GCBD3956,Reef Check site #3956,"Central Java, Indonesia",-5.88611111111111,110.403333333333,,,,
GCBD3957,Reef Check site #3957,"South East Sulawesi, Indonesia",-5.88358333333333,123.695555555556,,,,
GCBD9889,Gleang Island,"Central Java, Indonesia",-5.880232,110.359395,,,,
GCBD3958,Reef Check site #3958,"Central Java, Indonesia",-5.87905555555556,110.415166666667,,,,
GCBD3959,Reef Check site #3959,"Central Java, Indonesia",-5.87513888888889,110.36025,,,,
GCBD3960,Reef Check site #3960,"Central Java, Indonesia",-5.875,110.348055555556,,,,
GCBD3961,Reef Check site #3961,"Central Java, Indonesia",-5.875,110.403888888889,,,,
GCBD4241,Reef Check site #4241,"South East Sulawesi, Indonesia",-5.87444444444445,123.839722222222,,,,
GCBD3962,Reef Check site #3962,"Central Java, Indonesia",-5.87361111111111,110.353888888889,,,,
GCBD3963,Reef Check site #3963,"Central Java, Indonesia",-5.87147222222222,110.353916666667,,,,
GCBD3964,Reef Check site #3964,"Central Java, Indonesia",-5.87130555555556,110.351638888889,,,,
GCBD3965,Reef Check site #3965,"Central Java, Indonesia",-5.86888888888889,110.351666666667,,,,
GCBD4166,Donner site #4166,"Banten, Indonesia",-5.8667,106.6167,,,,
GCBD3852,Donner site #3852,"Central Java, Indonesia",-5.8667,110.3333,,,,
GCBD9890,Tanjung Sekoci,"Central Java, Indonesia",-5.862862,110.466484,,,,
GCBD3966,Reef Check site #3966,"Jakarta, Indonesia",-5.85833333333333,106.625833333333,,,,
GCBD9891,Tanjung Dua,"Central Java, Indonesia",-5.856815,110.472788,,,,
GCBD3967,Reef Check site #3967,"Jakarta, Indonesia",-5.85555555555556,106.6375,,,,
GCBD3968,Reef Check site #3968,"South East Sulawesi, Indonesia",-5.85419444444444,123.704583333333,,,,
GCBD4242,Reef Check site #4242,"Central Java, Indonesia",-5.84625,110.586083333333,,,,
GCBD4173,Sambangan Island,"Central Java, Indonesia",-5.843,110.583,,,,
GCBD3969,Reef Check site #3969,"Jakarta, Indonesia",-5.83916666666667,106.637222222222,,,,
GCBD3970,Reef Check site #3970,"Central Java, Indonesia",-5.8355,110.411888888889,,,,
GCBD3971,Reef Check site #3971,"Central Java, Indonesia",-5.8345,110.423666666667,,,,
GCBD4243,Reef Check site #4243,"Central Java, Indonesia",-5.83380555555556,110.380111111111,,,,
GCBD9892,Tanjung Lemu,"Central Java, Indonesia",-5.833654,110.488514,,,,
GCBD3973,Reef Check site #3973,"Central Java, Indonesia",-5.8325,110.373055555556,,,,
GCBD9893,Cemara Kecil 1,"Central Java, Indonesia",-5.831288,110.382244,,,,
GCBD3974,Reef Check site #3974,"Central Java, Indonesia",-5.83044444444444,110.376222222222,,,,
GCBD3975,Reef Check site #3975,"South East Sulawesi, Indonesia",-5.82461111111111,123.991833333333,,,,
GCBD3976,Reef Check site #3976,"Central Java, Indonesia",-5.82361111111111,110.506388888889,,,,
GCBD9894,Taka Malang W,"Central Java, Indonesia",-5.82071,110.438853,,,,
GCBD3977,Reef Check site #3977,"Central Java, Indonesia",-5.82044444444444,110.445222222222,,,,
GCBD3978,Reef Check site #3978,"South East Sulawesi, Indonesia",-5.81908333333333,123.618611111111,,,,
GCBD4244,Reef Check site #4244,"South East Sulawesi, Indonesia",-5.81727777777778,123.802805555556,,,,
GCBD3979,Reef Check site #3979,"Central Java, Indonesia",-5.81444444444444,110.511944444444,,,,
GCBD3980,Reef Check site #3980,"South East Sulawesi, Indonesia",-5.81283333333333,123.822222222222,,,,
GCBD3981,Reef Check site #3981,"Central Java, Indonesia",-5.81197222222222,110.370888888889,,,,
GCBD3982,Reef Check site #3982,"South East Sulawesi, Indonesia",-5.809,123.823305555556,,,,
GCBD9895,Pulau Tengah,"Central Java, Indonesia",-5.80877,110.511626,,,,
GCBD3984,Reef Check site #3984,"Central Java, Indonesia",-5.80466666666667,110.369611111111,,,,
GCBD9896,Cendekian,"Central Java, Indonesia",-5.80419,110.55876,,,,
GCBD9897,Katang Island 2,"Central Java, Indonesia",-5.802959,110.164412,,,,
GCBD9898,Gosong Tengah,"Central Java, Indonesia",-5.799804,110.510647,,,,
GCBD9899,Pulau Menyawakan,"Central Java, Indonesia",-5.79817,110.34733,,,,
GCBD3985,Reef Check site #3985,"Central Java, Indonesia",-5.79758333333333,110.34875,,,,
GCBD4245,Reef Check site #4245,"Central Java, Indonesia",-5.79738888888889,110.349555555556,,,,
GCBD3986,Reef Check site #3986,"Central Java, Indonesia",-5.79611111111111,110.34,,,,
GCBD3987,Reef Check site #3987,"Central Java, Indonesia",-5.79402777777778,110.340833333333,,,,
GCBD3988,Reef Check site #3988,"Central Java, Indonesia",-5.79388888888889,110.338055555556,,,,
GCBD3989,Reef Check site #3989,"Central Java, Indonesia",-5.78833333333333,110.511111111111,,,,
GCBD9900,Sintok 1,"Central Java, Indonesia",-5.784757,110.519274,,,,
GCBD3990,Reef Check site #3990,"South East Sulawesi, Indonesia",-5.78005555555556,123.903777777778,,,,
GCBD3991,Reef Check site #3991,"South East Sulawesi, Indonesia",-5.77890277777778,123.879166666667,,,,
GCBD3992,Reef Check site #3992,"South East Sulawesi, Indonesia",-5.77758333333333,123.856222222222,,,,
GCBD4246,Reef Check site #4246,"South East Sulawesi, Indonesia",-5.777,123.857444444444,,,,
GCBD3993,Reef Check site #3993,"South East Sulawesi, Indonesia",-5.77666666666667,123.860333333333,,,,
GCBD3994,Reef Check site #3994,"South East Sulawesi, Indonesia",-5.77611111111111,123.656944444444,,,,
GCBD4247,Reef Check site #4247,"Central Java, Indonesia",-5.77386111111111,110.237944444444,,,,
GCBD3995,Reef Check site #3995,"South East Sulawesi, Indonesia",-5.77380555555556,123.862305555556,,,,
GCBD3996,Reef Check site #3996,"South East Sulawesi, Indonesia",-5.77308333333333,123.654638888889,,,,
GCBD3997,Reef Check site #3997,"South East Sulawesi, Indonesia",-5.77297222222222,123.863361111111,,,,
GCBD4248,Reef Check site #4248,"South East Sulawesi, Indonesia",-5.77277777777778,123.765833333333,,,,
GCBD4249,Reef Check site #4249,"South East Sulawesi, Indonesia",-5.77227777777778,123.864277777778,,,,
GCBD3998,Reef Check site #3998,"South East Sulawesi, Indonesia",-5.77180555555556,123.764027777778,,,,
GCBD3999,Reef Check site #3999,"South East Sulawesi, Indonesia",-5.77027777777778,123.751383333333,,,,
GCBD4250,Reef Check site #4250,"South East Sulawesi, Indonesia",-5.76875,123.891527777778,,,,
GCBD9901,Taka Menyawakan E,"Central Java, Indonesia",-5.76733,110.325654,,,,
GCBD4251,Reef Check site #4251,"South East Sulawesi, Indonesia",-5.76666666666667,123.883333333333,,,,
GCBD4000,Reef Check site #4000,"South East Sulawesi, Indonesia",-5.76388888888889,123.891666666667,,,,
GCBD4252,Reef Check site #4252,"South East Sulawesi, Indonesia",-5.76333333333333,123.891333333333,,,,
GCBD4253,Reef Check site #4253,"South East Sulawesi, Indonesia",-5.75977777777778,123.899555555556,,,,
GCBD4254,Reef Check site #4254,"South East Sulawesi, Indonesia",-5.75838888888889,123.893388888889,,,,
GCBD4001,Reef Check site #4001,"South East Sulawesi, Indonesia",-5.75586111111111,123.893055555556,,,,
GCBD4255,Reef Check site #4255,"South East Sulawesi, Indonesia",-5.75416666666667,123.992583333333,,,,
GCBD4002,Reef Check site #4002,"South East Sulawesi, Indonesia",-5.75291666666667,123.890527777778,,,,
GCBD4003,Reef Check site #4003,"Banten, Indonesia",-5.75116666666667,106.061888888889,,,,
GCBD4004,Reef Check site #4004,"South East Sulawesi, Indonesia",-5.75,123.883333333333,,,,
GCBD4005,Reef Check site #4005,"Jakarta, Indonesia",-5.74938888888889,106.60925,,,,
GCBD4006,Reef Check site #4006,"Jakarta, Indonesia",-5.74719444444444,106.619444444444,,,,
GCBD9902,Kembar Island,"Central Java, Indonesia",-5.743575,110.19561,,,,
GCBD9903,Bengkoang Island,"Central Java, Indonesia",-5.74239,110.41747,,,,
GCBD4256,Reef Check site #4256,"South East Sulawesi, Indonesia",-5.73775,123.890888888889,,,,
GCBD4007,Reef Check site #4007,"South East Sulawesi, Indonesia",-5.73463888888889,123.734638888889,,,,
GCBD4008,Reef Check site #4008,"Jakarta, Indonesia",-5.73336111111111,106.551444444444,,,,
GCBD4009,Reef Check site #4009,"South East Sulawesi, Indonesia",-5.73319444444444,123.892138888889,,,,
GCBD4010,Reef Check site #4010,"Jakarta, Indonesia",-5.73219444444444,106.566222222222,,,,
GCBD4011,Reef Check site #4011,"Jakarta, Indonesia",-5.73086111111111,106.566083333333,,,,
GCBD4257,Reef Check site #4257,"South East Sulawesi, Indonesia",-5.72977777777778,123.892805555556,,,,
GCBD4012,Reef Check site #4012,"South East Sulawesi, Indonesia",-5.72916666666667,123.890833333333,,,,
GCBD4013,Reef Check site #4013,"Jakarta, Indonesia",-5.72822222222222,106.565944444444,,,,
GCBD4014,Reef Check site #4014,"Jakarta, Indonesia",-5.72808333333333,106.565833333333,,,,
GCBD4258,Reef Check site #4258,"South East Sulawesi, Indonesia",-5.72513888888889,123.892027777778,,,,
GCBD4015,Reef Check site #4015,"South East Sulawesi, Indonesia",-5.72386111111111,123.897305555556,,,,
GCBD4016,Reef Check site #4016,"South East Sulawesi, Indonesia",-5.72305555555556,123.893444444444,,,,
GCBD4017,Reef Check site #4017,"South East Sulawesi, Indonesia",-5.71511111111111,123.9075,,,,
GCBD4018,Reef Check site #4018,"Lampung, Indonesia",-5.66444444444444,105.236944444444,,,,
GCBD4259,Reef Check site #4259,"South East Sulawesi, Indonesia",-5.64866666666667,124.042361111111,,,,
GCBD4260,Reef Check site #4260,"South East Sulawesi, Indonesia",-5.64791666666667,124.042305555556,,,,
GCBD4261,Reef Check site #4261,"South East Sulawesi, Indonesia",-5.6475,124.041666666667,,,,
GCBD4019,Reef Check site #4019,"Jakarta, Indonesia",-5.61111111111111,106.588611111111,,,,
GCBD4020,Reef Check site #4020,"South East Sulawesi, Indonesia",-5.61083333333333,123.521388888889,,,,
GCBD4262,Reef Check site #4262,"Jakarta, Indonesia",-5.60972222222222,106.563888888889,,,,
GCBD4021,Reef Check site #4021,"Jakarta, Indonesia",-5.60844444444444,106.580027777778,,,,
GCBD4022,Reef Check site #4022,"Jakarta, Indonesia",-5.60611111111111,106.567805555556,,,,
GCBD4023,Reef Check site #4023,"South Sulawesi, Indonesia",-5.606,119.491361111111,,,,
GCBD4024,Reef Check site #4024,"Jakarta, Indonesia",-5.60561111111111,106.604444444444,,,,
GCBD4263,Reef Check site #4263,"Jakarta, Indonesia",-5.59444444444444,106.552777777778,,,,
GCBD4264,Reef Check site #4264,"South East Sulawesi, Indonesia",-5.59111111111111,123.777777777778,,,,
GCBD4026,Reef Check site #4026,"South East Sulawesi, Indonesia",-5.59033333333333,123.52575,,,,
GCBD4027,Reef Check site #4027,"South East Sulawesi, Indonesia",-5.586,123.777638888889,,,,
GCBD4028,Reef Check site #4028,"South East Sulawesi, Indonesia",-5.57422222222222,123.770138888889,,,,
GCBD4029,Reef Check site #4029,"South East Sulawesi, Indonesia",-5.56997222222222,123.765722222222,,,,
GCBD4265,Reef Check site #4265,"South East Sulawesi, Indonesia",-5.56861111111111,123.763055555556,,,,
GCBD4030,Reef Check site #4030,"South East Sulawesi, Indonesia",-5.55272222222222,123.747527777778,,,,
GCBD4031,Reef Check site #4031,"South East Sulawesi, Indonesia",-5.54880555555556,123.744166666667,,,,
GCBD4032,Reef Check site #4032,"Jakarta, Indonesia",-5.54166666666667,106.522222222222,,,,
GCBD4266,Reef Check site #4266,"South East Sulawesi, Indonesia",-5.53327777777778,123.725944444444,,,,
GCBD3853,Donner site #3853,"Banten, Indonesia",-5.5167,106.4833,,,,
GCBD4267,Reef Check site #4267,"South East Sulawesi, Indonesia",-5.50194444444444,123.700277777778,,,,
GCBD4033,Reef Check site #4033,"South East Sulawesi, Indonesia",-5.49633333333333,123.695833333333,,,,
GCBD4034,Reef Check site #4034,"South East Sulawesi, Indonesia",-5.49313888888889,123.694333333333,,,,
GCBD4268,Reef Check site #4268,"South East Sulawesi, Indonesia",-5.48291666666667,123.749166666667,,,,
GCBD4269,Reef Check site #4269,"South East Sulawesi, Indonesia",-5.48277777777778,123.749166666667,,,,
GCBD4270,Reef Check site #4270,"South East Sulawesi, Indonesia",-5.48230555555556,123.754,,,,
GCBD4271,Reef Check site #4271,"South East Sulawesi, Indonesia",-5.47952777777778,123.741611111111,,,,
GCBD4272,Reef Check site #4272,"South East Sulawesi, Indonesia",-5.47641666666667,123.757277777778,,,,
GCBD4035,Reef Check site #4035,"South East Sulawesi, Indonesia",-5.47547222222222,123.759083333333,,,,
GCBD4273,Reef Check site #4273,"South East Sulawesi, Indonesia",-5.47455555555556,123.737722222222,,,,
GCBD4036,Reef Check site #4036,"South East Sulawesi, Indonesia",-5.47388888888889,123.731111111111,,,,
GCBD4037,Reef Check site #4037,"South East Sulawesi, Indonesia",-5.47333333333333,123.7575,,,,
GCBD4274,Reef Check site #4274,"South East Sulawesi, Indonesia",-5.47333333333333,123.760277777778,,,,
GCBD4275,Reef Check site #4275,"South East Sulawesi, Indonesia",-5.4715,123.756666666667,,,,
GCBD4276,Reef Check site #4276,"South East Sulawesi, Indonesia",-5.47113888888889,123.722555555556,,,,
GCBD4277,Reef Check site #4277,"South East Sulawesi, Indonesia",-5.47111111111111,123.724166666667,,,,
GCBD4278,Reef Check site #4278,"South East Sulawesi, Indonesia",-5.47097222222222,123.680111111111,,,,
GCBD4038,Reef Check site #4038,"South Sulawesi, Indonesia",-5.47075,119.22375,,,,
GCBD4039,Reef Check site #4039,"South East Sulawesi, Indonesia",-5.47,123.741666666667,,,,
GCBD4040,Reef Check site #4040,"South East Sulawesi, Indonesia",-5.46936111111111,123.720194444444,,,,
GCBD4279,Reef Check site #4279,"South East Sulawesi, Indonesia",-5.46922222222222,123.719777777778,,,,
GCBD4041,Reef Check site #4041,"South East Sulawesi, Indonesia",-5.46822222222222,123.736277777778,,,,
GCBD4042,Reef Check site #4042,"South Sulawesi, Indonesia",-5.46683333333333,119.244,,,,
GCBD4043,Reef Check site #4043,"South East Sulawesi, Indonesia",-5.46333333333333,123.463333333333,,,,
GCBD4044,Reef Check site #4044,"South East Sulawesi, Indonesia",-5.46322222222222,123.308055555556,,,,
GCBD4045,Reef Check site #4045,"South East Sulawesi, Indonesia",-5.462,123.711444444444,,,,
GCBD4046,Reef Check site #4046,"South East Sulawesi, Indonesia",-5.46166666666667,123.753166666667,,,,
GCBD4047,Reef Check site #4047,"South East Sulawesi, Indonesia",-5.46111111111111,123.752777777778,,,,
GCBD4048,Reef Check site #4048,"South East Sulawesi, Indonesia",-5.45947222222222,123.752972222222,,,,
GCBD4280,Reef Check site #4280,"South East Sulawesi, Indonesia",-5.4575,123.732666666667,,,,
GCBD4049,Reef Check site #4049,"South East Sulawesi, Indonesia",-5.45719444444444,123.706861111111,,,,
GCBD4281,Reef Check site #4281,"South East Sulawesi, Indonesia",-5.45316666666667,123.754166666667,,,,
GCBD4050,Reef Check site #4050,"South East Sulawesi, Indonesia",-5.44927777777778,123.765472222222,,,,
GCBD4051,Reef Check site #4051,"South East Sulawesi, Indonesia",-5.44833333333333,123.748666666667,,,,
GCBD4053,Reef Check site #4053,"South Sulawesi, Indonesia",-5.44441666666667,119.225972222222,,,,
GCBD4282,Reef Check site #4282,"South East Sulawesi, Indonesia",-5.44277777777778,123.756388888889,,,,
GCBD4054,Reef Check site #4054,"South East Sulawesi, Indonesia",-5.44275,123.752305555556,,,,
GCBD4055,Reef Check site #4055,"South East Sulawesi, Indonesia",-5.42861111111111,123.59525,,,,
GCBD4056,Reef Check site #4056,"South East Sulawesi, Indonesia",-5.38602777777778,123.557027777778,,,,
GCBD4057,Reef Check site #4057,"South East Sulawesi, Indonesia",-5.38141666666667,123.52125,,,,
GCBD4058,Reef Check site #4058,"South East Sulawesi, Indonesia",-5.36802777777778,123.485638888889,,,,
GCBD4158,Donner site #4158,"South East Sulawesi, Indonesia",-5.368,123.548,,,,
GCBD4283,Reef Check site #4283,"South East Sulawesi, Indonesia",-5.34455555555556,123.527972222222,,,,
GCBD4284,Reef Check site #4284,"South East Sulawesi, Indonesia",-5.33922222222222,123.456638888889,,,,
GCBD4059,Reef Check site #4059,"South Sulawesi, Indonesia",-5.33886111111111,119.338861111111,,,,
GCBD4060,Reef Check site #4060,"South East Sulawesi, Indonesia",-5.33830555555556,123.504361111111,,,,
GCBD4061,Reef Check site #4061,"South East Sulawesi, Indonesia",-5.338,123.506111111111,,,,
GCBD4062,Reef Check site #4062,"South East Sulawesi, Indonesia",-5.3325,123.455,,,,
GCBD4063,Reef Check site #4063,"South East Sulawesi, Indonesia",-5.32580555555556,123.489444444444,,,,
GCBD4285,Reef Check site #4285,"South East Sulawesi, Indonesia",-5.32552777777778,123.490305555556,,,,
GCBD4064,Reef Check site #4064,"South East Sulawesi, Indonesia",-5.32461111111111,123.463138888889,,,,
GCBD4286,Reef Check site #4286,"South East Sulawesi, Indonesia",-5.32263888888889,123.472388888889,,,,
GCBD4287,Reef Check site #4287,"South East Sulawesi, Indonesia",-5.32255555555556,123.478027777778,,,,
GCBD4065,Reef Check site #4065,"South East Sulawesi, Indonesia",-5.31302777777778,123.524833333333,,,,
GCBD4288,Reef Check site #4288,"South East Sulawesi, Indonesia",-5.29972222222222,123.520833333333,,,,
GCBD4289,Reef Check site #4289,"South East Sulawesi, Indonesia",-5.29852777777778,123.521,,,,
GCBD4290,Reef Check site #4290,"South East Sulawesi, Indonesia",-5.27505555555556,123.519388888889,,,,
GCBD4291,Reef Check site #4291,"South East Sulawesi, Indonesia",-5.27402777777778,123.51975,,,,
GCBD4292,Reef Check site #4292,"South East Sulawesi, Indonesia",-5.27113888888889,123.517972222222,,,,
GCBD4067,Reef Check site #4067,"South East Sulawesi, Indonesia",-5.27108333333333,123.518527777778,,,,
GCBD4293,Reef Check site #4293,"South East Sulawesi, Indonesia",-5.27055555555556,123.5175,,,,
GCBD4068,Reef Check site #4068,"South East Sulawesi, Indonesia",-5.27027777777778,123.524722222222,,,,
GCBD4294,Reef Check site #4294,"South East Sulawesi, Indonesia",-5.25733333333333,123.52,,,,
GCBD4295,Reef Check site #4295,"South East Sulawesi, Indonesia",-5.24647222222222,123.54925,,,,
GCBD4296,Reef Check site #4296,"South East Sulawesi, Indonesia",-5.24497222222222,123.556361111111,,,,
GCBD4297,Reef Check site #4297,"South East Sulawesi, Indonesia",-5.23972222222222,123.556944444444,,,,
GCBD4069,Reef Check site #4069,"South Sulawesi, Indonesia",-5.12775,119.343944444444,,,,
GCBD4070,Reef Check site #4070,"South Sulawesi, Indonesia",-5.12555555555555,119.339166666667,,,,
GCBD4298,Reef Check site #4298,"South Sulawesi, Indonesia",-5.08947222222222,119.317388888889,,,,
GCBD4071,Reef Check site #4071,"South Sulawesi, Indonesia",-5.08572222222222,119.315444444444,,,,
GCBD4072,Reef Check site #4072,"South Sulawesi, Indonesia",-5.07847222222222,119.321055555556,,,,
GCBD4299,Reef Check site #4299,"South Sulawesi, Indonesia",-5.07666666666667,119.318833333333,,,,
GCBD4300,Reef Check site #4300,"South Sulawesi, Indonesia",-5.05333333333333,119.331555555556,,,,
GCBD4073,Reef Check site #4073,"South Sulawesi, Indonesia",-5.04969444444444,119.323555555556,,,,
GCBD4074,Reef Check site #4074,"South Sulawesi, Indonesia",-5.04936111111111,119.3305,,,,
GCBD4075,Reef Check site #4075,"South Sulawesi, Indonesia",-5.04933333333333,119.329416666667,,,,
GCBD4076,Reef Check site #4076,"South Sulawesi, Indonesia",-5.04711111111111,119.326888888889,,,,
GCBD4301,Reef Check site #4301,"South Sulawesi, Indonesia",-5.04158333333333,119.326972222222,,,,
GCBD4077,Reef Check site #4077,"South Sulawesi, Indonesia",-5.03625,119.097583333333,,,,
GCBD4078,Reef Check site #4078,"South Sulawesi, Indonesia",-4.98222222222222,119.0795,,,,
GCBD9904,Pulau Badi,"South Sulawesi, Indonesia",-4.9720167,119.284125,,,,
GCBD4177,Badi Island,"South Sulawesi, Indonesia",-4.972,119.284,,,,
GCBD4170,Donner site #4170,"South Sulawesi, Indonesia",-4.96,119.28,,,,
GCBD9905,Pulau Bontosua,"South Sulawesi, Indonesia",-4.9211833,119.3170861,,,,
GCBD4079,Reef Check site #4079,"South Sulawesi, Indonesia",-4.70138888888889,118.951666666667,,,,
GCBD4080,Reef Check site #4080,"South Sulawesi, Indonesia",-4.69744444444444,118.9645,,,,
GCBD4081,Reef Check site #4081,"South Sulawesi, Indonesia",-4.66330555555556,119.44675,,,,
GCBD15522,Tanjung Buton,"Maluku, Indonesia",-4.60222222222222,130.049444444444,,,,
GCBD4302,Reef Check site #4302,"Maluku, Indonesia",-4.59722222222222,129.668055555556,,,,
GCBD15523,Tanjung Tuturuga,"Maluku, Indonesia",-4.59222222222222,130.029166666667,,,,
GCBD15524,Tanjung Kerbau,"Maluku, Indonesia",-4.57916666666667,129.455277777778,,,,
GCBD4303,Reef Check site #4303,"Maluku, Indonesia",-4.57805555555556,130.035833333333,,,,
GCBD15525,Tanjung Nama,"Maluku, Indonesia",-4.56333333333333,129.87,,,,
GCBD15526,Batu Belanda,"Maluku, Indonesia",-4.55416666666667,129.860555555556,,,,
GCBD15527,Banda Besar 4.55,"Maluku, Indonesia",-4.54977777777778,129.955916666667,,,,
GCBD15528,Tanjung Karbau,"Maluku, Indonesia",-4.54419444444444,129.955166666667,,,,
GCBD15529,Banda Besar 4.4,"Maluku, Indonesia",-4.53669444444444,129.953805555556,,,,
GCBD4304,Reef Check site #4304,"Maluku, Indonesia",-4.53027777777778,129.9525,,,,
GCBD4082,Reef Check site #4082,"Maluku, Indonesia",-4.52972222222222,129.953611111111,,,,
GCBD15530,Bandara,"Maluku, Indonesia",-4.52805555555556,129.908333333333,,,,
GCBD15531,Ai Pohon 3,"Maluku, Indonesia",-4.528,129.764805555556,,,,
GCBD15532,Banda Besar 4.25,"Maluku, Indonesia",-4.52772222222222,129.95075,,,,
GCBD15533,Banda Besar 4.2,"Maluku, Indonesia",-4.52558333333333,129.949777777778,,,,
GCBD4305,Reef Check site #4305,"Maluku, Indonesia",-4.525,129.785277777778,,,,
GCBD15534,Belakang Selamon,"Maluku, Indonesia",-4.52147222222222,129.945305555556,,,,
GCBD15535,Rata Eyo,"Maluku, Indonesia",-4.51747222222222,129.946138888889,,,,
GCBD15536,Banda Besar 4.05,"Maluku, Indonesia",-4.51380555555556,129.944694444444,,,,
GCBD4306,Reef Check site #4306,"Maluku, Indonesia",-4.51305555555556,129.944722222222,,,,
GCBD4307,Reef Check site #4307,"Maluku, Indonesia",-4.5125,129.908333333333,,,,
GCBD4308,Reef Check site #4308,"Maluku, Indonesia",-4.5125,129.938333333333,,,,
GCBD4372,Reef Check site #4372,"Maluku, Indonesia",-4.51138888888889,129.871111111111,,,,
GCBD4309,Reef Check site #4309,"Maluku, Indonesia",-4.51055555555556,129.946388888889,,,,
GCBD4083,Reef Check site #4083,"Maluku, Indonesia",-4.50527777777778,129.879444444444,,,,
GCBD15537,Lampu Merah,"Maluku, Indonesia",-4.50211111111111,129.894277777778,,,,
GCBD4310,Reef Check site #4310,"Maluku, Indonesia",-4.49916666666667,129.9375,,,,
GCBD4311,Reef Check site #4311,"Maluku, Indonesia",-4.49777777777778,129.938333333333,,,,
GCBD4312,Reef Check site #4312,"Maluku, Indonesia",-4.49638888888889,129.933888888889,,,,
GCBD4084,Reef Check site #4084,"Maluku, Indonesia",-4.48722222222222,129.930277777778,,,,
GCBD15538,Tanjung Tuturuga,"Maluku, Indonesia",-4.45888888888889,130.029166666667,,,,
GCBD15539,Gunung Api SE,"Maluku, Indonesia",-4.39333333333333,129.345833333333,,,,
GCBD15540,Manukang,"Maluku, Indonesia",-4.32333333333333,129.71,,,,
GCBD4085,Reef Check site #4085,"South East Sulawesi, Indonesia",-4.05897222222222,122.795805555556,,,,
GCBD4086,Reef Check site #4086,"South East Sulawesi, Indonesia",-4.03888888888889,122.677777777778,,,,
GCBD4087,Reef Check site #4087,"South East Sulawesi, Indonesia",-4.03611111111111,122.778888888889,,,,
GCBD4088,Reef Check site #4088,"South East Sulawesi, Indonesia",-3.99766666666667,122.954833333333,,,,
GCBD4089,Reef Check site #4089,"South East Sulawesi, Indonesia",-3.9835,122.954833333333,,,,
GCBD4090,Reef Check site #4090,"Maluku, Indonesia",-3.96666666666667,128.216666666667,,,,
GCBD4313,Reef Check site #4313,"South East Sulawesi, Indonesia",-3.95369444444444,122.649416666667,,,,
GCBD4314,Reef Check site #4314,"South East Sulawesi, Indonesia",-3.94308333333333,122.653722222222,,,,
GCBD4315,Reef Check site #4315,"South East Sulawesi, Indonesia",-3.93955555555556,122.659361111111,,,,
GCBD4091,Reef Check site #4091,"South East Sulawesi, Indonesia",-3.93638888888889,122.649055555556,,,,
GCBD4092,Reef Check site #4092,"South East Sulawesi, Indonesia",-3.93369444444444,122.650666666667,,,,
GCBD4093,Reef Check site #4093,"South East Sulawesi, Indonesia",-3.89375,122.588944444444,,,,
GCBD4316,Reef Check site #4316,"South East Sulawesi, Indonesia",-3.88166666666667,122.820972222222,,,,
GCBD4317,Reef Check site #4317,"South East Sulawesi, Indonesia",-3.87952777777778,122.816666666667,,,,
GCBD4318,Reef Check site #4318,"South East Sulawesi, Indonesia",-3.87558333333333,122.8295,,,,
GCBD4319,Reef Check site #4319,"South East Sulawesi, Indonesia",-3.87419444444444,122.820722222222,,,,
GCBD4094,Reef Check site #4094,"South East Sulawesi, Indonesia",-3.59002777777778,122.589277777778,,,,
GCBD4095,Reef Check site #4095,"Maluku, Indonesia",-3.46666666666667,127.966666666667,,,,
GCBD4096,Reef Check site #4096,"Papua, Indonesia",-3.28841666666667,135.092583333333,,,,
GCBD4097,Reef Check site #4097,"Papua, Indonesia",-3.22613888888889,135.082472222222,,,,
GCBD4320,Reef Check site #4320,"Papua, Indonesia",-3.10183333333333,135.623277777778,,,,
GCBD4321,Reef Check site #4321,"Papua, Indonesia",-3.09072222222222,135.563444444444,,,,
GCBD4098,Reef Check site #4098,"Papua, Indonesia",-3.00247222222222,135.054833333333,,,,
GCBD4322,Reef Check site #4322,"Papua, Indonesia",-2.94125,135.6675,,,,
GCBD4323,Reef Check site #4323,"South Sulawesi, Indonesia",-2.7395,120.823888888889,,,,
GCBD4099,Reef Check site #4099,"West Sumatra, Indonesia",-2.38222222222222,99.8382222222222,,,,
GCBD4100,Reef Check site #4100,"West Sumatra, Indonesia",-2.2168,99.512,,,,
GCBD4102,Reef Check site #4102,"West Sulawesi, Indonesia",-2.08552777777778,118.396,,,,
GCBD4103,Reef Check site #4103,"West Sulawesi, Indonesia",-2.08338,118.401,,,,
GCBD4104,Reef Check site #4104,"West Sumatra, Indonesia",-1.90006666666667,99.3127777777778,,,,
GCBD4105,Reef Check site #4105,"West Sumatra, Indonesia",-1.74666666666667,99.2781944444444,,,,
GCBD4106,Reef Check site #4106,"North Maluku, Indonesia",-1.62083333333333,124.753611111111,,,,
GCBD4107,Reef Check site #4107,"North Maluku, Indonesia",-1.61963888888889,124.800944444444,,,,
GCBD4108,Reef Check site #4108,"North Maluku, Indonesia",-1.60111111111111,124.7675,,,,
GCBD4109,Reef Check site #4109,"North Maluku, Indonesia",-1.39305555555556,124.533888888889,,,,
GCBD4110,Reef Check site #4110,"North Maluku, Indonesia",-1.38908333333333,124.564777777778,,,,
GCBD4111,Reef Check site #4111,"North Maluku, Indonesia",-1.38763888888889,124.556083333333,,,,
GCBD4112,Reef Check site #4112,"North Maluku, Indonesia",-1.38583333333333,124.534111111111,,,,
GCBD4113,Reef Check site #4113,"North Maluku, Indonesia",-1.38111111111111,124.537777777778,,,,
GCBD4114,Reef Check site #4114,"West Sumatra, Indonesia",-1.13388888888889,100.353333333333,,,,
GCBD3856,Donner site #3856,"East Kalimantan, Indonesia",-1.0912,117.1308,,,,
GCBD4324,Reef Check site #4324,"Central Sulawesi, Indonesia",-1.07252777777778,121.329583333333,,,,
GCBD4325,Reef Check site #4325,"West Sumatra, Indonesia",-0.992388888888889,100.342333333333,,,,
GCBD4326,Reef Check site #4326,"Central Sulawesi, Indonesia",-0.914722222222222,121.663333333333,,,,
GCBD4327,Reef Check site #4327,"Central Sulawesi, Indonesia",-0.894694444444444,121.493,,,,
GCBD4328,Reef Check site #4328,"Central Sulawesi, Indonesia",-0.872888888888889,121.668638888889,,,,
GCBD4329,Reef Check site #4329,"Central Sulawesi, Indonesia",-0.863861111111111,121.668111111111,,,,
GCBD4330,Reef Check site #4330,"Central Sulawesi, Indonesia",-0.853333333333333,121.667777777778,,,,
GCBD4115,Reef Check site #4115,"Central Sulawesi, Indonesia",-0.839,121.592694444444,,,,
GCBD4174,Parigi,"Central Sulawesi, Indonesia",-0.836,120.199,,,,
GCBD4331,Reef Check site #4331,"Central Sulawesi, Indonesia",-0.831111111111111,121.590555555556,,,,
GCBD4116,Reef Check site #4116,"Central Sulawesi, Indonesia",-0.8175,121.613333333333,,,,
GCBD4117,Reef Check site #4117,"Central Sulawesi, Indonesia",-0.811027777777778,121.621166666667,,,,
GCBD4118,Reef Check site #4118,"Central Sulawesi, Indonesia",-0.747722222222222,119.855861111111,,,,
GCBD4332,Reef Check site #4332,"Central Sulawesi, Indonesia",-0.735555555555556,119.778888888889,,,,
GCBD4119,Reef Check site #4119,"Central Sulawesi, Indonesia",-0.726416666666667,119.854444444444,,,,
GCBD4333,Reef Check site #4333,"Central Sulawesi, Indonesia",-0.721416666666667,119.857083333333,,,,
GCBD6194,Donner site #6194,"Addu Atoll, Maldives",-0.69,73.183,,,,
GCBD6137,Reef Check site #6137,"Addu Atoll, Maldives",-0.686666666666667,73.1491666666667,,,,
GCBD6138,Reef Check site #6138,"Addu Atoll, Maldives",-0.66,73.1958333333333,,,,
GCBD6139,Reef Check site #6139,"Addu Atoll, Maldives",-0.66,73.2075,,,,
GCBD4120,Reef Check site #4120,"Central Sulawesi, Indonesia",-0.642138888888889,119.73625,,,,
GCBD4121,Reef Check site #4121,"Central Sulawesi, Indonesia",-0.636388888888889,119.744583333333,,,,
GCBD6140,Reef Check site #6140,"Addu Atoll, Maldives",-0.605,73.1616666666667,,,,
GCBD15541,Barefoot Jetty,"West Papua, Indonesia",-0.56475,130.519277777778,,,,
GCBD15542,Main Jetty,"West Papua, Indonesia",-0.563583333333333,130.518833333333,,,,
GCBD15543,Juan's Reef,"West Papua, Indonesia",-0.549583333333333,130.524805555556,,,,
GCBD15544,Juan's Bay,"West Papua, Indonesia",-0.548027777777778,130.522333333333,,,,
GCBD4122,Reef Check site #4122,"Central Sulawesi, Indonesia",-0.425861111111111,122.021527777778,,,,
GCBD4123,Reef Check site #4123,"Central Sulawesi, Indonesia",-0.423888888888889,121.022194444444,,,,
GCBD4190,Donner site #4190,"Central Sulawesi, Indonesia",-0.3333,122.0,,,,
GCBD4124,Reef Check site #4124,"Central Sulawesi, Indonesia",-0.318916666666667,121.948638888889,,,,
GCBD4125,Reef Check site #4125,"Central Sulawesi, Indonesia",-0.256944444444444,122.004472222222,,,,
GCBD4126,Reef Check site #4126,"West Sumatra, Indonesia",-0.202111111111111,99.7425555555556,,,,
GCBD4127,Reef Check site #4127,"Central Sulawesi, Indonesia",-0.146555555555556,119.805777777778,,,,
GCBD4334,Reef Check site #4334,"West Sumatra, Indonesia",-0.132305555555556,100.356888888889,,,,
GCBD4335,Reef Check site #4335,"Central Sulawesi, Indonesia",-0.103611111111111,119.773055555556,,,,
GCBD4336,Reef Check site #4336,"Central Sulawesi, Indonesia",-0.0366666666666667,119.742777777778,,,,
GCBD4337,Reef Check site #4337,"Central Sulawesi, Indonesia",-0.0358333333333333,119.794722222222,,,,
GCBD4338,Reef Check site #4338,"Central Sulawesi, Indonesia",0.0433333333333333,119.8725,,,,
GCBD4128,Reef Check site #4128,"Central Sulawesi, Indonesia",0.0852222222222222,119.623472222222,,,,
GCBD4129,Reef Check site #4129,"Central Sulawesi, Indonesia",0.0891666666666667,119.616583333333,,,,
GCBD4130,Reef Check site #4130,"Central Sulawesi, Indonesia",0.0913888888888889,119.623888888889,,,,
GCBD4339,Reef Check site #4339,"Central Sulawesi, Indonesia",0.0936111111111111,119.8625,,,,
GCBD4131,Reef Check site #4131,"Central Sulawesi, Indonesia",0.0944444444444444,119.614166666667,,,,
GCBD4132,Reef Check site #4132,"Central Sulawesi, Indonesia",0.096,119.615194444444,,,,
GCBD4133,Reef Check site #4133,"Central Sulawesi, Indonesia",0.139888888888889,119.808388888889,,,,
GCBD4134,Reef Check site #4134,"Central Sulawesi, Indonesia",0.150138888888889,119.799111111111,,,,
GCBD4340,Reef Check site #4340,"Papua, Indonesia",0.167611111111111,130.015694444444,,,,
GCBD4167,Donner site #4167,"Central Sulawesi, Indonesia",0.77,120.14,,,,
GCBD4135,Reef Check site #4135,"North Sumatra, Indonesia",0.833333333333333,97.0,,,,
GCBD4341,Reef Check site #4341,"North Sumatra, Indonesia",0.874166666666667,97.3725,,,,
GCBD4342,Reef Check site #4342,"North Sumatra, Indonesia",0.918277777777778,97.4330833333333,,,,
GCBD4187,Donner site #4187,"Riau Islands, Indonesia",1.0,104.79,,,,
GCBD4188,Donner site #4188,"Riau Islands, Indonesia",1.05,104.71,,,,
GCBD4191,Donner site #4191,"Gorontalo, Indonesia",1.1385,122.35,,,,
GCBD4137,Reef Check site #4137,"Riau Islands, Indonesia",1.18363888888889,104.316694444444,,,,
GCBD4138,Reef Check site #4138,"Riau Islands, Indonesia",1.19861111111111,104.530555555556,,,,
GCBD4139,Reef Check site #4139,"Riau Islands, Indonesia",1.20413888888889,104.395055555556,,,,
GCBD4140,Reef Check site #4140,"Riau Islands, Indonesia",1.2125,104.534722222222,,,,
GCBD4141,Reef Check site #4141,"Riau Islands, Indonesia",1.21580555555556,104.539277777778,,,,
GCBD7832,Donner site #7832,"Singapore Strait, Singapore",1.2361,103.82,,,,
GCBD4142,Reef Check site #4142,"Riau Islands, Indonesia",1.23861111111111,104.578333333333,,,,
GCBD4143,Reef Check site #4143,"Riau Islands, Indonesia",1.23888888888889,104.569444444444,,,,
GCBD4144,Reef Check site #4144,"Riau Islands, Indonesia",1.24552777777778,104.565916666667,,,,
GCBD7833,Donner site #7833,"Singapore Strait, Singapore",1.2833,103.8667,,,,
GCBD4145,Reef Check site #4145,"North Sulawesi, Indonesia",1.40083333333333,124.644444444444,,,,
GCBD4343,Reef Check site #4343,"North Sumatra, Indonesia",1.41083333333333,97.1730555555556,,,,
GCBD4344,Reef Check site #4344,"North Sumatra, Indonesia",1.41083333333333,97.6106944444444,,,,
GCBD4345,Reef Check site #4345,"North Sumatra, Indonesia",1.43555555555556,97.1686111111111,,,,
GCBD4146,Reef Check site #4146,"North Sulawesi, Indonesia",1.50183333333333,125.262055555556,,,,
GCBD4147,Reef Check site #4147,"North Sulawesi, Indonesia",1.55136111111111,124.804055555556,,,,
GCBD4148,Reef Check site #4148,"North Sulawesi, Indonesia",1.55675,124.801805555556,,,,
GCBD4149,Reef Check site #4149,"North Sulawesi, Indonesia",1.60833333333333,124.73975,,,,
GCBD4193,Donner site #4193,"North Sulawesi, Indonesia",1.6142,124.73,,,,
GCBD4346,Reef Check site #4346,"North Sulawesi, Indonesia",1.62672222222222,124.875222222222,,,,
GCBD4192,Donner site #4192,"North Sulawesi, Indonesia",1.6333,124.7667,,,,
GCBD4150,Reef Check site #4150,"North Sumatra, Indonesia",1.64402777777778,98.5948888888889,,,,
GCBD4347,Reef Check site #4347,"North Sumatra, Indonesia",1.6675,98.4991666666667,,,,
GCBD4348,Reef Check site #4348,"North Sumatra, Indonesia",1.67472222222222,98.7697222222222,,,,
GCBD4349,Reef Check site #4349,"North Sumatra, Indonesia",1.70583333333333,98.4733333333333,,,,
GCBD4151,Reef Check site #4151,"North Sumatra, Indonesia",1.71438888888889,98.7618888888889,,,,
GCBD5827,Reef Check site #5827,"Sarawak, Malaysia",1.73352777777778,110.083444444444,,,,
GCBD5828,Reef Check site #5828,"Sarawak, Malaysia",1.73638888888889,110.085,,,,
GCBD4350,Reef Check site #4350,"North Sulawesi, Indonesia",1.7375,125.151944444444,,,,
GCBD4351,Reef Check site #4351,"North Sulawesi, Indonesia",1.74,125.143888888889,,,,
GCBD4352,Reef Check site #4352,"North Sulawesi, Indonesia",1.75111111111111,125.133055555556,,,,
GCBD4353,Reef Check site #4353,"North Sulawesi, Indonesia",1.76972222222222,125.046666666667,,,,
GCBD4354,Reef Check site #4354,"North Sulawesi, Indonesia",1.77472222222222,125.048611111111,,,,
GCBD5829,Reef Check site #5829,"Sarawak, Malaysia",1.78305555555556,110.167361111111,,,,
GCBD5830,Reef Check site #5830,"Sarawak, Malaysia",1.78669444444444,110.157916666667,,,,
GCBD5831,Reef Check site #5831,"Sarawak, Malaysia",1.78752777777778,110.162055555556,,,,
GCBD4355,Reef Check site #4355,"North Sulawesi, Indonesia",1.79138888888889,125.120555555556,,,,
GCBD4152,Reef Check site #4152,"North Sulawesi, Indonesia",1.82922222222222,125.122972222222,,,,
GCBD4356,Reef Check site #4356,"North Sulawesi, Indonesia",1.84583333333333,125.098888888889,,,,
GCBD5832,Reef Check site #5832,"Sarawak, Malaysia",1.87841666666667,109.759916666667,,,,
GCBD5833,Reef Check site #5833,"Sarawak, Malaysia",1.89419444444444,109.770416666667,,,,
GCBD5834,Reef Check site #5834,"Sarawak, Malaysia",1.89461111111111,109.766388888889,,,,
GCBD5835,Reef Check site #5835,"Sarawak, Malaysia",1.91594444444444,109.774416666667,,,,
GCBD5836,Reef Check site #5836,"Sarawak, Malaysia",1.91758333333333,109.779944444444,,,,
GCBD4153,Reef Check site #4153,"North Sumatra, Indonesia",1.96844444444444,98.3471944444444,,,,
GCBD4357,Reef Check site #4357,"Aceh, Indonesia",2.09125,97.0823888888889,,,,
GCBD4358,Reef Check site #4358,"Aceh, Indonesia",2.11233333333333,97.09325,,,,
GCBD4154,Reef Check site #4154,"Aceh, Indonesia",2.11666666666667,96.6666666666667,,,,
GCBD5522,Reef Check site #5522,"Johor, Malaysia",2.17288888888889,104.112027777778,,,,
GCBD5523,Reef Check site #5523,"Johor, Malaysia",2.17827777777778,104.109222222222,,,,
GCBD5837,Reef Check site #5837,"Johor, Malaysia",2.18355555555556,104.095722222222,,,,
GCBD5524,Reef Check site #5524,"Johor, Malaysia",2.184,104.106833333333,,,,
GCBD5525,Reef Check site #5525,"Johor, Malaysia",2.18780555555556,104.098138888889,,,,
GCBD6223,Donner site #6223,"Thaa Atoll, Maldives",2.19,72.92,,,,
GCBD4155,Reef Check site #4155,"East Kalimantan, Indonesia",2.20277777777778,118.238888888889,,,,
GCBD5518,Donner site #5518,"Johor, Malaysia",2.22,104.07,,,,
GCBD5526,Reef Check site #5526,"Johor, Malaysia",2.22611111111111,104.053055555556,,,,
GCBD5527,Reef Check site #5527,"Johor, Malaysia",2.231,104.052166666667,,,,
GCBD5838,Reef Check site #5838,"Johor, Malaysia",2.23452777777778,104.061027777778,,,,
GCBD4359,Reef Check site #4359,"East Kalimantan, Indonesia",2.26166666666667,118.252777777778,,,,
GCBD5528,Reef Check site #5528,"Johor, Malaysia",2.27116666666667,104.127333333333,,,,
GCBD5529,Reef Check site #5529,"Johor, Malaysia",2.27333333333333,104.115666666667,,,,
GCBD4360,Reef Check site #4360,"East Kalimantan, Indonesia",2.28055555555556,118.245,,,,
GCBD5790,Donner site #5790,"Johor, Malaysia",2.282,104.112,,,,
GCBD5519,Donner site #5519,"Johor, Malaysia",2.29,104.12,,,,
GCBD4361,Reef Check site #4361,"Aceh, Indonesia",2.30191666666667,97.3897777777778,,,,
GCBD5530,Reef Check site #5530,"Johor, Malaysia",2.303,104.149,,,,
GCBD4362,Reef Check site #4362,"Aceh, Indonesia",2.30713888888889,97.4007777777778,,,,
GCBD5531,Reef Check site #5531,"Johor, Malaysia",2.31316666666667,104.125833333333,,,,
GCBD5839,Reef Check site #5839,"Johor, Malaysia",2.42869444444444,104.538416666667,,,,
GCBD15545,Teluk Meriam,"Johor, Malaysia",2.44180555555556,104.509527777778,,,,
GCBD5841,Reef Check site #5841,"Johor, Malaysia",2.45219444444444,104.501555555556,,,,
GCBD5842,Reef Check site #5842,"Johor, Malaysia",2.45955555555556,104.487527777778,,,,
GCBD5843,Reef Check site #5843,"Johor, Malaysia",2.45988888888889,104.489305555556,,,,
GCBD5844,Reef Check site #5844,"Johor, Malaysia",2.46119444444444,104.526666666667,,,,
GCBD5845,Reef Check site #5845,"Johor, Malaysia",2.46672222222222,104.533111111111,,,,
GCBD5846,Reef Check site #5846,"Johor, Malaysia",2.4695,104.50775,,,,
GCBD5847,Reef Check site #5847,"Johor, Malaysia",2.46955555555556,104.50925,,,,
GCBD5848,Reef Check site #5848,"Johor, Malaysia",2.47038888888889,104.498805555556,,,,
GCBD5849,Reef Check site #5849,"Johor, Malaysia",2.47119444444444,104.510555555556,,,,
GCBD5850,Reef Check site #5850,"Johor, Malaysia",2.47230555555556,104.513888888889,,,,
GCBD15546,Teluk Batu Kapal,"Johor, Malaysia",2.47280555555556,104.508027777778,,,,
GCBD5532,Reef Check site #5532,"Johor, Malaysia",2.47341666666667,103.961555555556,,,,
GCBD5533,Reef Check site #5533,"Johor, Malaysia",2.4735,103.958888888889,,,,
GCBD5851,Reef Check site #5851,"Johor, Malaysia",2.47752777777778,104.504527777778,,,,
GCBD5852,Reef Check site #5852,"Johor, Malaysia",2.47758333333333,104.503722222222,,,,
GCBD5534,Reef Check site #5534,"Johor, Malaysia",2.48186111111111,103.956416666667,,,,
GCBD15547,"Dragon Rock, Rawa Island","Johor, Malaysia",2.51630555555556,103.976305555556,,,,
GCBD15548,South House Reef,"Johor, Malaysia",2.51761111111111,103.975472222222,,,,
GCBD15549,Rock Bar,"Johor, Malaysia",2.51938888888889,103.973916666667,,,,
GCBD15550,House Reef,"Johor, Malaysia",2.51963888888889,103.974333333333,,,,
GCBD15551,"Northen Garden, Rawa Island","Johor, Malaysia",2.52319444444444,103.972944444444,,,,
GCBD5535,Reef Check site #5535,"Johor, Malaysia",2.52333333333333,103.973611111111,,,,
GCBD15552,"Rocky Islands, Rawa Island","Johor, Malaysia",2.52441666666667,103.9735,,,,
GCBD5853,Reef Check site #5853,"Terengganu, Malaysia",2.54447222222222,103.925083333333,,,,
GCBD5789,Donner site #5789,"Johor, Malaysia",2.563,104.343,,,,
GCBD5854,Reef Check site #5854,"Johor, Malaysia",2.565,104.341944444444,,,,
GCBD5536,Reef Check site #5536,"Johor, Malaysia",2.57061111111111,104.321777777778,,,,
GCBD5855,Reef Check site #5855,"Johor, Malaysia",2.57361111111111,104.325,,,,
GCBD5537,Reef Check site #5537,"Johor, Malaysia",2.57936111111111,104.31575,,,,
GCBD5856,Reef Check site #5856,"Johor, Malaysia",2.58141666666667,104.3375,,,,
GCBD5857,Reef Check site #5857,"Johor, Malaysia",2.5815,104.335333333333,,,,
GCBD5858,Reef Check site #5858,"Johor, Malaysia",2.58175,104.3125,,,,
GCBD5538,Reef Check site #5538,"Johor, Malaysia",2.58444444444444,104.336333333333,,,,
GCBD5539,Reef Check site #5539,"Johor, Malaysia",2.59666666666667,104.32725,,,,
GCBD4363,Reef Check site #4363,"Aceh, Indonesia",2.61402777777778,95.8737777777778,,,,
GCBD5859,Reef Check site #5859,"Pahang, Malaysia",2.66144444444444,104.166444444444,,,,
GCBD5860,Reef Check site #5860,"Pahang, Malaysia",2.66411111111111,104.167277777778,,,,
GCBD5540,Reef Check site #5540,"Pahang, Malaysia",2.66877777777778,104.175305555556,,,,
GCBD5861,Reef Check site #5861,"Johor, Malaysia",2.67169444444444,103.9105,,,,
GCBD5862,Reef Check site #5862,"Johor, Malaysia",2.67238888888889,103.912694444444,,,,
GCBD5863,Reef Check site #5863,"Johor, Malaysia",2.67694444444444,103.902611111111,,,,
GCBD5864,Reef Check site #5864,"Pahang, Malaysia",2.71816666666667,104.208194444444,,,,
GCBD5865,Reef Check site #5865,"Pahang, Malaysia",2.71908333333333,104.151694444444,,,,
GCBD15553,Sanggit,"Pahang, Malaysia",2.72611111111111,104.216944444444,,,,
GCBD5866,Reef Check site #5866,"Pahang, Malaysia",2.73213888888889,104.135416666667,,,,
GCBD5867,Reef Check site #5867,"Pahang, Malaysia",2.73638888888889,104.226111111111,,,,
GCBD5868,Reef Check site #5868,"Pahang, Malaysia",2.74016666666667,104.131638888889,,,,
GCBD5869,Reef Check site #5869,"Pahang, Malaysia",2.74108333333333,104.218055555556,,,,
GCBD5541,Reef Check site #5541,"Pahang, Malaysia",2.74152777777778,104.217805555556,,,,
GCBD5870,Reef Check site #5870,"Pahang, Malaysia",2.74202777777778,104.217722222222,,,,
GCBD5871,Reef Check site #5871,"Pahang, Malaysia",2.75088888888889,104.22025,,,,
GCBD5542,Reef Check site #5542,"Pahang, Malaysia",2.75836111111111,104.199166666667,,,,
GCBD15554,Penut,"Pahang, Malaysia",2.75861111111111,104.222388888889,,,,
GCBD5872,Reef Check site #5872,"Pahang, Malaysia",2.75988888888889,104.221888888889,,,,
GCBD5873,Reef Check site #5873,"Pahang, Malaysia",2.76030555555556,104.220444444444,,,,
GCBD5543,Reef Check site #5543,"Pahang, Malaysia",2.77930555555556,104.212666666667,,,,
GCBD5874,Reef Check site #5874,"Pahang, Malaysia",2.78086111111111,104.210305555556,,,,
GCBD5875,Reef Check site #5875,"Pahang, Malaysia",2.78980555555556,104.116666666667,,,,
GCBD5520,Donner site #5520,"Pahang, Malaysia",2.79,104.17,,,,
GCBD5544,Reef Check site #5544,"Pahang, Malaysia",2.79238888888889,104.123027777778,,,,
GCBD5876,Reef Check site #5876,"Pahang, Malaysia",2.79572222222222,104.214361111111,,,,
GCBD5877,Reef Check site #5877,"Pahang, Malaysia",2.80397222222222,104.209805555556,,,,
GCBD5545,Reef Check site #5545,"Pahang, Malaysia",2.80936111111111,104.135416666667,,,,
GCBD5878,Reef Check site #5878,"Pahang, Malaysia",2.80947222222222,104.135305555556,,,,
GCBD5546,Reef Check site #5546,"Pahang, Malaysia",2.81,104.1365,,,,
GCBD5879,Reef Check site #5879,"Pahang, Malaysia",2.81047222222222,104.135611111111,,,,
GCBD5880,Reef Check site #5880,"Pahang, Malaysia",2.81052777777778,104.136277777778,,,,
GCBD5881,Reef Check site #5881,"Pahang, Malaysia",2.81055555555556,104.135388888889,,,,
GCBD5882,Reef Check site #5882,"Pahang, Malaysia",2.81138888888889,104.136055555556,,,,
GCBD15555,Bahai,"Pahang, Malaysia",2.81269444444444,104.208416666667,,,,
GCBD5781,Donner site #5781,"Pahang, Malaysia",2.814,104.212,,,,
GCBD5883,Reef Check site #5883,"Pahang, Malaysia",2.81502777777778,104.151833333333,,,,
GCBD5547,Reef Check site #5547,"Pahang, Malaysia",2.816,104.151027777778,,,,
GCBD5884,Reef Check site #5884,"Pahang, Malaysia",2.81669444444444,104.150888888889,,,,
GCBD5885,Reef Check site #5885,"Pahang, Malaysia",2.81811111111111,104.153944444444,,,,
GCBD5886,Reef Check site #5886,"Pahang, Malaysia",2.82405555555556,104.188222222222,,,,
GCBD5548,Reef Check site #5548,"Pahang, Malaysia",2.82416666666667,104.157388888889,,,,
GCBD5887,Reef Check site #5887,"Pahang, Malaysia",2.82694444444444,104.157388888889,,,,
GCBD15556,Teluk Dungun,"Pahang, Malaysia",2.83222222222222,104.196083333333,,,,
GCBD15557,Naut,"Pahang, Malaysia",2.84805555555556,104.192333333333,,,,
GCBD15558,Teluk Tarah,"Pahang, Malaysia",2.85944444444444,104.188972222222,,,,
GCBD5549,Reef Check site #5549,"Pahang, Malaysia",2.87427777777778,104.187555555556,,,,
GCBD5888,Reef Check site #5888,"Pahang, Malaysia",2.87461111111111,104.186444444444,,,,
GCBD5550,Reef Check site #5550,"Pahang, Malaysia",2.87466666666667,104.146833333333,,,,
GCBD5889,Reef Check site #5889,"Pahang, Malaysia",2.87494444444444,104.150861111111,,,,
GCBD5551,Reef Check site #5551,"Pahang, Malaysia",2.87586111111111,104.148194444444,,,,
GCBD5890,Reef Check site #5890,"Pahang, Malaysia",2.87602777777778,104.148027777778,,,,
GCBD5891,Reef Check site #5891,"Pahang, Malaysia",2.88838888888889,104.067222222222,,,,
GCBD5552,Reef Check site #5552,"Pahang, Malaysia",2.88863888888889,104.065333333333,,,,
GCBD15559,Beybe's Bellybutton,"Mulak Atoll, Maldives",2.89341666666667,73.4032222222222,,,,
GCBD7153,Donner site #7153,"Pahang, Malaysia",2.894,104.072,,,,
GCBD5892,Reef Check site #5892,"Pahang, Malaysia",2.89794444444444,104.049555555556,,,,
GCBD5553,Reef Check site #5553,"Pahang, Malaysia",2.89805555555556,104.051666666667,,,,
GCBD5893,Reef Check site #5893,"Pahang, Malaysia",2.90019444444444,104.050861111111,,,,
GCBD6141,Reef Check site #6141,"Meemu Atoll, Maldives",2.90027777777778,73.3825,,,,
GCBD5894,Reef Check site #5894,"Pahang, Malaysia",2.90230555555556,104.102472222222,,,,
GCBD5895,Reef Check site #5895,"Pahang, Malaysia",2.90361111111111,104.113333333333,,,,
GCBD5554,Reef Check site #5554,"Pahang, Malaysia",2.90388888888889,104.104388888889,,,,
GCBD5555,Reef Check site #5555,"Pahang, Malaysia",2.91083333333333,104.112555555556,,,,
GCBD5896,Reef Check site #5896,"Pahang, Malaysia",2.91322222222222,104.183411111111,,,,
GCBD5556,Reef Check site #5556,"Pahang, Malaysia",2.91486111111111,104.108444444444,,,,
GCBD5782,Donner site #5782,"Pahang, Malaysia",2.921,104.11,,,,
GCBD5897,Reef Check site #5897,"Pahang, Malaysia",2.93197222222222,104.097138888889,,,,
GCBD5557,Reef Check site #5557,"Pahang, Malaysia",2.93244444444444,104.096916666667,,,,
GCBD6224,Donner site #6224,"Meemu Atoll, Maldives",2.99,73.5,,,,
GCBD6200,Donner site #6200,"Meemu Atoll, Maldives",3.0,73.5,,,,
GCBD6142,Reef Check site #6142,"Meemu Atoll, Maldives",3.10555555555556,73.5661111111111,,,,
GCBD6143,Reef Check site #6143,"Meemu Atoll, Maldives",3.10555555555556,73.6180555555555,,,,
GCBD6196,Donner site #6196,"Faafu Atoll, Maldives",3.203,72.919,,,,
GCBD6144,Reef Check site #6144,"Felidhu Atoll, Maldives",3.22416666666667,73.4334166666667,,,,
GCBD6198,Donner site #6198,"Vaavu Atoll, Maldives",3.225,73.43,,,,
GCBD6205,Donner site #6205,"Faafu Atoll, Maldives",3.2333,72.9333,,,,
GCBD6201,Donner site #6201,"Faafu Atoll, Maldives",3.25,73.0,,,,
GCBD15560,Anabara Reef,"Felidhu Atoll, Maldives",3.37147222222222,73.4403888888889,,,,
GCBD6199,Donner site #6199,"Vaavu Atoll, Maldives",3.425,73.422,,,,
GCBD6145,Reef Check site #6145,"Kudaan'baraa, Maldives",3.435,73.4222222222222,,,,
GCBD15561,Kashavaru Falhu Etere,"Felidhu Atoll, Maldives",3.43830555555556,73.6004166666667,,,,
GCBD6146,Reef Check site #6146,"Felidhu Atoll, Maldives",3.44697222222222,73.5966944444444,,,,
GCBD15562,Kashavaru Falhu,"Felidhu Atoll, Maldives",3.44702777777778,73.5960555555556,,,,
GCBD6195,Donner site #6195,"Vaavu Atoll, Maldives",3.448,73.754,,,,
GCBD6147,Reef Check site #6147,"Felidhu Atoll, Maldives",3.44836111111111,73.7545555555556,,,,
GCBD15563,Fushi Falhu,"Felidhu Atoll, Maldives",3.46594444444444,73.6517222222222,,,,
GCBD6243,Reef Check site #6243,"Ari Atoll, Maldives",3.46983333333333,72.8446666666667,,,,
GCBD6202,Donner site #6202,"Gaafu Dhaalu, Maldives",3.4833,73.4833,,,,
GCBD6244,Reef Check site #6244,"Ari Atoll, Maldives",3.49455555555556,72.8232777777778,,,,
GCBD6148,Reef Check site #6148,"Ari Atoll, Maldives",3.49463888888889,72.8232777777778,,,,
GCBD15564,Dhigurah Wall,"Ari Atoll, Maldives",3.51333333333333,72.9169444444445,,,,
GCBD6149,Reef Check site #6149,"Ari Atoll, Maldives",3.51598333333333,72.9183638888889,,,,
GCBD6245,Reef Check site #6245,"Ari Atoll, Maldives",3.52222222222222,72.8991666666667,,,,
GCBD15565,Dhigurah Outreef,"Ari Atoll, Maldives",3.52777777777778,72.9263888888889,,,,
GCBD6150,Reef Check site #6150,"Ari Atoll, Maldives",3.52977777777778,72.9281111111111,,,,
GCBD15566,Bolikey Falhu,"Felidhu Atoll, Maldives",3.60477777777778,73.5054722222222,,,,
GCBD15567,Dangethi Inner Reef,"Ari Atoll, Maldives",3.60786111111111,72.9477222222222,,,,
GCBD15568,Farish Faru,"Felidhu Atoll, Maldives",3.61963888888889,73.3724166666667,,,,
GCBD6151,Reef Check site #6151,"Ari Atoll, Maldives",3.63055555555556,72.9441666666667,,,,
GCBD6152,Reef Check site #6152,"Ari Atoll, Maldives",3.63222222222222,72.9586111111111,,,,
GCBD15569,Goro Giri,"Felidhu Atoll, Maldives",3.63294444444444,73.3869722222222,,,,
GCBD6153,Reef Check site #6153,"Ari Atoll, Maldives",3.63305555555556,72.9561111111111,,,,
GCBD6154,Reef Check site #6154,"Ari Atoll, Maldives",3.63388888888889,72.9547222222222,,,,
GCBD6155,Reef Check site #6155,"Ari Atoll, Maldives",3.63444444444444,72.9558333333333,,,,
GCBD6156,Reef Check site #6156,"Ari Atoll, Maldives",3.63444444444444,72.9597222222222,,,,
GCBD6246,Reef Check site #6246,"Ari Atoll, Maldives",3.63580555555556,72.9333055555556,,,,
GCBD6247,Reef Check site #6247,"Ari Atoll, Maldives",3.63711111111111,72.9290555555556,,,,
GCBD6157,Reef Check site #6157,"Ari Atoll, Maldives",3.64944444444444,72.8166388888889,,,,
GCBD6158,Reef Check site #6158,"Ari Atoll, Maldives",3.65083333333333,72.8233333333333,,,,
GCBD6248,Reef Check site #6248,"Ari Atoll, Maldives",3.65091666666667,72.8173333333333,,,,
GCBD6159,Reef Check site #6159,"Ari Atoll, Maldives",3.65305555555556,72.8227777777778,,,,
GCBD6160,Reef Check site #6160,"Ari Atoll, Maldives",3.65416666666667,72.7727777777778,,,,
GCBD6249,Reef Check site #6249,"Ari Atoll, Maldives",3.65461111111111,72.8214444444444,,,,
GCBD15570,Kuda Fushi Fari,"Felidhu Atoll, Maldives",3.66144444444444,73.4080277777778,,,,
GCBD6161,Reef Check site #6161,"Ari Atoll, Maldives",3.6625,72.7955555555556,,,,
GCBD15571,Bathi Giri,"Felidhu Atoll, Maldives",3.66311111111111,73.4203055555556,,,,
GCBD15572,Theluveligaa,"Ari Atoll, Maldives",3.66544444444444,72.8990833333333,,,,
GCBD15573,Felidhu Outer,"Felidhu Atoll, Maldives",3.67763888888889,73.4687222222222,,,,
GCBD6162,Reef Check site #6162,"Felidhu Atoll, Maldives",3.67763888888889,73.4691111111111,,,,
GCBD15574,Fulidhoo Caves,"Felidhu Atoll, Maldives",3.68319444444444,73.4153055555556,,,,
GCBD6163,Reef Check site #6163,"Haa Dhaalu Atoll, Maldives",3.70472222222222,72.8688888888889,,,,
GCBD6164,Reef Check site #6164,"Ari Atoll, Maldives",3.73005555555556,72.7581388888889,,,,
GCBD6165,Reef Check site #6165,"Ari Atoll, Maldives",3.73025,72.7606388888889,,,,
GCBD15575,Maavaru Faru Beyru,"Ari Atoll, Maldives",3.73647222222222,72.9817777777778,,,,
GCBD6250,Reef Check site #6250,"Ari Atoll, Maldives",3.78683333333333,72.705,,,,
GCBD6226,Donner site #6226,"Malé Atoll, Maldives",3.8171,73.4243,,,,
GCBD15576,Ranikan outer,"Malé Atoll, Maldives",3.83672222222222,73.3678055555555,,,,
GCBD6251,Reef Check site #6251,"Ari Atoll, Maldives",3.84002777777778,72.7631666666667,,,,
GCBD6252,Reef Check site #6252,"Ari Atoll, Maldives",3.84083333333333,72.7428333333333,,,,
GCBD15577,Maavaru Faru etere,"Ari Atoll, Maldives",3.843,72.7363888888889,,,,
GCBD6253,Reef Check site #6253,"Ari Atoll, Maldives",3.84482222222222,72.7511388888889,,,,
GCBD6254,Reef Check site #6254,"Ari Atoll, Maldives",3.84605555555556,72.7514444444444,,,,
GCBD6206,Donner site #6206,"Alif Alif Atoll, Maldives",3.8756,72.8433,,,,
GCBD15578,Maavaru Faru beyru,"Ari Atoll, Maldives",3.87647222222222,72.7049166666667,,,,
GCBD15579,Guridhoo outer,"Malé Atoll, Maldives",3.88561111111111,73.4686111111111,,,,
GCBD15580,Guraidhoo Corner,"Malé Atoll, Maldives",3.88863888888889,73.469,,,,
GCBD15581,Kandooma Beyru,"Malé Atoll, Maldives",3.90013888888889,73.4761666666667,,,,
GCBD15582,Villivaru Kuda Giri,"Malé Atoll, Maldives",3.90247222222222,73.4417777777778,,,,
GCBD15583,Guraidhoo backreef,"Malé Atoll, Maldives",3.90369444444444,73.4573611111111,,,,
GCBD15584,Villivaru Giri,"Malé Atoll, Maldives",3.90388888888889,73.44475,,,,
GCBD15585,Kubuladhi Inner,"Ari Atoll, Maldives",3.91541666666667,72.9403888888889,,,,
GCBD15586,Kubuladi etere,"Ari Atoll, Maldives",3.917,72.9333055555556,,,,
GCBD6255,Reef Check site #6255,"Malé Atoll, Maldives",3.92472222222222,73.45375,,,,
GCBD15587,Faanu Madugau beyru,"Ari Atoll, Maldives",3.92544444444444,72.9579722222222,,,,
GCBD15588,Faanu Madugau Outer,"Ari Atoll, Maldives",3.92625,72.9604722222222,,,,
GCBD15589,Faanu Madugau Inner Reef,"Ari Atoll, Maldives",3.93366666666667,72.9483611111111,,,,
GCBD5898,Reef Check site #5898,"Sarawak, Malaysia",3.95083333333333,113.511666666667,,,,
GCBD5899,Reef Check site #5899,"Sarawak, Malaysia",3.96444444444444,113.538888888889,,,,
GCBD5900,Reef Check site #5900,"Sarawak, Malaysia",3.96555555555556,113.540555555556,,,,
GCBD6166,Reef Check site #6166,"Ari Atoll, Maldives",3.96666666666667,72.9180555555556,,,,
GCBD6256,Reef Check site #6256,"Ari Atoll, Maldives",3.98102777777778,72.9446944444445,,,,
GCBD6227,Donner site #6227,"Malé Atoll, Maldives",3.9834,73.4262,,,,
GCBD5558,Reef Check site #5558,"Perak, Malaysia",3.99416666666667,100.534138888889,,,,
GCBD5901,Reef Check site #5901,"Perak, Malaysia",3.9945,100.535694444444,,,,
GCBD6167,Reef Check site #6167,"Ari Atoll, Maldives",4.0,72.95,,,,
GCBD6168,Reef Check site #6168,"Ari Atoll, Maldives",4.00027777777778,72.9333333333333,,,,
GCBD6257,Reef Check site #6257,"Ari Atoll, Maldives",4.00072222222222,72.9346111111111,,,,
GCBD5902,Reef Check site #5902,"Perak, Malaysia",4.00080555555556,100.549111111111,,,,
GCBD5559,Reef Check site #5559,"Perak, Malaysia",4.00163888888889,100.549083333333,,,,
GCBD5903,Reef Check site #5903,"Perak, Malaysia",4.00269444444444,100.544888888889,,,,
GCBD5560,Reef Check site #5560,"Perak, Malaysia",4.00269444444444,100.546694444444,,,,
GCBD5561,Reef Check site #5561,"Perak, Malaysia",4.0065,100.534805555556,,,,
GCBD5562,Reef Check site #5562,"Perak, Malaysia",4.01138888888889,100.535111111111,,,,
GCBD5563,Reef Check site #5563,"Perak, Malaysia",4.01219444444444,100.544888888889,,,,
GCBD6258,Reef Check site #6258,"Ari Atoll, Maldives",4.01488888888889,72.8051944444444,,,,
GCBD6169,Reef Check site #6169,"Ari Atoll, Maldives",4.01666666666667,72.95,,,,
GCBD6259,Reef Check site #6259,"Ari Atoll, Maldives",4.01706111111111,72.8052305555556,,,,
GCBD5564,Reef Check site #5564,"Perak, Malaysia",4.02238888888889,100.547888888889,,,,
GCBD6170,Reef Check site #6170,"Ari Atoll, Maldives",4.02583333333333,72.8057222222222,,,,
GCBD5904,Reef Check site #5904,"Perak, Malaysia",4.02861111111111,100.543694444444,,,,
GCBD5565,Reef Check site #5565,"Perak, Malaysia",4.03211111111111,100.55,,,,
GCBD6260,Reef Check site #6260,"Ari Atoll, Maldives",4.04841666666667,72.9574444444444,,,,
GCBD6261,Reef Check site #6261,"Ari Atoll, Maldives",4.05488888888889,72.9571111111111,,,,
GCBD6262,Reef Check site #6262,"Ari Atoll, Maldives",4.055825,72.9563805555556,,,,
GCBD15590,Bathala Maaga Inner Reef,"Ari Atoll, Maldives",4.05719444444444,72.954,,,,
GCBD5566,Reef Check site #5566,"Perak, Malaysia",4.0575,100.539694444444,,,,
GCBD6171,Reef Check site #6171,"Ari Atoll, Maldives",4.05797222222222,72.9562777777778,,,,
GCBD6172,Reef Check site #6172,"Malé Atoll, Maldives",4.05905555555556,73.3747222222222,,,,
GCBD15591,Bathalaa Maaga Kan etere,"Ari Atoll, Maldives",4.05913888888889,72.9421944444445,,,,
GCBD6263,Reef Check site #6263,"Ari Atoll, Maldives",4.09102777777778,72.8621111111111,,,,
GCBD5905,Reef Check site #5905,"Sabah, Malaysia",4.10427777777778,118.631583333333,,,,
GCBD5906,Reef Check site #5906,"Sabah, Malaysia",4.10430555555556,118.635166666667,,,,
GCBD6264,Reef Check site #6264,"Malé Atoll, Maldives",4.10433333333333,73.4265,,,,
GCBD5907,Reef Check site #5907,"Sabah, Malaysia",4.10569444444444,118.628694444444,,,,
GCBD5908,Reef Check site #5908,"Sabah, Malaysia",4.10605555555555,118.636055555556,,,,
GCBD5909,Reef Check site #5909,"Sabah, Malaysia",4.1075,118.636277777778,,,,
GCBD5910,Reef Check site #5910,"Sabah, Malaysia",4.10927777777778,118.625666666667,,,,
GCBD5911,Reef Check site #5911,"Sabah, Malaysia",4.11177777777778,118.624916666667,,,,
GCBD5567,Reef Check site #5567,"Sabah, Malaysia",4.11252777777778,118.225055555556,,,,
GCBD5912,Reef Check site #5912,"Sabah, Malaysia",4.11352777777778,118.635972222222,,,,
GCBD5913,Reef Check site #5913,"Sabah, Malaysia",4.11516666666667,118.624777777778,,,,
GCBD5914,Reef Check site #5914,"Sabah, Malaysia",4.11788888888889,118.625666666667,,,,
GCBD5915,Reef Check site #5915,"Sabah, Malaysia",4.11819444444444,118.627916666667,,,,
GCBD6265,Reef Check site #6265,"Raa Atoll, Maldives",4.11841666666667,73.4683611111111,,,,
GCBD6173,Reef Check site #6173,"Raa Atoll, Maldives",4.11883333333333,73.4672222222222,,,,
GCBD5916,Reef Check site #5916,"Sabah, Malaysia",4.11883333333333,118.629083333333,,,,
GCBD5917,Reef Check site #5917,"Sabah, Malaysia",4.11894444444444,118.63425,,,,
GCBD6220,Donner site #6220,"Malé Atoll, Maldives",4.1197,73.4742,,,,
GCBD5918,Reef Check site #5918,"Sabah, Malaysia",4.12163888888889,118.6365,,,,
GCBD15592,Vellassaru beyru,"Malé Atoll, Maldives",4.12261111111111,73.4230555555556,,,,
GCBD15593,Vadhoo Caves,"Malé Atoll, Maldives",4.12855555555555,73.4564166666667,,,,
GCBD5568,Reef Check site #5568,"Sabah, Malaysia",4.13938888888889,118.233972222222,,,,
GCBD5569,Reef Check site #5569,"Sabah, Malaysia",4.14091666666667,118.179861111111,,,,
GCBD5919,Reef Check site #5919,"Sabah, Malaysia",4.15230555555556,118.257527777778,,,,
GCBD5920,Reef Check site #5920,"Sabah, Malaysia",4.15444444444444,118.263055555556,,,,
GCBD5921,Reef Check site #5921,"Sabah, Malaysia",4.15497222222222,118.898722222222,,,,
GCBD5922,Reef Check site #5922,"Sabah, Malaysia",4.16213888888889,118.87225,,,,
GCBD5923,Reef Check site #5923,"Sabah, Malaysia",4.16347222222222,118.275194444444,,,,
GCBD5924,Reef Check site #5924,"Sabah, Malaysia",4.16361111111111,118.276111111111,,,,
GCBD6204,Donner site #6204,"Malé Atoll, Maldives",4.1667,73.5,,,,
GCBD6230,Donner site #6230,"Noonu Atoll, Maldives",4.1697,72.8265,,,,
GCBD5925,Reef Check site #5925,"Sabah, Malaysia",4.17622222222222,118.307333333333,,,,
GCBD9924,Villingilli,"Malé Atoll, Maldives",4.17663,73.48344,,,,
GCBD5926,Reef Check site #5926,"Sabah, Malaysia",4.17788888888889,118.307333333333,,,,
GCBD5927,Reef Check site #5927,"Sabah, Malaysia",4.17805555555556,118.307777777778,,,,
GCBD5570,Reef Check site #5570,"Sabah, Malaysia",4.18397222222222,118.862888888889,,,,
GCBD5571,Reef Check site #5571,"Perak, Malaysia",4.18988888888889,100.548305555556,,,,
GCBD5928,Reef Check site #5928,"Sabah, Malaysia",4.19188888888889,118.900666666667,,,,
GCBD15594,Lost World,"Sabah, Malaysia",4.20155555555556,118.689861111111,,,,
GCBD5929,Reef Check site #5929,"Sabah, Malaysia",4.20513888888889,118.784805555556,,,,
GCBD5572,Reef Check site #5572,"Sabah, Malaysia",4.20633333333333,118.784805555556,,,,
GCBD5573,Reef Check site #5573,"Sabah, Malaysia",4.21025,118.679944444444,,,,
GCBD5930,Reef Check site #5930,"Sabah, Malaysia",4.21055555555556,118.678583333333,,,,
GCBD5574,Reef Check site #5574,"Sabah, Malaysia",4.21416666666667,118.675555555556,,,,
GCBD15595,Siu Siu Point,"Sabah, Malaysia",4.21811111111111,118.671888888889,,,,
GCBD6266,Reef Check site #6266,"Ari Atoll, Maldives",4.21883333333333,72.7576666666667,,,,
GCBD5575,Reef Check site #5575,"Sabah, Malaysia",4.22527777777778,118.688055555556,,,,
GCBD5576,Reef Check site #5576,"Sabah, Malaysia",4.22541666666667,118.690333333333,,,,
GCBD5931,Reef Check site #5931,"Sabah, Malaysia",4.22572222222222,118.685527777778,,,,
GCBD5932,Reef Check site #5932,"Sabah, Malaysia",4.22627777777778,118.684972222222,,,,
GCBD5933,Reef Check site #5933,"Sabah, Malaysia",4.22683333333333,118.684416666667,,,,
GCBD5577,Reef Check site #5577,"Sabah, Malaysia",4.22947222222222,118.680027777778,,,,
GCBD5578,Reef Check site #5578,"Sabah, Malaysia",4.23069444444444,118.638583333333,,,,
GCBD15596,"Ribbon Valley, Mabul","Sabah, Malaysia",4.23102777777778,118.634888888889,,,,
GCBD5934,Reef Check site #5934,"Sabah, Malaysia",4.23138888888889,118.633611111111,,,,
GCBD15597,Kuda Banana Reef,"Malé Atoll, Maldives",4.23302777777778,73.6517222222222,,,,
GCBD15598,Kuda Banana Reef,"Malé Atoll, Maldives",4.23386111111111,73.5324166666667,,,,
GCBD5579,Reef Check site #5579,"Sabah, Malaysia",4.23388888888889,118.644138888889,,,,
GCBD5935,Reef Check site #5935,"Sabah, Malaysia",4.23411111111111,118.637583333333,,,,
GCBD15599,Eel Garden - Mabul,"Sabah, Malaysia",4.23477777777778,118.629666666667,,,,
GCBD5580,Reef Check site #5580,"Sabah, Malaysia",4.23558333333333,118.565305555556,,,,
GCBD5581,Reef Check site #5581,"Sabah, Malaysia",4.23655555555556,118.553166666667,,,,
GCBD5936,Reef Check site #5936,"Sabah, Malaysia",4.23702777777778,118.627361111111,,,,
GCBD5937,Reef Check site #5937,"Sabah, Malaysia",4.23777777777778,118.386944444444,,,,
GCBD6267,Reef Check site #6267,"Malé Atoll, Maldives",4.23813888888889,73.5315277777778,,,,
GCBD5582,Reef Check site #5582,"Sabah, Malaysia",4.23938888888889,118.433527777778,,,,
GCBD6268,Reef Check site #6268,"Malé Atoll, Maldives",4.24016666666667,73.544,,,,
GCBD15600,"Stingray City, Mabul","Sabah, Malaysia",4.24216666666667,118.62525,,,,
GCBD5938,Reef Check site #5938,"Sabah, Malaysia",4.24547222222222,118.386972222222,,,,
GCBD5939,Reef Check site #5939,"Sabah, Malaysia",4.24683333333333,118.627222222222,,,,
GCBD5583,Reef Check site #5583,"Sabah, Malaysia",4.24683333333333,118.635583333333,,,,
GCBD15601,"Panglima Reef, Mabul","Sabah, Malaysia",4.24869444444444,118.625472222222,,,,
GCBD5940,Reef Check site #5940,"Sabah, Malaysia",4.24897222222222,118.632083333333,,,,
GCBD5941,Reef Check site #5941,"Sabah, Malaysia",4.24927777777778,118.631472222222,,,,
GCBD15602,"Paradise, Mabul","Sabah, Malaysia",4.24966666666667,118.630083333333,,,,
GCBD5942,Reef Check site #5942,"Sabah, Malaysia",4.24983333333333,118.6305,,,,
GCBD5584,Reef Check site #5584,"Sabah, Malaysia",4.25030555555556,118.630222222222,,,,
GCBD5585,Reef Check site #5585,"Sabah, Malaysia",4.25044444444444,118.627277777778,,,,
GCBD6269,Reef Check site #6269,"Ari Atoll, Maldives",4.25219444444444,72.7798055555556,,,,
GCBD5586,Reef Check site #5586,"Sabah, Malaysia",4.25511111111111,118.533805555556,,,,
GCBD6270,Reef Check site #6270,"Ari Atoll, Maldives",4.25630555555556,72.9892777777778,,,,
GCBD6174,Reef Check site #6174,"Ari Atoll, Maldives",4.25638888888889,72.98335,,,,
GCBD6271,Reef Check site #6271,"Ari Atoll, Maldives",4.2565,72.986,,,,
GCBD6213,Rashdhoo,"Alif Alif Atoll, Maldives",4.2583,72.9917,,,,
GCBD6208,"ThreePalms,Kuramathi","Alif Alif Atoll, Maldives",4.26,72.98,,,,
GCBD6217,Madivaru,"Alif Alif Atoll, Maldives",4.2633,73.0002,,,,
GCBD6272,Reef Check site #6272,"Ari Atoll, Maldives",4.26447222222222,73.0098333333333,,,,
GCBD6273,Reef Check site #6273,"Ari Atoll, Maldives",4.26452777777778,73.0007222222222,,,,
GCBD15603,Rasdhoo,"Alif Alif Atoll, Maldives",4.26555555555556,73.0016111111111,,,,
GCBD6175,Reef Check site #6175,"Ari Atoll, Maldives",4.26563888888889,73.0025555555556,,,,
GCBD6274,Reef Check site #6274,"Ari Atoll, Maldives",4.26583333333333,72.9969444444445,,,,
GCBD5943,Reef Check site #5943,"Sarawak, Malaysia",4.26705555555556,113.800888888889,,,,
GCBD6176,Reef Check site #6176,"Malé Atoll, Maldives",4.26808333333333,73.48875,,,,
GCBD9925,Bandos,"Malé Atoll, Maldives",4.26903,73.48879,,,,
GCBD6228,Donner site #6228,"Alif Alif Atoll, Maldives",4.2695,73.0096,,,,
GCBD5517,Donner site #5517,"Sarawak, Malaysia",4.27,113.81,,,,
GCBD5809,Donner site #5809,"Sarawak, Malaysia",4.27,113.82,,,,
GCBD6222,Donner site #6222,"Alif Alif Atoll, Maldives",4.2716,72.7749,,,,
GCBD5587,Reef Check site #5587,"Sarawak, Malaysia",4.27305555555556,113.814722222222,,,,
GCBD5806,Donner site #5806,"Sarawak, Malaysia",4.2736,113.815,,,,
GCBD5944,Reef Check site #5944,"Sarawak, Malaysia",4.27361111111111,113.814444444444,,,,
GCBD5945,Reef Check site #5945,"Sarawak, Malaysia",4.27444444444444,113.815,,,,
GCBD5805,Donner site #5805,"Sarawak, Malaysia",4.2761,113.8173,,,,
GCBD5588,Reef Check site #5588,"Sarawak, Malaysia",4.27638888888889,113.816666666667,,,,
GCBD5946,Reef Check site #5946,"Sarawak, Malaysia",4.27694444444444,113.815277777778,,,,
GCBD5795,Donner site #5795,"Sarawak, Malaysia",4.28,113.82,,,,
GCBD6207,Donner site #6207,"Malé Atoll, Maldives",4.2833,73.4667,,,,
GCBD6275,Reef Check site #6275,"Malé Atoll, Maldives",4.28344444444444,73.4280555555556,,,,
GCBD6276,Reef Check site #6276,"Malé Atoll, Maldives",4.28430555555556,73.4262777777778,,,,
GCBD6277,Reef Check site #6277,"Malé Atoll, Maldives",4.28638888888889,73.4263888888889,,,,
GCBD5589,Reef Check site #5589,"Sabah, Malaysia",4.28711111111111,118.725333333333,,,,
GCBD5807,Donner site #5807,"Sarawak, Malaysia",4.2872,113.8204,,,,
GCBD5590,Reef Check site #5590,"Sarawak, Malaysia",4.28722222222222,113.819722222222,,,,
GCBD6278,Reef Check site #6278,"Malé Atoll, Maldives",4.28816666666667,73.4203333333333,,,,
GCBD5788,Donner site #5788,"Sarawak, Malaysia",4.29,113.82,,,,
GCBD5776,Donner site #5776,"Sarawak, Malaysia",4.29,113.83,,,,
GCBD5947,Reef Check site #5947,"Sarawak, Malaysia",4.29222222222222,113.825555555556,,,,
GCBD5808,Donner site #5808,"Sarawak, Malaysia",4.2923,113.8258,,,,
GCBD5591,Reef Check site #5591,"Sarawak, Malaysia",4.2925,113.825833333333,,,,
GCBD5592,Reef Check site #5592,"Sarawak, Malaysia",4.29388888888889,113.826111111111,,,,
GCBD5792,Donner site #5792,"Sarawak, Malaysia",4.2939,113.8262,,,,
GCBD5948,Reef Check site #5948,"Sarawak, Malaysia",4.29822222222222,113.830472222222,,,,
GCBD6214,Kalhuga,"Malé Atoll, Maldives",4.3,73.35,,,,
GCBD6210,Angsana,"Malé Atoll, Maldives",4.3,73.4283,,,,
GCBD6215,Vabbin W,"Malé Atoll, Maldives",4.3,73.4333,,,,
GCBD6216,Thulhaagiri,"Malé Atoll, Maldives",4.3,73.4833,,,,
GCBD6221,Kikki,"Malé Atoll, Maldives",4.3,73.5,,,,
GCBD5593,Reef Check site #5593,"Sabah, Malaysia",4.30041666666667,118.840666666667,,,,
GCBD6279,Reef Check site #6279,"Malé Atoll, Maldives",4.30688888888889,73.4232222222222,,,,
GCBD5949,Reef Check site #5949,"Sabah, Malaysia",4.30863888888889,118.866444444444,,,,
GCBD5950,Reef Check site #5950,"Sabah, Malaysia",4.31236111111111,118.876055555556,,,,
GCBD5594,Reef Check site #5594,"Sabah, Malaysia",4.31333333333333,118.876388888889,,,,
GCBD6177,Reef Check site #6177,"Malé Atoll, Maldives",4.31583333333333,73.5869444444444,,,,
GCBD5595,Reef Check site #5595,"Sabah, Malaysia",4.31608333333333,118.875138888889,,,,
GCBD6280,Reef Check site #6280,"Malé Atoll, Maldives",4.31666666666667,73.575,,,,
GCBD6218,Galu Falhu,"Malé Atoll, Maldives",4.3167,73.575,,,,
GCBD6178,Reef Check site #6178,"Malé Atoll, Maldives",4.31777777777778,73.5831944444444,,,,
GCBD6212,Kodiparu,"Malé Atoll, Maldives",4.3333,73.3667,,,,
GCBD5777,Donner site #5777,"Sarawak, Malaysia",4.34,113.9,,,,
GCBD5596,Reef Check site #5596,"Sarawak, Malaysia",4.34166666666667,113.896944444444,,,,
GCBD5778,Donner site #5778,"Sarawak, Malaysia",4.3431,113.8984,,,,
GCBD5810,Donner site #5810,"Sarawak, Malaysia",4.3433,113.8983,,,,
GCBD5597,Reef Check site #5597,"Sarawak, Malaysia",4.34333333333333,113.8975,,,,
GCBD5951,Reef Check site #5951,"Sarawak, Malaysia",4.34333333333333,113.899166666667,,,,
GCBD5598,Reef Check site #5598,"Sarawak, Malaysia",4.34361111111111,113.899166666667,,,,
GCBD6179,Reef Check site #6179,"Malé Atoll, Maldives",4.34980555555556,73.6143333333333,,,,
GCBD6209,"Fan reef, Kuramathi","Alif Alif Atoll, Maldives",4.3561,72.9836,,,,
GCBD6197,Donner site #6197,"Malé Atoll, Maldives",4.3676,73.3708,,,,
GCBD5811,Donner site #5811,"Sarawak, Malaysia",4.4029,113.7453,,,,
GCBD5812,Donner site #5812,"Sarawak, Malaysia",4.4037,113.742,,,,
GCBD6229,Donner site #6229,"Malé Atoll, Maldives",4.42,73.5,,,,
GCBD5599,Reef Check site #5599,"Sabah, Malaysia",4.44472222222222,118.755138888889,,,,
GCBD5600,Reef Check site #5600,"Sabah, Malaysia",4.44586111111111,118.767777777778,,,,
GCBD6180,Reef Check site #6180,"Malé Atoll, Maldives",4.45833333333333,73.375,,,,
GCBD5601,Reef Check site #5601,"Sabah, Malaysia",4.46788888888889,118.591166666667,,,,
GCBD5602,Reef Check site #5602,"Sabah, Malaysia",4.47341666666667,118.946027777778,,,,
GCBD5952,Reef Check site #5952,"Sabah, Malaysia",4.47713888888889,118.94525,,,,
GCBD6193,Donner site #6193,"Malé Atoll, Maldives",4.4867,73.4717,,,,
GCBD15604,South Kalapuan Island,"Sabah, Malaysia",4.48861111111111,118.860277777778,,,,
GCBD6211,Rasfari,"Malé Atoll, Maldives",4.4917,73.5867,,,,
GCBD5783,Donner site #5783,"Sabah, Malaysia",4.4939,118.6133,,,,
GCBD5603,Reef Check site #5603,"Sabah, Malaysia",4.50419444444444,118.941722222222,,,,
GCBD6181,Reef Check site #6181,"Malé Atoll, Maldives",4.50833333333333,73.3611111111111,,,,
GCBD5604,Reef Check site #5604,"Sabah, Malaysia",4.51419444444444,118.726333333333,,,,
GCBD6182,Reef Check site #6182,"Malé Atoll, Maldives",4.52083333333333,73.3611111111111,,,,
GCBD5605,Reef Check site #5605,"Sabah, Malaysia",4.52105555555556,118.804777777778,,,,
GCBD6183,Reef Check site #6183,"Malé Atoll, Maldives",4.52777777777778,73.3888888888889,,,,
GCBD6184,Reef Check site #6184,"Malé Atoll, Maldives",4.52777777777778,73.4222222222222,,,,
GCBD6185,Reef Check site #6185,"Malé Atoll, Maldives",4.54166666666667,73.375,,,,
GCBD5606,Reef Check site #5606,"Sabah, Malaysia",4.54536111111111,118.825777777778,,,,
GCBD6281,Reef Check site #6281,"Malé Atoll, Maldives",4.54722222222222,73.3805555555555,,,,
GCBD5607,Reef Check site #5607,"Sabah, Malaysia",4.54933333333333,118.929166666667,,,,
GCBD5608,Reef Check site #5608,"Sabah, Malaysia",4.55597222222222,118.927111111111,,,,
GCBD5953,Reef Check site #5953,"Sabah, Malaysia",4.55797222222222,118.924444444444,,,,
GCBD5609,Reef Check site #5609,"Sabah, Malaysia",4.55858333333333,118.615,,,,
GCBD5610,Reef Check site #5610,"Sabah, Malaysia",4.55869444444444,118.554527777778,,,,
GCBD5954,Reef Check site #5954,"Sabah, Malaysia",4.55930555555556,118.924361111111,,,,
GCBD6186,Reef Check site #6186,"Malé Atoll, Maldives",4.56666666666667,73.3763888888889,,,,
GCBD5955,Reef Check site #5955,"Sabah, Malaysia",4.56797222222222,118.758305555556,,,,
GCBD5611,Reef Check site #5611,"Sabah, Malaysia",4.56805555555556,118.755555555556,,,,
GCBD5956,Reef Check site #5956,"Sabah, Malaysia",4.56844444444444,118.758333333333,,,,
GCBD5612,Reef Check site #5612,"Sabah, Malaysia",4.56927777777778,118.756,,,,
GCBD5613,Reef Check site #5613,"Sabah, Malaysia",4.57019444444444,118.956916666667,,,,
GCBD6282,Reef Check site #6282,"Malé Atoll, Maldives",4.57022222222222,73.3775,,,,
GCBD5957,Reef Check site #5957,"Sabah, Malaysia",4.57202777777778,118.956916666667,,,,
GCBD5958,Reef Check site #5958,"Sabah, Malaysia",4.57258333333333,118.763694444444,,,,
GCBD5614,Reef Check site #5614,"Sabah, Malaysia",4.57341666666667,118.756611111111,,,,
GCBD5959,Reef Check site #5959,"Sabah, Malaysia",4.57347222222222,118.758444444444,,,,
GCBD5615,Reef Check site #5615,"Sabah, Malaysia",4.57527777777778,118.755555555556,,,,
GCBD5960,Reef Check site #5960,"Sabah, Malaysia",4.57716666666667,118.947222222222,,,,
GCBD5616,Reef Check site #5616,"Sabah, Malaysia",4.57916666666667,118.920277777778,,,,
GCBD5617,Reef Check site #5617,"Sabah, Malaysia",4.57930555555556,118.94025,,,,
GCBD5961,Reef Check site #5961,"Sabah, Malaysia",4.57994444444444,118.946361111111,,,,
GCBD5618,Reef Check site #5618,"Sabah, Malaysia",4.58177777777778,118.91325,,,,
GCBD5962,Reef Check site #5962,"Sabah, Malaysia",4.58230555555556,118.914583333333,,,,
GCBD5619,Reef Check site #5619,"Sabah, Malaysia",4.58494444444444,118.940888888889,,,,
GCBD5963,Reef Check site #5963,"Sabah, Malaysia",4.58544444444444,118.785916666667,,,,
GCBD5964,Reef Check site #5964,"Sabah, Malaysia",4.58722222222222,118.945472222222,,,,
GCBD5965,Reef Check site #5965,"Sabah, Malaysia",4.58963888888889,118.868583333333,,,,
GCBD5966,Reef Check site #5966,"Sabah, Malaysia",4.58994444444444,118.868777777778,,,,
GCBD5967,Reef Check site #5967,"Sabah, Malaysia",4.59016666666667,118.864527777778,,,,
GCBD5968,Reef Check site #5968,"Sabah, Malaysia",4.59022222222222,118.864138888889,,,,
GCBD15605,"Spongebob, Pom Pom Island","Sabah, Malaysia",4.59052777777778,118.863888888889,,,,
GCBD5969,Reef Check site #5969,"Sabah, Malaysia",4.59147222222222,118.862,,,,
GCBD5620,Reef Check site #5620,"Sabah, Malaysia",4.59213888888889,118.861305555556,,,,
GCBD5970,Reef Check site #5970,"Sabah, Malaysia",4.59325,118.861,,,,
GCBD15606,Twin Pom Pom Housereef,"Sabah, Malaysia",4.59405555555556,118.86125,,,,
GCBD15607,Cliff Hanger,"Sabah, Malaysia",4.59547222222222,118.869694444444,,,,
GCBD15608,Northen Valley,"Sabah, Malaysia",4.59625,118.869305555556,,,,
GCBD5971,Reef Check site #5971,"Sabah, Malaysia",4.59805555555555,118.861944444444,,,,
GCBD5621,Reef Check site #5621,"Sabah, Malaysia",4.60225,118.768166666667,,,,
GCBD15609,North Tip,"Sabah, Malaysia",4.60375,118.865305555556,,,,
GCBD6219,LohiFushi,"Malé Atoll, Maldives",4.6081,73.8389,,,,
GCBD5972,Reef Check site #5972,"Sabah, Malaysia",4.62830555555556,118.835194444444,,,,
GCBD5973,Reef Check site #5973,"Sabah, Malaysia",4.63222222222222,118.796638888889,,,,
GCBD5622,Reef Check site #5622,"Sabah, Malaysia",4.63322222222222,118.589333333333,,,,
GCBD5974,Reef Check site #5974,"Sabah, Malaysia",4.63863888888889,118.717361111111,,,,
GCBD5975,Reef Check site #5975,"Sabah, Malaysia",4.64644444444444,118.832555555556,,,,
GCBD5976,Reef Check site #5976,"Sabah, Malaysia",4.64711111111111,118.803888888889,,,,
GCBD5623,Reef Check site #5623,"Sabah, Malaysia",4.64722222222222,118.830055555556,,,,
GCBD5624,Reef Check site #5624,"Sabah, Malaysia",4.64919444444444,118.797694444444,,,,
GCBD5977,Reef Check site #5977,"Sabah, Malaysia",4.65255555555556,118.664722222222,,,,
GCBD5978,Reef Check site #5978,"Terengganu, Malaysia",4.71116666666667,103.925,,,,
GCBD6225,Donner site #6225,"Malé Atoll, Maldives",4.7408,73.4964,,,,
GCBD5625,Reef Check site #5625,"Sabah, Malaysia",4.74266666666667,118.513694444444,,,,
GCBD5626,Reef Check site #5626,"Sabah, Malaysia",4.76138888888889,118.392777777778,,,,
GCBD5627,Reef Check site #5627,"Sabah, Malaysia",4.76333333333333,118.391666666667,,,,
GCBD5628,Reef Check site #5628,"Sabah, Malaysia",4.78611111111111,118.418611111111,,,,
GCBD5629,Reef Check site #5629,"Sabah, Malaysia",4.78972222222222,118.371111111111,,,,
GCBD5630,Reef Check site #5630,"Sabah, Malaysia",4.79166666666667,118.416666666667,,,,
GCBD5631,Reef Check site #5631,"Sabah, Malaysia",4.79333333333333,118.388333333333,,,,
GCBD5632,Reef Check site #5632,"Sabah, Malaysia",4.79722222222222,118.317777777778,,,,
GCBD5633,Reef Check site #5633,"Terengganu, Malaysia",4.80036111111111,103.674277777778,,,,
GCBD5979,Reef Check site #5979,"Terengganu, Malaysia",4.8005,103.676,,,,
GCBD5634,Reef Check site #5634,"Sabah, Malaysia",4.80166666666667,118.321666666667,,,,
GCBD5635,Reef Check site #5635,"Sabah, Malaysia",4.80222222222222,118.373055555556,,,,
GCBD5636,Reef Check site #5636,"Sabah, Malaysia",4.80333333333333,118.363333333333,,,,
GCBD5637,Reef Check site #5637,"Terengganu, Malaysia",4.80605555555556,103.674472222222,,,,
GCBD5980,Reef Check site #5980,"Terengganu, Malaysia",4.80761111111111,103.678444444444,,,,
GCBD5638,Reef Check site #5638,"Terengganu, Malaysia",4.80911111111111,103.677805555556,,,,
GCBD5639,Reef Check site #5639,"Sabah, Malaysia",4.81222222222222,118.291944444444,,,,
GCBD5640,Reef Check site #5640,"Terengganu, Malaysia",4.81280555555556,103.675944444444,,,,
GCBD5641,Reef Check site #5641,"Sabah, Malaysia",4.815,118.291666666667,,,,
GCBD5642,Reef Check site #5642,"Terengganu, Malaysia",4.81552777777778,103.680388888889,,,,
GCBD5643,Reef Check site #5643,"Terengganu, Malaysia",4.81727777777778,103.67925,,,,
GCBD5981,Reef Check site #5981,"Terengganu, Malaysia",4.81883333333333,103.676333333333,,,,
GCBD5982,Reef Check site #5982,"Terengganu, Malaysia",4.8195,103.6875,,,,
GCBD5983,Reef Check site #5983,"Terengganu, Malaysia",4.82,103.684166666667,,,,
GCBD5984,Reef Check site #5984,"Terengganu, Malaysia",4.82033333333333,103.682944444444,,,,
GCBD5985,Reef Check site #5985,"Terengganu, Malaysia",4.82155555555556,103.690388888889,,,,
GCBD5986,Reef Check site #5986,"Terengganu, Malaysia",4.82227777777778,103.684972222222,,,,
GCBD1901,Reef Check site #1901,Brunei,4.84561111111111,114.328972222222,,,,
GCBD1902,Reef Check site #1902,Brunei,4.84805555555555,114.328805555556,,,,
GCBD1903,Reef Check site #1903,"Tutong District, Brunei",4.90502777777778,114.646277777778,,,,
GCBD1904,Reef Check site #1904,"Tutong District, Brunei",4.90552777777778,114.644861111111,,,,
GCBD1905,Reef Check site #1905,"Tutong District, Brunei",4.90663888888889,114.64175,,,,
GCBD5644,Reef Check site #5644,"Sabah, Malaysia",4.90738888888889,118.24325,,,,
GCBD1906,Reef Check site #1906,"Tutong District, Brunei",4.90777777777778,114.644861111111,,,,
GCBD5645,Reef Check site #5645,"Sabah, Malaysia",4.9085,118.177388888889,,,,
GCBD5646,Reef Check site #5646,"Sabah, Malaysia",4.91233333333333,118.254277777778,,,,
GCBD1907,Reef Check site #1907,Brunei,4.91897222222222,114.370888888889,,,,
GCBD1908,Reef Check site #1908,Brunei,4.91997222222222,114.370888888889,,,,
GCBD5647,Reef Check site #5647,"Sabah, Malaysia",4.92077777777778,118.201277777778,,,,
GCBD5648,Reef Check site #5648,"Sabah, Malaysia",4.92305555555556,118.225277777778,,,,
GCBD5649,Reef Check site #5649,"Sabah, Malaysia",4.92352777777778,118.256055555556,,,,
GCBD5650,Reef Check site #5650,"Sabah, Malaysia",4.92397222222222,118.266722222222,,,,
GCBD5651,Reef Check site #5651,"Sabah, Malaysia",4.92527777777778,118.669166666667,,,,
GCBD5652,Reef Check site #5652,"Sabah, Malaysia",4.92833333333333,118.231666666667,,,,
GCBD5653,Reef Check site #5653,"Sabah, Malaysia",4.92833333333333,118.631666666667,,,,
GCBD5654,Reef Check site #5654,"Sabah, Malaysia",4.93019444444444,118.228527777778,,,,
GCBD1909,Reef Check site #1909,Brunei,4.93336111111111,114.329833333333,,,,
GCBD1910,Reef Check site #1910,Brunei,4.9335,114.3295,,,,
GCBD5987,Reef Check site #5987,"Sabah, Malaysia",4.93527777777778,118.224277777778,,,,
GCBD5988,Reef Check site #5988,"Sabah, Malaysia",4.93527777777778,118.2265,,,,
GCBD5655,Reef Check site #5655,"Sabah, Malaysia",4.93666666666667,118.703333333333,,,,
GCBD1911,Reef Check site #1911,"Tutong District, Brunei",4.93772222222222,114.65575,,,,
GCBD5656,Reef Check site #5656,"Sabah, Malaysia",4.93791666666667,118.274388888889,,,,
GCBD1912,Reef Check site #1912,"Tutong District, Brunei",4.93813888888889,114.652222222222,,,,
GCBD1913,Reef Check site #1913,"Tutong District, Brunei",4.93847222222222,114.658027777778,,,,
GCBD5657,Reef Check site #5657,"Sabah, Malaysia",4.93944444444444,118.568333333333,,,,
GCBD5658,Reef Check site #5658,"Sabah, Malaysia",4.93944444444444,118.569722222222,,,,
GCBD1914,Reef Check site #1914,"Tutong District, Brunei",4.94008333333333,114.655138888889,,,,
GCBD5659,Reef Check site #5659,"Sabah, Malaysia",4.94155555555556,118.282416666667,,,,
GCBD5660,Reef Check site #5660,"Sabah, Malaysia",4.94247222222222,118.293944444444,,,,
GCBD5989,Reef Check site #5989,"Sabah, Malaysia",4.94316666666667,118.295388888889,,,,
GCBD5661,Reef Check site #5661,"Sabah, Malaysia",4.9475,118.259444444444,,,,
GCBD5662,Reef Check site #5662,"Sabah, Malaysia",4.94833333333333,118.561666666667,,,,
GCBD5663,Reef Check site #5663,"Sabah, Malaysia",4.94869444444444,118.251277777778,,,,
GCBD5664,Reef Check site #5664,"Sabah, Malaysia",4.94877777777778,118.257833333333,,,,
GCBD5665,Reef Check site #5665,"Sabah, Malaysia",4.95,118.258333333333,,,,
GCBD5666,Reef Check site #5666,"Sabah, Malaysia",4.95086111111111,118.257888888889,,,,
GCBD5990,Reef Check site #5990,"Sabah, Malaysia",4.95163888888889,118.247722222222,,,,
GCBD1915,Reef Check site #1915,Brunei,4.95230555555556,114.370972222222,,,,
GCBD5667,Reef Check site #5667,"Sabah, Malaysia",4.96302777777778,118.25275,,,,
GCBD5668,Reef Check site #5668,"Sabah, Malaysia",4.96711111111111,118.264027777778,,,,
GCBD5784,Donner site #5784,"Sabah, Malaysia",4.9736,118.3911,,,,
GCBD1916,Reef Check site #1916,"Tutong District, Brunei",4.97772222222222,114.623611111111,,,,
GCBD1917,Reef Check site #1917,"Tutong District, Brunei",4.98077777777778,114.623361111111,,,,
GCBD1918,Reef Check site #1918,"Tutong District, Brunei",5.01305555555556,114.712277777778,,,,
GCBD1919,Reef Check site #1919,"Tutong District, Brunei",5.01305555555556,114.712305555556,,,,
GCBD1920,Reef Check site #1920,"Tutong District, Brunei",5.01447222222222,114.715333333333,,,,
GCBD6203,Donner site #6203,"Baa Atoll, Maldives",5.0167,72.9167,,,,
GCBD1921,Reef Check site #1921,"Brunei-Muara District, Brunei",5.02002777777778,114.727638888889,,,,
GCBD1922,Reef Check site #1922,"Brunei-Muara District, Brunei",5.02008333333333,114.73025,,,,
GCBD1900,Littledale Shoal,"Tutong District, Brunei",5.073,114.719,,,,
GCBD1899,Pelong Rocks,"Brunei-Muara District, Brunei",5.079,115.053,,,,
GCBD1923,Reef Check site #1923,"Brunei-Muara District, Brunei",5.08327777777778,115.052694444444,,,,
GCBD1924,Reef Check site #1924,"Brunei-Muara District, Brunei",5.0835,115.052083333333,,,,
GCBD1896,Reef Check site #1896,"Tutong District, Brunei",5.095,114.6325,,,,
GCBD1925,Reef Check site #1925,"Brunei-Muara District, Brunei",5.09619444444444,114.967194444444,,,,
GCBD1926,Reef Check site #1926,"Brunei-Muara District, Brunei",5.09644444444444,114.971833333333,,,,
GCBD1927,Reef Check site #1927,"Brunei-Muara District, Brunei",5.09805555555555,114.970972222222,,,,
GCBD1897,Two Fathom Rocks,"Brunei-Muara District, Brunei",5.1,114.966,,,,
GCBD1928,Reef Check site #1928,Brunei,5.10272222222222,114.764333333333,,,,
GCBD1929,Reef Check site #1929,Brunei,5.10338888888889,114.764611111111,,,,
GCBD1930,Reef Check site #1930,"Brunei-Muara District, Brunei",5.10738888888889,115.070388888889,,,,
GCBD1931,Reef Check site #1931,"Brunei-Muara District, Brunei",5.10816666666667,115.069861111111,,,,
GCBD1932,Reef Check site #1932,"Brunei-Muara District, Brunei",5.10852777777778,115.069888888889,,,,
GCBD1898,Silk Rock,"Tutong District, Brunei",5.114,114.599,,,,
GCBD1933,Reef Check site #1933,Brunei,5.17794444444444,114.756055555556,,,,
GCBD1934,Reef Check site #1934,Brunei,5.17905555555556,114.757222222222,,,,
GCBD5991,Reef Check site #5991,"Labuan Federal Territory, Malaysia",5.18905555555556,115.135083333333,,,,
GCBD5992,Reef Check site #5992,"Labuan Federal Territory, Malaysia",5.191,115.135694444444,,,,
GCBD15610,Takat Kuda,"Labuan Federal Territory, Malaysia",5.19125,115.141833333333,,,,
GCBD5993,Reef Check site #5993,"Labuan Federal Territory, Malaysia",5.20161111111111,115.141861111111,,,,
GCBD5994,Reef Check site #5994,"Labuan Federal Territory, Malaysia",5.20186111111111,115.142638888889,,,,
GCBD1935,Reef Check site #1935,Brunei,5.20213888888889,114.768888888889,,,,
GCBD1936,Reef Check site #1936,Brunei,5.20297222222222,114.767222222222,,,,
GCBD1937,Reef Check site #1937,Brunei,5.20875,114.728694444444,,,,
GCBD5669,Reef Check site #5669,"Terengganu, Malaysia",5.20883333333333,103.2695,,,,
GCBD5995,Reef Check site #5995,"Terengganu, Malaysia",5.20888888888889,103.268333333333,,,,
GCBD5996,Reef Check site #5996,"Labuan Federal Territory, Malaysia",5.21797222222222,115.125277777778,,,,
GCBD5997,Reef Check site #5997,"Labuan Federal Territory, Malaysia",5.22266666666667,115.141805555556,,,,
GCBD5670,Reef Check site #5670,"Terengganu, Malaysia",5.22447222222222,103.260972222222,,,,
GCBD5998,Reef Check site #5998,"Terengganu, Malaysia",5.22694444444444,103.269166666667,,,,
GCBD5671,Reef Check site #5671,"Terengganu, Malaysia",5.22975,103.267972222222,,,,
GCBD5999,Reef Check site #5999,"Terengganu, Malaysia",5.23222222222222,103.260277777778,,,,
GCBD6000,Reef Check site #6000,"Terengganu, Malaysia",5.23305555555556,103.260555555556,,,,
GCBD5672,Reef Check site #5672,"Terengganu, Malaysia",5.23516666666667,103.261333333333,,,,
GCBD5673,Reef Check site #5673,"Terengganu, Malaysia",5.23583333333333,103.263,,,,
GCBD9926,Reethi Beach West,"Baa Atoll, Maldives",5.25781,73.16335,,,,
GCBD6187,Reef Check site #6187,"Noonu Atoll, Maldives",5.26408333333333,72.2640833333333,,,,
GCBD6283,Reef Check site #6283,"Baa Atoll, Maldives",5.28419444444444,73.1142777777778,,,,
GCBD6284,Reef Check site #6284,"Baa Atoll, Maldives",5.28497222222222,73.1136944444444,,,,
GCBD6285,Reef Check site #6285,"Baa Atoll, Maldives",5.28502777777778,73.1129444444444,,,,
GCBD6286,Reef Check site #6286,"Baa Atoll, Maldives",5.28527777777778,73.11375,,,,
GCBD6136,Donner site #6136,"Baa Atoll, Maldives",5.29,73.11,,,,
GCBD6188,Reef Check site #6188,"Lhaviyani Atoll, Maldives",5.5,73.5166666666667,,,,
GCBD6189,Reef Check site #6189,"Lhaviyani Atoll, Maldives",5.53333333333333,73.4666666666667,,,,
GCBD6190,Reef Check site #6190,"Lhaviyani Atoll, Maldives",5.53333333333333,73.4833333333333,,,,
GCBD6191,Reef Check site #6191,"Lhaviyani Atoll, Maldives",5.55,73.4666666666667,,,,
GCBD5674,Reef Check site #5674,"Terengganu, Malaysia",5.59888888888889,103.064194444444,,,,
GCBD4364,Reef Check site #4364,"Aceh, Indonesia",5.60586111111111,95.5283888888889,,,,
GCBD5675,Reef Check site #5675,"Terengganu, Malaysia",5.61011111111111,103.063,,,,
GCBD4159,Reef Check site #4159,"Aceh, Indonesia",5.61341666666667,95.5338611111111,,,,
GCBD4365,Reef Check site #4365,"Aceh, Indonesia",5.61488888888889,95.5490833333333,,,,
GCBD4366,Reef Check site #4366,"Aceh, Indonesia",5.61497222222222,95.5492222222222,,,,
GCBD5676,Reef Check site #5676,"Terengganu, Malaysia",5.61519444444444,103.057222222222,,,,
GCBD4367,Reef Check site #4367,"Aceh, Indonesia",5.61527777777778,95.5525833333333,,,,
GCBD4368,Reef Check site #4368,"Aceh, Indonesia",5.61713888888889,95.5443611111111,,,,
GCBD5677,Reef Check site #5677,"Terengganu, Malaysia",5.62555555555556,103.1595,,,,
GCBD5678,Reef Check site #5678,"Terengganu, Malaysia",5.64358333333333,103.151055555556,,,,
GCBD4369,Reef Check site #4369,"Aceh, Indonesia",5.64661111111111,95.5281111111111,,,,
GCBD4160,Reef Check site #4160,"Aceh, Indonesia",5.64883333333333,95.1638611111111,,,,
GCBD5679,Reef Check site #5679,"Terengganu, Malaysia",5.66611111111111,103.071277777778,,,,
GCBD4161,Reef Check site #4161,"Aceh, Indonesia",5.68533333333333,95.3868888888889,,,,
GCBD15611,Medhufaru South Lagoon,"Noonu Atoll, Maldives",5.70422222222222,73.4128611111111,,,,
GCBD6001,Reef Check site #6001,"Sabah, Malaysia",5.70502777777778,115.628416666667,,,,
GCBD6002,Reef Check site #6002,"Sabah, Malaysia",5.70802777777778,115.699305555556,,,,
GCBD6003,Reef Check site #6003,"Sabah, Malaysia",5.70861111111111,115.65325,,,,
GCBD6004,Reef Check site #6004,"Sabah, Malaysia",5.71280555555556,115.672444444444,,,,
GCBD15612,Medhufaru Southeast,"Noonu Atoll, Maldives",5.71463888888889,73.4019166666667,,,,
GCBD6005,Reef Check site #6005,"Sabah, Malaysia",5.71694444444444,115.634944444444,,,,
GCBD6006,Reef Check site #6006,"Sabah, Malaysia",5.72022222222222,115.644805555556,,,,
GCBD6192,Reef Check site #6192,"Noonu Atoll, Maldives",5.72169444444444,73.4034166666667,,,,
GCBD15613,Medhufaru House Reef,"Noonu Atoll, Maldives",5.72630555555556,73.4045555555556,,,,
GCBD15614,Maakanaafushi Beyrun,"Noonu Atoll, Maldives",5.72827777777778,73.4170555555556,,,,
GCBD5680,Reef Check site #5680,"Sabah, Malaysia",5.73083333333333,115.003611111111,,,,
GCBD5681,Reef Check site #5681,"Terengganu, Malaysia",5.73277777777778,102.9975,,,,
GCBD6007,Reef Check site #6007,"Terengganu, Malaysia",5.73416666666667,102.997222222222,,,,
GCBD15615,Toshi Caves East,"Noonu Atoll, Maldives",5.73430555555556,73.416,,,,
GCBD5682,Reef Check site #5682,"Sabah, Malaysia",5.73555555555556,115.018888888889,,,,
GCBD15616,Medhufaru Northeast,"Noonu Atoll, Maldives",5.73572222222222,73.4111944444444,,,,
GCBD5683,Reef Check site #5683,"Sabah, Malaysia",5.73638888888889,115.018333333333,,,,
GCBD6008,Reef Check site #6008,"Terengganu, Malaysia",5.73861111111111,103.5,,,,
GCBD5684,Reef Check site #5684,"Terengganu, Malaysia",5.74019444444444,102.999555555556,,,,
GCBD5779,Donner site #5779,"Terengganu, Malaysia",5.744,103.033,,,,
GCBD5685,Reef Check site #5685,"Terengganu, Malaysia",5.74691666666667,102.999833333333,,,,
GCBD6009,Reef Check site #6009,"Terengganu, Malaysia",5.74888888888889,103.783333333333,,,,
GCBD6010,Reef Check site #6010,"Terengganu, Malaysia",5.75280555555556,103.029611111111,,,,
GCBD5686,Reef Check site #5686,"Terengganu, Malaysia",5.75388888888889,103.028916666667,,,,
GCBD5687,Reef Check site #5687,"Terengganu, Malaysia",5.75444444444444,103.001944444444,,,,
GCBD6011,Reef Check site #6011,"Terengganu, Malaysia",5.75527777777778,103.03,,,,
GCBD6012,Reef Check site #6012,"Terengganu, Malaysia",5.75752777777778,103.030333333333,,,,
GCBD6013,Reef Check site #6013,"Terengganu, Malaysia",5.75855555555556,103.029527777778,,,,
GCBD5688,Reef Check site #5688,"Terengganu, Malaysia",5.75863888888889,103.029388888889,,,,
GCBD5689,Reef Check site #5689,"Terengganu, Malaysia",5.761,103.026388888889,,,,
GCBD6014,Reef Check site #6014,"Terengganu, Malaysia",5.76222222222222,103.028055555556,,,,
GCBD6015,Reef Check site #6015,"Terengganu, Malaysia",5.76647222222222,103.032444444444,,,,
GCBD6016,Reef Check site #6016,"Terengganu, Malaysia",5.76777777777778,103.052222222222,,,,
GCBD5690,Reef Check site #5690,"Terengganu, Malaysia",5.76861111111111,103.035555555556,,,,
GCBD6017,Reef Check site #6017,"Terengganu, Malaysia",5.76944444444444,103.034444444444,,,,
GCBD5691,Reef Check site #5691,"Sabah, Malaysia",5.77166666666667,115.059166666667,,,,
GCBD6018,Reef Check site #6018,"Terengganu, Malaysia",5.77169444444444,103.039027777778,,,,
GCBD6019,Reef Check site #6019,"Terengganu, Malaysia",5.77169444444444,103.059111111111,,,,
GCBD5692,Reef Check site #5692,"Terengganu, Malaysia",5.77327777777778,103.059222222222,,,,
GCBD6020,Reef Check site #6020,"Terengganu, Malaysia",5.77361111111111,102.9925,,,,
GCBD6021,Reef Check site #6021,"Terengganu, Malaysia",5.77388888888889,103.059166666667,,,,
GCBD5693,Reef Check site #5693,"Terengganu, Malaysia",5.77444444444444,103.058055555556,,,,
GCBD6022,Reef Check site #6022,"Terengganu, Malaysia",5.77447222222222,103.033305555556,,,,
GCBD6023,Reef Check site #6023,"Terengganu, Malaysia",5.77583333333333,103.033583333333,,,,
GCBD6024,Reef Check site #6024,"Terengganu, Malaysia",5.77705555555556,103.04175,,,,
GCBD6025,Reef Check site #6025,"Terengganu, Malaysia",5.77722222222222,103.033888888889,,,,
GCBD9927,Beurawang,"Aceh, Indonesia",5.77751141,95.33685205,,,,
GCBD5694,Reef Check site #5694,"Terengganu, Malaysia",5.77961111111111,103.042611111111,,,,
GCBD7152,Donner site #7152,"Terengganu, Malaysia",5.781,102.996,,,,
GCBD6026,Reef Check site #6026,"Terengganu, Malaysia",5.78277777777778,103.035555555556,,,,
GCBD5695,Reef Check site #5695,"Terengganu, Malaysia",5.78836111111111,102.992611111111,,,,
GCBD5696,Reef Check site #5696,"Sabah, Malaysia",5.78972222222222,114.903333333333,,,,
GCBD15617,Lang Tengah House Reef,"Terengganu, Malaysia",5.79444444444444,102.892194444444,,,,
GCBD15618,Batu Bulan,"Terengganu, Malaysia",5.79677777777778,102.899638888889,,,,
GCBD5697,Reef Check site #5697,"Terengganu, Malaysia",5.7995,103.016944444444,,,,
GCBD9928,Jaboi,"Aceh, Indonesia",5.79977886,95.34604574,,,,
GCBD6027,Reef Check site #6027,"Terengganu, Malaysia",5.80305555555555,102.991944444444,,,,
GCBD9929,Ujung Seukeu,"Aceh, Indonesia",5.80833,95.37631,,,,
GCBD5698,Reef Check site #5698,"Terengganu, Malaysia",5.81444444444444,103.007222222222,,,,
GCBD5699,Reef Check site #5699,"Sabah, Malaysia",5.81444444444444,115.006944444444,,,,
GCBD5700,Reef Check site #5700,"Terengganu, Malaysia",5.81666666666667,103.009305555556,,,,
GCBD15619,Chagar Hutang East,"Terengganu, Malaysia",5.81766666666667,103.010361111111,,,,
GCBD9930,Anoi Itam,"Aceh, Indonesia",5.82573786,95.3782537,,,,
GCBD6029,Reef Check site #6029,"Terengganu, Malaysia",5.83647222222222,102.769916666667,,,,
GCBD9931,Benteng,"Aceh, Indonesia",5.84570498,95.37321534,,,,
GCBD6030,Reef Check site #6030,"Terengganu, Malaysia",5.84611111111111,103.03,,,,
GCBD9932,Gapang,"Aceh, Indonesia",5.85416157,95.27371142,,,,
GCBD4162,Reef Check site #4162,"Aceh, Indonesia",5.85444444444444,95.2722222222222,,,,
GCBD4163,Reef Check site #4163,"Aceh, Indonesia",5.85472222222222,95.2702777777778,,,,
GCBD9933,Reuteuk,"Aceh, Indonesia",5.85724938,95.36137892,,,,
GCBD9934,Batee Meronron,"Aceh, Indonesia",5.87351337,95.26466349,,,,
GCBD9935,Ujung Kareung,"Aceh, Indonesia",5.87618896,95.35361334,,,,
GCBD4164,Reef Check site #4164,"Aceh, Indonesia",5.88,95.2577777777778,,,,
GCBD5794,Donner site #5794,"Terengganu, Malaysia",5.88,102.74,,,,
GCBD9936,Rubiah Sea Garden,"Aceh, Indonesia",5.88145229,95.26064487,,,,
GCBD9937,Lucas Reef,"Aceh, Indonesia",5.88345,95.24502,,,,
GCBD9938,Rubiah Channel,"Aceh, Indonesia",5.88375287,95.25490981,,,,
GCBD6031,Reef Check site #6031,"Terengganu, Malaysia",5.88380555555556,102.741055555556,,,,
GCBD5701,Reef Check site #5701,"Terengganu, Malaysia",5.88405555555556,102.747027777778,,,,
GCBD15620,Bubbles Laut,"Terengganu, Malaysia",5.88508333333333,102.767277777778,,,,
GCBD15621,Bubbles Bay,"Terengganu, Malaysia",5.88511111111111,102.764777777778,,,,
GCBD6032,Reef Check site #6032,"Terengganu, Malaysia",5.88513888888889,102.766972222222,,,,
GCBD5702,Reef Check site #5702,"Terengganu, Malaysia",5.88602777777778,102.770277777778,,,,
GCBD15622,Bubbles Fringe Reef,"Terengganu, Malaysia",5.88611111111111,102.765333333333,,,,
GCBD6033,Reef Check site #6033,"Terengganu, Malaysia",5.88636111111111,102.747138888889,,,,
GCBD4183,"Sabang, Aceh","Aceh, Indonesia",5.887,95.313,,,,
GCBD9939,Sumur Tiga,"Aceh, Indonesia",5.88836753,95.34547082,,,,
GCBD9940,Ujung Seurawan,"Aceh, Indonesia",5.89558,95.23759,,,,
GCBD6034,Reef Check site #6034,"Terengganu, Malaysia",5.90347222222222,102.740111111111,,,,
GCBD4165,Reef Check site #4165,"Aceh, Indonesia",5.90638888888889,95.2222222222222,,,,
GCBD6035,Reef Check site #6035,"Terengganu, Malaysia",5.90886111111111,102.709555555556,,,,
GCBD6036,Reef Check site #6036,"Terengganu, Malaysia",5.91055555555556,102.715222222222,,,,
GCBD5703,Reef Check site #5703,"Terengganu, Malaysia",5.91061111111111,102.709805555556,,,,
GCBD5704,Reef Check site #5704,"Terengganu, Malaysia",5.91202777777778,102.744888888889,,,,
GCBD6037,Reef Check site #6037,"Terengganu, Malaysia",5.91213888888889,102.750083333333,,,,
GCBD5797,Donner site #5797,"Terengganu, Malaysia",5.913,102.717,,,,
GCBD5705,Reef Check site #5705,"Terengganu, Malaysia",5.91444444444444,102.754055555556,,,,
GCBD6038,Reef Check site #6038,"Terengganu, Malaysia",5.91697222222222,102.753888888889,,,,
GCBD5796,Donner site #5796,"Terengganu, Malaysia",5.918,102.76,,,,
GCBD5706,Reef Check site #5706,"Terengganu, Malaysia",5.92130555555556,102.72475,,,,
GCBD6039,Reef Check site #6039,"Terengganu, Malaysia",5.92325,102.758416666667,,,,
GCBD5707,Reef Check site #5707,"Terengganu, Malaysia",5.92355555555556,102.758305555556,,,,
GCBD5708,Reef Check site #5708,"Terengganu, Malaysia",5.93158333333333,102.723166666667,,,,
GCBD5709,Reef Check site #5709,"Terengganu, Malaysia",5.93908333333333,102.722027777778,,,,
GCBD6040,Reef Check site #6040,"Terengganu, Malaysia",5.94008333333333,102.72225,,,,
GCBD6041,Reef Check site #6041,"Terengganu, Malaysia",5.94122222222222,102.667472222222,,,,
GCBD5813,Donner site #5813,"Terengganu, Malaysia",5.95,102.71,,,,
GCBD6042,Reef Check site #6042,"Terengganu, Malaysia",5.95238888888889,102.708472222222,,,,
GCBD6043,Reef Check site #6043,"Sabah, Malaysia",5.95805555555556,115.991388888889,,,,
GCBD6044,Reef Check site #6044,"Sabah, Malaysia",5.95911111111111,115.991083333333,,,,
GCBD6045,Reef Check site #6045,"Sabah, Malaysia",5.96194444444444,115.994722222222,,,,
GCBD5710,Reef Check site #5710,"Johor, Malaysia",5.96216666666667,102.680833333333,,,,
GCBD6046,Reef Check site #6046,"Johor, Malaysia",5.96269444444444,102.680638888889,,,,
GCBD6047,Reef Check site #6047,"Sabah, Malaysia",5.96777777777778,116.012611111111,,,,
GCBD7933,Donner site #7933,"Southern Province, Sri Lanka",5.97,80.44,,,,
GCBD6048,Reef Check site #6048,"Sabah, Malaysia",5.97055555555556,115.98,,,,
GCBD6049,Reef Check site #6049,"Sabah, Malaysia",5.97055555555556,115.996666666667,,,,
GCBD6050,Reef Check site #6050,"Sabah, Malaysia",5.97077777777778,115.994305555556,,,,
GCBD6051,Reef Check site #6051,"Sabah, Malaysia",5.97388888888889,116.0125,,,,
GCBD6052,Reef Check site #6052,"Sabah, Malaysia",5.97405555555556,116.016527777778,,,,
GCBD6053,Reef Check site #6053,"Terengganu, Malaysia",5.98736111111111,102.739888888889,,,,
GCBD6054,Reef Check site #6054,"Sabah, Malaysia",5.99055555555556,116.040277777778,,,,
GCBD6055,Reef Check site #6055,"Sabah, Malaysia",6.0,116.0,,,,
GCBD6056,Reef Check site #6056,"Sabah, Malaysia",6.00638888888889,116.030833333333,,,,
GCBD6057,Reef Check site #6057,"Sabah, Malaysia",6.00694444444444,116.022222222222,,,,
GCBD6058,Reef Check site #6058,"Sabah, Malaysia",6.0075,116.022083333333,,,,
GCBD6059,Reef Check site #6059,"Sabah, Malaysia",6.00805555555556,116.003611111111,,,,
GCBD6060,Reef Check site #6060,"Sabah, Malaysia",6.00819444444444,116.022027777778,,,,
GCBD6061,Reef Check site #6061,"Sabah, Malaysia",6.00836111111111,116.031333333333,,,,
GCBD6062,Reef Check site #6062,"Sabah, Malaysia",6.01508333333333,116.049833333333,,,,
GCBD6063,Reef Check site #6063,"Sabah, Malaysia",6.01558333333333,116.050333333333,,,,
GCBD5785,Donner site #5785,"Sabah, Malaysia",6.0167,116.0333,,,,
GCBD6064,Reef Check site #6064,"Sabah, Malaysia",6.01686111111111,116.047944444444,,,,
GCBD6065,Reef Check site #6065,"Sabah, Malaysia",6.01777777777778,116.045277777778,,,,
GCBD6066,Reef Check site #6066,"Sabah, Malaysia",6.01805555555556,116.005277777778,,,,
GCBD1651,Donner site #1651,"Sabah, Malaysia",6.022,116.034,,,,
GCBD6067,Reef Check site #6067,"Sabah, Malaysia",6.02586111111111,116.004527777778,,,,
GCBD6068,Reef Check site #6068,"Sabah, Malaysia",6.02777777777778,116.052222222222,,,,
GCBD6069,Reef Check site #6069,"Sabah, Malaysia",6.03444444444444,116.028611111111,,,,
GCBD7935,Donner site #7935,"Southern Province, Sri Lanka",6.0357,80.1898,,,,
GCBD5786,Donner site #5786,"Sabah, Malaysia",6.0361,116.0322,,,,
GCBD6070,Reef Check site #6070,"Sabah, Malaysia",6.04138888888889,116.019722222222,,,,
GCBD5799,Donner site #5799,"Kedah, Malaysia",6.043,99.93,,,,
GCBD5793,Donner site #5793,"Kedah, Malaysia",6.05,100.04,,,,
GCBD5804,Donner site #5804,"Kedah, Malaysia",6.054,100.04,,,,
GCBD5800,Donner site #5800,"Kedah, Malaysia",6.055,100.042,,,,
GCBD6071,Reef Check site #6071,"Kedah, Malaysia",6.05619444444444,100.035944444444,,,,
GCBD5801,Donner site #5801,"Kedah, Malaysia",6.059,100.043,,,,
GCBD5711,Reef Check site #5711,"Kedah, Malaysia",6.06063888888889,100.041194444444,,,,
GCBD5712,Reef Check site #5712,"Kedah, Malaysia",6.06169444444444,100.038805555556,,,,
GCBD5521,Donner site #5521,"Kedah, Malaysia",6.063,100.04,,,,
GCBD5803,Donner site #5803,"Kedah, Malaysia",6.064,100.036,,,,
GCBD5713,Reef Check site #5713,"Kedah, Malaysia",6.06586111111111,100.043444444444,,,,
GCBD6072,Reef Check site #6072,"Kedah, Malaysia",6.06602777777778,100.040611111111,,,,
GCBD6073,Reef Check site #6073,"Kedah, Malaysia",6.06936111111111,100.046777777778,,,,
GCBD5802,Donner site #5802,"Kedah, Malaysia",6.07,100.059,,,,
GCBD5714,Reef Check site #5714,"Kedah, Malaysia",6.07155555555556,100.051111111111,,,,
GCBD5798,Donner site #5798,"Kedah, Malaysia",6.072,100.049,,,,
GCBD4370,Reef Check site #4370,"Aceh, Indonesia",6.0725,95.1209444444444,,,,
GCBD5715,Reef Check site #5715,"Kedah, Malaysia",6.07313888888889,100.057388888889,,,,
GCBD4371,Reef Check site #4371,"Aceh, Indonesia",6.07641666666667,95.1129166666667,,,,
GCBD6074,Reef Check site #6074,"Sabah, Malaysia",6.08408333333333,116.008805555556,,,,
GCBD7934,Donner site #7934,"Southern Province, Sri Lanka",6.0985,81.2873,,,,
GCBD7936,Donner site #7936,"Southern Province, Sri Lanka",6.1167,80.0667,,,,
GCBD7942,Donner site #7942,"Southern Province, Sri Lanka",6.131,80.0725,,,,
GCBD6075,Reef Check site #6075,"Sabah, Malaysia",6.15447222222222,118.058527777778,,,,
GCBD6076,Reef Check site #6076,"Sabah, Malaysia",6.16341666666667,118.108055555556,,,,
GCBD6077,Reef Check site #6077,"Sabah, Malaysia",6.16986111111111,118.108944444444,,,,
GCBD6078,Reef Check site #6078,"Sabah, Malaysia",6.17336111111111,118.071444444444,,,,
GCBD7937,Donner site #7937,"Southern Province, Sri Lanka",6.1744,80.0661,,,,
GCBD6079,Reef Check site #6079,"Sabah, Malaysia",6.18022222222222,118.063388888889,,,,
GCBD7944,Donner site #7944,"Southern Province, Sri Lanka",6.3203,81.6206,,,,
GCBD6080,Reef Check site #6080,"Sabah, Malaysia",6.34975,116.309722222222,,,,
GCBD6081,Reef Check site #6081,"Sabah, Malaysia",6.35316666666667,116.310222222222,,,,
GCBD6082,Reef Check site #6082,"Sabah, Malaysia",6.35441666666667,116.311111111111,,,,
GCBD6083,Reef Check site #6083,"Sabah, Malaysia",6.36844444444444,116.318944444444,,,,
GCBD6084,Reef Check site #6084,"Sabah, Malaysia",6.36880555555556,116.330888888889,,,,
GCBD6085,Reef Check site #6085,"Sabah, Malaysia",6.37202777777778,116.323972222222,,,,
GCBD6086,Reef Check site #6086,"Sabah, Malaysia",6.37425,116.343111111111,,,,
GCBD6087,Reef Check site #6087,"Sabah, Malaysia",6.38944444444444,116.331194444444,,,,
GCBD6088,Reef Check site #6088,"Sabah, Malaysia",6.39002777777778,116.322777777778,,,,
GCBD6089,Reef Check site #6089,"Sabah, Malaysia",6.39363888888889,116.328222222222,,,,
GCBD8157,Donner site #8157,"Narathiwat District, Thailand",6.4025,101.9067,,,,
GCBD5780,Donner site #5780,"Kedah, Malaysia",6.44,99.69,,,,
GCBD5716,Reef Check site #5716,"Sabah, Malaysia",6.47908333333333,117.890805555556,,,,
GCBD5717,Reef Check site #5717,"Sabah, Malaysia",6.48330555555556,117.893222222222,,,,
GCBD5718,Reef Check site #5718,"Sabah, Malaysia",6.48636111111111,117.911166666667,,,,
GCBD5719,Reef Check site #5719,"Sabah, Malaysia",6.48986111111111,117.915611111111,,,,
GCBD5720,Reef Check site #5720,"Sabah, Malaysia",6.49825,117.927222222222,,,,
GCBD5721,Reef Check site #5721,"Sabah, Malaysia",6.49833333333333,117.911361111111,,,,
GCBD5722,Reef Check site #5722,"Sabah, Malaysia",6.50055555555556,117.920277777778,,,,
GCBD5723,Reef Check site #5723,"Sabah, Malaysia",6.50536111111111,117.928944444444,,,,
GCBD5724,Reef Check site #5724,"Sabah, Malaysia",6.50652777777778,117.927527777778,,,,
GCBD6091,Reef Check site #6091,"Sabah, Malaysia",6.50777777777778,117.911111111111,,,,
GCBD6092,Reef Check site #6092,"Sabah, Malaysia",6.50783333333333,117.920305555556,,,,
GCBD6093,Reef Check site #6093,"Sabah, Malaysia",6.50791666666667,117.916972222222,,,,
GCBD6094,Reef Check site #6094,"Sabah, Malaysia",6.50797222222222,117.912138888889,,,,
GCBD6095,Reef Check site #6095,"Sabah, Malaysia",6.50861111111111,117.912916666667,,,,
GCBD5725,Reef Check site #5725,"Sabah, Malaysia",6.51344444444444,117.905611111111,,,,
GCBD6096,Reef Check site #6096,"Sabah, Malaysia",6.51355555555556,117.920666666667,,,,
GCBD5726,Reef Check site #5726,"Sabah, Malaysia",6.51388888888889,117.924305555556,,,,
GCBD5727,Reef Check site #5727,"Sabah, Malaysia",6.52038888888889,117.929583333333,,,,
GCBD5728,Reef Check site #5728,"Sabah, Malaysia",6.52097222222222,117.915722222222,,,,
GCBD8257,Tarutao,"Satun District, Thailand",6.5333,99.1833,,,,
GCBD8273,Reef Check site #8273,"Satun District, Thailand",6.53333333333333,99.1819444444445,,,,
GCBD8274,Reef Check site #8274,"Satun District, Thailand",6.53611111111111,99.2163888888889,,,,
GCBD6097,Reef Check site #6097,"Sabah, Malaysia",6.54097222222222,117.920027777778,,,,
GCBD5729,Reef Check site #5729,"Sabah, Malaysia",6.54363888888889,117.920027777778,,,,
GCBD5730,Reef Check site #5730,"Sabah, Malaysia",6.55205555555556,117.924694444444,,,,
GCBD5731,Reef Check site #5731,"Sabah, Malaysia",6.55208333333333,117.935694444444,,,,
GCBD8275,Reef Check site #8275,"Satun District, Thailand",6.55277777777778,99.2611111111111,,,,
GCBD6098,Reef Check site #6098,"Sabah, Malaysia",6.55402777777778,117.922583333333,,,,
GCBD5732,Reef Check site #5732,"Sabah, Malaysia",6.56211111111111,117.920166666667,,,,
GCBD15623,Koh Lek East,"Satun District, Thailand",6.56536111111111,99.3471666666667,,,,
GCBD6099,Reef Check site #6099,"Sabah, Malaysia",6.56769444444444,117.899722222222,,,,
GCBD5787,Donner site #5787,"Sabah, Malaysia",6.61,117.87,,,,
GCBD5733,Reef Check site #5733,"Sabah, Malaysia",6.70122222222222,116.338555555556,,,,
GCBD5734,Reef Check site #5734,"Sabah, Malaysia",6.70227777777778,116.363527777778,,,,
GCBD5735,Reef Check site #5735,"Sabah, Malaysia",6.70513888888889,116.320527777778,,,,
GCBD6100,Reef Check site #6100,"Sabah, Malaysia",6.70647222222222,116.334722222222,,,,
GCBD5736,Reef Check site #5736,"Sabah, Malaysia",6.70652777777778,116.316694444444,,,,
GCBD5737,Reef Check site #5737,"Sabah, Malaysia",6.70652777777778,116.329527777778,,,,
GCBD6101,Reef Check site #6101,"Sabah, Malaysia",6.70661111111111,116.32125,,,,
GCBD15624,Southeast Point,"Sabah, Malaysia",6.70755555555556,116.372138888889,,,,
GCBD5738,Reef Check site #5738,"Sabah, Malaysia",6.70966666666667,116.323444444444,,,,
GCBD6102,Reef Check site #6102,"Sabah, Malaysia",6.71272222222222,116.329527777778,,,,
GCBD6103,Reef Check site #6103,"Sabah, Malaysia",6.71338888888889,116.323361111111,,,,
GCBD5739,Reef Check site #5739,"Sabah, Malaysia",6.71386111111111,116.334722222222,,,,
GCBD6104,Reef Check site #6104,"Sabah, Malaysia",6.71644444444444,116.349083333333,,,,
GCBD5740,Reef Check site #5740,"Sabah, Malaysia",6.71822222222222,116.359444444444,,,,
GCBD5741,Reef Check site #5741,"Sabah, Malaysia",6.71827777777778,116.359527777778,,,,
GCBD5742,Reef Check site #5742,"Sabah, Malaysia",6.71986111111111,116.340888888889,,,,
GCBD5743,Reef Check site #5743,"Sabah, Malaysia",6.72011111111111,116.368416666667,,,,
GCBD5744,Reef Check site #5744,"Sabah, Malaysia",6.72158333333333,116.348416666667,,,,
GCBD5745,Reef Check site #5745,"Sabah, Malaysia",6.80402777777778,117.423388888889,,,,
GCBD15625,Lundayang,"Sabah, Malaysia",6.81227777777778,117.359722222222,,,,
GCBD15626,Tigabu South,"Sabah, Malaysia",6.82041666666667,117.473444444444,,,,
GCBD15627,Limau-limauan,"Sabah, Malaysia",6.82338888888889,116.873888888889,,,,
GCBD8258,Mu Ko Phetra,"Satun District, Thailand",6.85,99.5667,,,,
GCBD15628,Tampakan,"Sabah, Malaysia",6.85558333333333,116.860583333333,,,,
GCBD5746,Reef Check site #5746,"Sabah, Malaysia",6.86791666666667,117.555583333333,,,,
GCBD15629,Lubani Rock,"Sabah, Malaysia",6.88702777777778,117.379833333333,,,,
GCBD5747,Reef Check site #5747,"Sabah, Malaysia",6.89055555555556,117.377055555556,,,,
GCBD5748,Reef Check site #5748,"Sabah, Malaysia",6.89380555555555,117.348416666667,,,,
GCBD6105,Reef Check site #6105,"Sabah, Malaysia",6.89569444444444,117.516166666667,,,,
GCBD15630,Pantai Bahagia,"Sabah, Malaysia",6.91863888888889,116.848472222222,,,,
GCBD8255,Laem Son,"Satun District, Thailand",6.921,99.6996,,,,
GCBD5749,Reef Check site #5749,"Sabah, Malaysia",6.92755555555556,117.349555555556,,,,
GCBD15631,Mandidarah,"Sabah, Malaysia",6.93180555555556,117.349722222222,,,,
GCBD6106,Reef Check site #6106,"Sabah, Malaysia",6.93997222222222,117.015555555556,,,,
GCBD15632,BP 4,"Sabah, Malaysia",6.94094444444444,117.018555555556,,,,
GCBD6107,Reef Check site #6107,"Sabah, Malaysia",6.94772222222222,117.010527777778,,,,
GCBD15633,Linggisan,"Sabah, Malaysia",6.95486111111111,117.278361111111,,,,
GCBD15634,BP1,"Sabah, Malaysia",6.95575,117.01,,,,
GCBD6108,Reef Check site #6108,"Sabah, Malaysia",6.95577777777778,117.005722222222,,,,
GCBD5750,Reef Check site #5750,"Sabah, Malaysia",6.95694444444444,116.89575,,,,
GCBD5751,Reef Check site #5751,"Sabah, Malaysia",6.96480555555556,117.302055555556,,,,
GCBD6109,Reef Check site #6109,"Sabah, Malaysia",6.96566666666667,117.018972222222,,,,
GCBD15635,Buwaning,"Sabah, Malaysia",6.98411111111111,117.498638888889,,,,
GCBD7938,Donner site #7938,"Western Province, Sri Lanka",6.9996,79.7948,,,,
GCBD5752,Reef Check site #5752,"Sabah, Malaysia",7.00372222222222,117.446222222222,,,,
GCBD5753,Reef Check site #5753,"Sabah, Malaysia",7.02088888888889,117.412888888889,,,,
GCBD15636,Pancang Pukul,"Sabah, Malaysia",7.03377777777778,117.073472222222,,,,
GCBD15637,Belaruan,"Sabah, Malaysia",7.03458333333333,117.003111111111,,,,
GCBD5754,Reef Check site #5754,"Sabah, Malaysia",7.041,117.442861111111,,,,
GCBD15638,Straggler,"Sabah, Malaysia",7.04386111111111,117.465166666667,,,,
GCBD15639,Paliuk Is,"Sabah, Malaysia",7.05197222222222,117.363666666667,,,,
GCBD6110,Reef Check site #6110,"Sabah, Malaysia",7.07383333333333,117.021972222222,,,,
GCBD6111,Reef Check site #6111,"Sabah, Malaysia",7.07616666666667,117.014805555556,,,,
GCBD6112,Reef Check site #6112,"Sabah, Malaysia",7.07844444444444,117.029527777778,,,,
GCBD6113,Reef Check site #6113,"Sabah, Malaysia",7.08047222222222,117.013444444444,,,,
GCBD15640,Pulau Mati,"Sabah, Malaysia",7.08127777777778,117.247861111111,,,,
GCBD15641,Maliangin Besar 5,"Sabah, Malaysia",7.0815,117.054222222222,,,,
GCBD5755,Reef Check site #5755,"Sabah, Malaysia",7.08247222222222,117.440888888889,,,,
GCBD6114,Reef Check site #6114,"Sabah, Malaysia",7.08352777777778,117.038527777778,,,,
GCBD6115,Reef Check site #6115,"Sabah, Malaysia",7.08508333333333,117.038916666667,,,,
GCBD15642,Maliangin Besar 4,"Sabah, Malaysia",7.08597222222222,117.060944444444,,,,
GCBD15643,Straggler Island,"Sabah, Malaysia",7.08730555555556,117.470472222222,,,,
GCBD3833,Donner site #3833,"Tamil Nadu, India",7.089,78.491,,,,
GCBD6116,Reef Check site #6116,"Sabah, Malaysia",7.09052777777778,117.055166666667,,,,
GCBD6117,Reef Check site #6117,"Sabah, Malaysia",7.09463888888889,117.023361111111,,,,
GCBD5756,Reef Check site #5756,"Sabah, Malaysia",7.09583333333333,117.481805555556,,,,
GCBD15644,Patanunan,"Sabah, Malaysia",7.09922222222222,117.087027777778,,,,
GCBD5757,Reef Check site #5757,"Sabah, Malaysia",7.09966666666667,117.071333333333,,,,
GCBD6118,Reef Check site #6118,"Sabah, Malaysia",7.10047222222222,117.029527777778,,,,
GCBD5758,Reef Check site #5758,"Sabah, Malaysia",7.1015,117.078833333333,,,,
GCBD5759,Reef Check site #5759,"Sabah, Malaysia",7.10233333333333,117.1235,,,,
GCBD5760,Reef Check site #5760,"Sabah, Malaysia",7.10316666666667,117.093166666667,,,,
GCBD5761,Reef Check site #5761,"Sabah, Malaysia",7.10472222222222,117.092666666667,,,,
GCBD5762,Reef Check site #5762,"Sabah, Malaysia",7.10816666666667,117.096333333333,,,,
GCBD5763,Reef Check site #5763,"Sabah, Malaysia",7.1105,117.097666666667,,,,
GCBD5764,Reef Check site #5764,"Sabah, Malaysia",7.11577777777778,117.105194444444,,,,
GCBD15645,Sibaliu South,"Sabah, Malaysia",7.11616666666667,117.379472222222,,,,
GCBD5765,Reef Check site #5765,"Sabah, Malaysia",7.11647222222222,117.125638888889,,,,
GCBD5766,Reef Check site #5766,"Sabah, Malaysia",7.11666666666667,117.126166666667,,,,
GCBD5767,Reef Check site #5767,"Sabah, Malaysia",7.11702777777778,117.118361111111,,,,
GCBD5768,Reef Check site #5768,"Sabah, Malaysia",7.11766666666667,117.107333333333,,,,
GCBD15646,Fairway Shoal,"Sabah, Malaysia",7.11925,117.50925,,,,
GCBD5769,Reef Check site #5769,"Sabah, Malaysia",7.12,117.116166666667,,,,
GCBD5770,Reef Check site #5770,"Sabah, Malaysia",7.12233333333333,117.133,,,,
GCBD5771,Reef Check site #5771,"Sabah, Malaysia",7.1295,117.1465,,,,
GCBD5772,Reef Check site #5772,"Sabah, Malaysia",7.131,117.1215,,,,
GCBD5773,Reef Check site #5773,"Sabah, Malaysia",7.13266666666667,117.126666666667,,,,
GCBD5774,Reef Check site #5774,"Sabah, Malaysia",7.134,117.15,,,,
GCBD6119,Reef Check site #6119,"Sabah, Malaysia",7.18608333333333,116.864333333333,,,,
GCBD6120,Reef Check site #6120,"Sabah, Malaysia",7.18941666666667,116.869722222222,,,,
GCBD15647,Bankawan Reef SW,"Sabah, Malaysia",7.18944444444444,117.288277777778,,,,
GCBD15648,Sibaliu North,"Sabah, Malaysia",7.18983333333333,117.370222222222,,,,
GCBD6121,Reef Check site #6121,"Sabah, Malaysia",7.19416666666667,117.296666666667,,,,
GCBD5775,Reef Check site #5775,"Sabah, Malaysia",7.19933333333333,117.285333333333,,,,
GCBD6122,Reef Check site #6122,"Sabah, Malaysia",7.20341666666667,116.843194444444,,,,
GCBD15649,Purukan Sibaliu NE,"Sabah, Malaysia",7.20877777777778,117.469166666667,,,,
GCBD6123,Reef Check site #6123,"Sabah, Malaysia",7.23233333333333,117.295333333333,,,,
GCBD15650,Sibogo,"Sabah, Malaysia",7.23508333333333,117.376444444444,,,,
GCBD6124,Reef Check site #6124,"Sabah, Malaysia",7.26033333333333,117.348333333333,,,,
GCBD6125,Reef Check site #6125,"Sabah, Malaysia",7.2665,117.3755,,,,
GCBD6126,Reef Check site #6126,"Sabah, Malaysia",7.28433333333333,117.321166666667,,,,
GCBD15651,Outer Latoan Patch,"Sabah, Malaysia",7.29297222222222,117.368305555556,,,,
GCBD6127,Reef Check site #6127,"Sabah, Malaysia",7.3,117.2775,,,,
GCBD8256,Hat Chao Mai,"Trang, Thailand",7.3167,99.25,,,,
GCBD6128,Reef Check site #6128,"Sabah, Malaysia",7.33883333333333,117.3555,,,,
GCBD6129,Reef Check site #6129,"Sabah, Malaysia",7.34716666666667,117.347,,,,
GCBD15652,Malundangan Kecil,"Sabah, Malaysia",7.34933333333333,117.351722222222,,,,
GCBD6130,Reef Check site #6130,"Sabah, Malaysia",7.35183333333333,117.285055555556,,,,
GCBD15653,Kapitangan,"Sabah, Malaysia",7.353,117.136833333333,,,,
GCBD15654,Simanguak,"Sabah, Malaysia",7.35633333333333,117.054722222222,,,,
GCBD15655,Balambangan,"Sabah, Malaysia",7.35736111111111,116.971527777778,,,,
GCBD6131,Reef Check site #6131,"Sabah, Malaysia",7.37266666666667,117.222166666667,,,,
GCBD6132,Reef Check site #6132,"Sabah, Malaysia",7.37533333333333,117.325,,,,
GCBD6133,Reef Check site #6133,"Sabah, Malaysia",7.37783333333333,117.201666666667,,,,
GCBD6134,Reef Check site #6134,"Sabah, Malaysia",7.38966666666667,117.353333333333,,,,
GCBD15656,Banggi Outer Reef NE,"Sabah, Malaysia",7.39097222222222,117.358527777778,,,,
GCBD6135,Reef Check site #6135,"Sabah, Malaysia",7.39333333333333,117.3435,,,,
GCBD8252,Mu Ko Lanta,"Trang, Thailand",7.4,99.2167,,,,
GCBD8171,Reef Check site #8171,"Phuket, Thailand",7.518,98.3368333333333,,,,
GCBD8172,Reef Check site #8172,"Phuket, Thailand",7.59666666666667,98.3802777777778,,,,
GCBD8173,Reef Check site #8173,"Phuket, Thailand",7.59783333333333,98.3776666666667,,,,
GCBD8174,Reef Check site #8174,"Phuket, Thailand",7.60366666666667,98.378,,,,
GCBD8175,Reef Check site #8175,"Phuket, Thailand",7.60466666666667,98.3803333333333,,,,
GCBD8276,Reef Check site #8276,"Phuket, Thailand",7.60730555555556,98.3775555555555,,,,
GCBD8176,Reef Check site #8176,"Phuket, Thailand",7.60888888888889,98.3661111111111,,,,
GCBD8177,Reef Check site #8177,"Phuket, Thailand",7.612,98.3715,,,,
GCBD8277,Reef Check site #8277,"Krabi, Thailand",7.65369444444444,98.7586388888889,,,,
GCBD8178,Reef Check site #8178,"Krabi, Thailand",7.66777777777778,98.7677777777778,,,,
GCBD8278,Reef Check site #8278,"Krabi, Thailand",7.69163888888889,98.7675277777778,,,,
GCBD7939,Donner site #7939,"Eastern Province, Sri Lanka",7.7221,81.7278,,,,
GCBD8279,Reef Check site #8279,"Krabi, Thailand",7.72863888888889,98.7693888888889,,,,
GCBD8261,Donner site #8261,"Krabi, Thailand",7.73,98.74,,,,
GCBD8179,Reef Check site #8179,"Phuket, Thailand",7.744,98.3841666666667,,,,
GCBD8170,Hat Noppharat Thara Ã Mu Ko Phi Phi,"Krabi, Thailand",7.7833,98.7667,,,,
GCBD8180,Reef Check site #8180,"Phuket, Thailand",7.7905,98.2911666666667,,,,
GCBD8181,Reef Check site #8181,"Phuket, Thailand",7.802,98.4085,,,,
GCBD8280,Reef Check site #8280,"Krabi, Thailand",7.81191666666667,98.7710555555555,,,,
GCBD8182,Reef Check site #8182,"Phuket, Thailand",7.81913888888889,98.28675,,,,
GCBD8183,Reef Check site #8183,"Phuket, Thailand",7.8195,98.29225,,,,
GCBD8184,Reef Check site #8184,"Phang Nga Province, Thailand",7.88741666666667,98.5185833333333,,,,
GCBD8185,Reef Check site #8185,"Phuket, Thailand",7.88841666666667,98.2862222222222,,,,
GCBD8186,Reef Check site #8186,"Phuket, Thailand",7.89016666666667,98.5198888888889,,,,
GCBD8187,Reef Check site #8187,"Phuket, Thailand",7.89280555555556,98.2657222222222,,,,
GCBD8188,Reef Check site #8188,"Phuket, Thailand",7.91933333333333,98.2693333333333,,,,
GCBD8189,Reef Check site #8189,"Phuket, Thailand",7.923,98.269,,,,
GCBD8281,Reef Check site #8281,"Krabi, Thailand",7.93794444444444,98.8936111111111,,,,
GCBD8190,Reef Check site #8190,"Krabi, Thailand",7.94483333333333,98.7808333333333,,,,
GCBD8191,Reef Check site #8191,"Phuket, Thailand",7.947,98.2726944444444,,,,
GCBD8192,Reef Check site #8192,"Phuket, Thailand",7.94766666666667,98.2716666666667,,,,
GCBD8193,Reef Check site #8193,"Krabi, Thailand",7.94833333333333,98.7956666666667,,,,
GCBD8282,Reef Check site #8282,"Krabi, Thailand",7.95,98.78,,,,
GCBD8283,Reef Check site #8283,"Krabi, Thailand",7.95,98.8333333333333,,,,
GCBD8284,Reef Check site #8284,"Krabi, Thailand",7.95,98.85,,,,
GCBD8285,Reef Check site #8285,"Krabi, Thailand",7.95188888888889,98.8411111111111,,,,
GCBD8150,Donner site #8150,"Phuket, Thailand",8.0,98.33,,,,
GCBD8155,Donner site #8155,"Phuket, Thailand",8.0,98.3333,,,,
GCBD8263,Donner site #8263,"Phang Nga Province, Thailand",8.0,98.5,,,,
GCBD8194,Reef Check site #8194,"Phuket, Thailand",8.03066666666667,98.2623333333333,,,,
GCBD8152,Donner site #8152,"Phuket, Thailand",8.095,98.302,,,,
GCBD8260,Donner site #8260,"Phuket, Thailand",8.104,98.302,,,,
GCBD8156,Donner site #8156,"Phuket, Thailand",8.1042,98.3028,,,,
GCBD8259,Sirinat,"Phuket, Thailand",8.1065,98.2995,,,,
GCBD8195,Reef Check site #8195,"Phuket, Thailand",8.14866666666667,98.287,,,,
GCBD3806,Donner site #3806,"Lakshadweep Islands, India",8.2833,73.0667,,,,
GCBD7237,Donner site #7237,"Zamboanga Peninsula, Philippines",8.351,122.3436,,,,
GCBD7932,Donner site #7932,"North Western Province, Sri Lanka",8.409,79.752,,,,
GCBD8196,Reef Check site #8196,"Phang Nga Province, Thailand",8.47361111111111,97.6555555555556,,,,
GCBD8197,Reef Check site #8197,"Phang Nga Province, Thailand",8.48551666666667,97.6465277777778,,,,
GCBD8198,Reef Check site #8198,"Phang Nga Province, Thailand",8.50472222222222,97.6722222222222,,,,
GCBD8199,Reef Check site #8199,"Phang Nga Province, Thailand",8.50483333333333,97.6416666666667,,,,
GCBD8200,Reef Check site #8200,"Phang Nga Province, Thailand",8.505,97.7569444444444,,,,
GCBD8201,Reef Check site #8201,"Phang Nga Province, Thailand",8.57233333333333,97.6365,,,,
GCBD8202,Reef Check site #8202,"Phang Nga Province, Thailand",8.57333333333333,97.6351666666667,,,,
GCBD7954,Reef Check site #7954,"Eastern Province, Sri Lanka",8.57338888888889,81.2395555555556,,,,
GCBD7940,Dutch Bay,"Eastern Province, Sri Lanka",8.574,81.242,,,,
GCBD8203,Reef Check site #8203,"Phang Nga Province, Thailand",8.58833333333333,97.6406944444444,,,,
GCBD8204,Reef Check site #8204,"Phang Nga Province, Thailand",8.58861111111111,97.5616666666667,,,,
GCBD8253,Mu Ko Similan,"Phang Nga Province, Thailand",8.5892,98.2288,,,,
GCBD8205,Reef Check site #8205,"Phang Nga Province, Thailand",8.59266666666667,97.6413333333333,,,,
GCBD8206,Reef Check site #8206,"Phang Nga Province, Thailand",8.59366666666667,97.64,,,,
GCBD5791,Donner site #5791,"Spratly Islands, Philippines",8.6366,111.924,,,,
GCBD9700,Reef Check site #9700,"Vungtau-Baria, Vietnam",8.63972222222222,106.632222222222,,,,
GCBD9574,Reef Check site #9574,"Vungtau-Baria, Vietnam",8.63972222222222,106.632333333333,,,,
GCBD8207,Reef Check site #8207,"Phang Nga Province, Thailand",8.65066666666667,97.6566666666667,,,,
GCBD9575,Reef Check site #9575,"Vungtau-Baria, Vietnam",8.65105555555556,106.673722222222,,,,
GCBD9576,Reef Check site #9576,"Vungtau-Baria, Vietnam",8.65555555555556,106.607777777778,,,,
GCBD8208,Reef Check site #8208,"Phang Nga Province, Thailand",8.65616666666667,97.658,,,,
GCBD8153,Donner site #8153,"Phang Nga Province, Thailand",8.658,97.646,,,,
GCBD8209,Reef Check site #8209,"Phang Nga Province, Thailand",8.66027777777778,97.635,,,,
GCBD9701,Reef Check site #9701,"Vungtau-Baria, Vietnam",8.66055555555556,106.673888888889,,,,
GCBD8242,Donner site #8242,"Phang Nga Province, Thailand",8.661,97.652,,,,
GCBD8286,Reef Check site #8286,"Phang Nga Province, Thailand",8.66266666666667,98.2345555555556,,,,
GCBD8210,Reef Check site #8210,"Phang Nga Province, Thailand",8.6645,97.657,,,,
GCBD8211,Reef Check site #8211,"Phang Nga Province, Thailand",8.665,97.6488333333333,,,,
GCBD8212,Reef Check site #8212,"Phang Nga Province, Thailand",8.66516666666667,97.6481666666667,,,,
GCBD9577,Reef Check site #9577,"Vungtau-Baria, Vietnam",8.66666666666667,106.666666666667,,,,
GCBD9578,Reef Check site #9578,"Vungtau-Baria, Vietnam",8.66686111111111,106.56325,,,,
GCBD9702,Reef Check site #9702,"Vungtau-Baria, Vietnam",8.66861111111111,106.63,,,,
GCBD9579,Reef Check site #9579,"Vungtau-Baria, Vietnam",8.68363888888889,106.738333333333,,,,
GCBD9580,Reef Check site #9580,"Vungtau-Baria, Vietnam",8.69,106.736666666667,,,,
GCBD9703,Reef Check site #9703,"Vungtau-Baria, Vietnam",8.6925,106.6775,,,,
GCBD9704,Reef Check site #9704,"Vungtau-Baria, Vietnam",8.69277777777778,106.6475,,,,
GCBD9581,Reef Check site #9581,"Vungtau-Baria, Vietnam",8.69294444444444,106.647638888889,,,,
GCBD7941,Donner site #7941,"Northern Province, Sri Lanka",8.6961,79.8677,,,,
GCBD9582,Reef Check site #9582,"Vungtau-Baria, Vietnam",8.70666666666667,106.648333333333,,,,
GCBD9690,Donner site #9690,"Vungtau-Baria, Vietnam",8.711,106.6497,,,,
GCBD7943,Donner site #7943,"Eastern Province, Sri Lanka",8.7167,81.2,,,,
GCBD7224,Donner site #7224,"Mimaropa, Philippines",8.72,119.8,,,,
GCBD7955,Reef Check site #7955,"Eastern Province, Sri Lanka",8.72063888888889,81.2032777777778,,,,
GCBD7956,Reef Check site #7956,"Eastern Province, Sri Lanka",8.73666666666667,81.1765,,,,
GCBD9583,Reef Check site #9583,"Vungtau-Baria, Vietnam",8.74713888888889,106.630361111111,,,,
GCBD9705,Reef Check site #9705,"Vungtau-Baria, Vietnam",8.74722222222222,106.630277777778,,,,
GCBD3818,Donner site #3818,"Tamil Nadu, India",8.75,78.216,,,,
GCBD3822,Donner site #3822,"Tamil Nadu, India",8.836,78.21,,,,
GCBD3817,Donner site #3817,"Tamil Nadu, India",8.8667,78.65,,,,
GCBD3823,Donner site #3823,"Tamil Nadu, India",8.868,78.225,,,,
GCBD9584,Reef Check site #9584,"Vungtau-Baria, Vietnam",8.87722222222222,106.648055555556,,,,
GCBD9585,Reef Check site #9585,"Vungtau-Baria, Vietnam",8.93694444444444,106.946388888889,,,,
GCBD3824,Donner site #3824,"Tamil Nadu, India",8.954,78.252,,,,
GCBD9586,Reef Check site #9586,"Vungtau-Baria, Vietnam",8.96666666666667,106.926111111111,,,,
GCBD9587,Reef Check site #9587,"Vungtau-Baria, Vietnam",8.98805555555555,106.913055555556,,,,
GCBD3819,Donner site #3819,"Tamil Nadu, India",9.0,79.0,,,,
GCBD3825,Donner site #3825,"Tamil Nadu, India",9.01,78.11,,,,
GCBD3802,Donner site #3802,"Tamil Nadu, India",9.02,78.72,,,,
GCBD3821,Donner site #3821,"Tamil Nadu, India",9.023,78.22,,,,
GCBD7283,Reef Check site #7283,"Central Visayas, Philippines",9.05638888888889,123.108361111111,,,,
GCBD7284,Reef Check site #7284,"Central Visayas, Philippines",9.05641666666667,123.136194444444,,,,
GCBD7155,Reef Check site #7155,"Central Visayas, Philippines",9.07111111111111,123.27125,,,,
GCBD7156,Reef Check site #7156,"Central Visayas, Philippines",9.07116666666667,123.272416666667,,,,
GCBD7285,Reef Check site #7285,"Central Visayas, Philippines",9.07516666666667,123.164722222222,,,,
GCBD7216,Donner site #7216,"Central Visayas, Philippines",9.08,123.2667,,,,
GCBD7157,Reef Check site #7157,"Central Visayas, Philippines",9.08125,123.168777777778,,,,
GCBD7234,Donner site #7234,"Central Visayas, Philippines",9.0833,123.2667,,,,
GCBD7219,Donner site #7219,"Mimaropa, Philippines",9.0889,118.2272,,,,
GCBD3826,Donner site #3826,"Tamil Nadu, India",9.089,78.491,,,,
GCBD7286,Reef Check site #7286,"Central Visayas, Philippines",9.10741666666667,123.208555555556,,,,
GCBD8287,Reef Check site #8287,"Phang Nga Province, Thailand",9.13383333333333,98.2534722222222,,,,
GCBD8288,Reef Check site #8288,"Phang Nga Province, Thailand",9.135,98.253,,,,
GCBD8289,Reef Check site #8289,"Phang Nga Province, Thailand",9.13580555555555,98.2534722222222,,,,
GCBD3836,Donner site #3836,"Tamil Nadu, India",9.14,78.5,,,,
GCBD3834,Donner site #3834,"Tamil Nadu, India",9.153,78.73,,,,
GCBD3827,Donner site #3827,"Tamil Nadu, India",9.165,78.82,,,,
GCBD9588,Reef Check site #9588,"Kien Giang, Vietnam",9.17033333333333,103.290305555556,,,,
GCBD9589,Reef Check site #9589,"Kien Giang, Vietnam",9.17236111111111,103.287,,,,
GCBD7287,Reef Check site #7287,"Central Visayas, Philippines",9.18172222222222,123.258333333333,,,,
GCBD3828,Donner site #3828,"Tamil Nadu, India",9.186,79.128,,,,
GCBD9590,Reef Check site #9590,"Kien Giang, Vietnam",9.192,103.320611111111,,,,
GCBD9591,Reef Check site #9591,"Kien Giang, Vietnam",9.19558333333333,103.323861111111,,,,
GCBD7217,Donner site #7217,"Central Visayas, Philippines",9.2,123.34,,,,
GCBD8158,Donner site #8158,"Surat Thani, Thailand",9.209,99.3818,,,,
GCBD3829,Donner site #3829,"Tamil Nadu, India",9.215,79.128,,,,
GCBD8241,Mu Ko Surin,"Phang Nga Province, Thailand",9.2268,98.3742,,,,
GCBD3835,Donner site #3835,"Tamil Nadu, India",9.24,79.209,,,,
GCBD8290,Reef Check site #8290,"Phang Nga Province, Thailand",9.25433333333333,98.3151944444444,,,,
GCBD8291,Reef Check site #8291,"Phang Nga Province, Thailand",9.2635,98.30575,,,,
GCBD3796,Donner site #3796,"Tamil Nadu, India",9.288,79.1733,,,,
GCBD3797,Donner site #3797,"Tamil Nadu, India",9.29,79.14,,,,
GCBD3798,Donner site #3798,"Tamil Nadu, India",9.291,79.14,,,,
GCBD3794,Donner site #3794,"Tamil Nadu, India",9.2912,79.1852,,,,
GCBD3801,Donner site #3801,"Tamil Nadu, India",9.2921,79.3277,,,,
GCBD3799,Donner site #3799,"Tamil Nadu, India",9.294,79.249,,,,
GCBD7209,Donner site #7209,"Central Visayas, Philippines",9.3272,122.747,,,,
GCBD3800,Donner site #3800,"Tamil Nadu, India",9.328,79.3179,,,,
GCBD8292,Reef Check site #8292,"Phang Nga Province, Thailand",9.33138888888889,98.3244444444444,,,,
GCBD8293,Reef Check site #8293,"Phang Nga Province, Thailand",9.33325,98.32525,,,,
GCBD7158,Reef Check site #7158,"Central Visayas, Philippines",9.33416666666667,123.311138888889,,,,
GCBD8294,Reef Check site #8294,"Phang Nga Province, Thailand",9.37105555555556,97.8709166666667,,,,
GCBD8295,Reef Check site #8295,"Phang Nga Province, Thailand",9.38069444444445,97.8798888888889,,,,
GCBD9592,Reef Check site #9592,"Ca Mau, Vietnam",9.38333333333333,104.236611111111,,,,
GCBD8154,Donner site #8154,"Phang Nga Province, Thailand",9.387,97.889,,,,
GCBD9593,Reef Check site #9593,"Ca Mau, Vietnam",9.38991666666667,104.238333333333,,,,
GCBD9594,Reef Check site #9594,"Ca Mau, Vietnam",9.39041666666667,104.217444444444,,,,
GCBD8214,Reef Check site #8214,"Phang Nga Province, Thailand",9.39219444444444,97.8683055555556,,,,
GCBD8215,Reef Check site #8215,"Phang Nga Province, Thailand",9.39219444444444,97.8811944444444,,,,
GCBD9595,Reef Check site #9595,"Ca Mau, Vietnam",9.393,104.233305555556,,,,
GCBD8296,Reef Check site #8296,"Phang Nga Province, Thailand",9.39586111111111,97.8964166666667,,,,
GCBD8216,Reef Check site #8216,"Phang Nga Province, Thailand",9.39916666666667,97.8806666666667,,,,
GCBD8217,Reef Check site #8217,"Phang Nga Province, Thailand",9.40166666666667,97.879,,,,
GCBD8218,Reef Check site #8218,"Phang Nga Province, Thailand",9.40533333333333,97.8751666666667,,,,
GCBD8219,Reef Check site #8219,"Phang Nga Province, Thailand",9.40916666666667,97.8746666666667,,,,
GCBD8243,Donner site #8243,"Phang Nga Province, Thailand",9.41,97.896,,,,
GCBD8220,Reef Check site #8220,"Phang Nga Province, Thailand",9.41466666666667,97.8503333333333,,,,
GCBD8297,Reef Check site #8297,"Phang Nga Province, Thailand",9.41575,97.8761944444444,,,,
GCBD7159,Reef Check site #7159,"Central Visayas, Philippines",9.4175,123.301222222222,,,,
GCBD8221,Reef Check site #8221,"Phang Nga Province, Thailand",9.42183333333333,97.8371666666667,,,,
GCBD8298,Reef Check site #8298,"Phang Nga Province, Thailand",9.42327777777778,97.8544722222222,,,,
GCBD8222,Reef Check site #8222,"Phang Nga Province, Thailand",9.42358333333333,97.8778888888889,,,,
GCBD8223,Reef Check site #8223,"Phang Nga Province, Thailand",9.42383333333333,97.9008333333333,,,,
GCBD8224,Reef Check site #8224,"Phang Nga Province, Thailand",9.42583333333333,97.8981666666667,,,,
GCBD8299,Reef Check site #8299,"Phang Nga Province, Thailand",9.42608333333333,97.8970277777778,,,,
GCBD8225,Reef Check site #8225,"Phang Nga Province, Thailand",9.42666666666667,97.8936666666667,,,,
GCBD8226,Reef Check site #8226,"Phang Nga Province, Thailand",9.42683333333333,97.89,,,,
GCBD8227,Reef Check site #8227,"Phang Nga Province, Thailand",9.4295,97.9075,,,,
GCBD7288,Reef Check site #7288,"Central Visayas, Philippines",9.43386111111111,123.392805555556,,,,
GCBD8300,Reef Check site #8300,"Ranong, Thailand",9.43461111111111,98.3516944444444,,,,
GCBD8228,Reef Check site #8228,"Phang Nga Province, Thailand",9.43847222222222,97.8533055555556,,,,
GCBD8229,Reef Check site #8229,"Phang Nga Province, Thailand",9.4415,97.8601666666667,,,,
GCBD8230,Reef Check site #8230,"Phang Nga Province, Thailand",9.45483333333333,97.8645277777778,,,,
GCBD8301,Reef Check site #8301,"Ranong, Thailand",9.45572222222222,98.3294166666667,,,,
GCBD8231,Reef Check site #8231,"Phang Nga Province, Thailand",9.47477777777778,97.90625,,,,
GCBD8302,Reef Check site #8302,"Ranong, Thailand",9.48938888888889,98.3516388888889,,,,
GCBD7289,Reef Check site #7289,"Central Visayas, Philippines",9.51536111111111,123.679166666667,,,,
GCBD7290,Reef Check site #7290,"Central Visayas, Philippines",9.51777777777778,123.678777777778,,,,
GCBD7291,Reef Check site #7291,"Central Visayas, Philippines",9.5195,123.680166666667,,,,
GCBD7160,Reef Check site #7160,"Western Visayas, Philippines",9.54555555555556,122.502222222222,,,,
GCBD7292,Reef Check site #7292,"Central Visayas, Philippines",9.55466666666667,123.459916666667,,,,
GCBD8303,Reef Check site #8303,"Ranong, Thailand",9.56391666666667,98.3839722222222,,,,
GCBD7293,Reef Check site #7293,"Central Visayas, Philippines",9.57461111111111,123.824083333333,,,,
GCBD7161,Reef Check site #7161,"Western Visayas, Philippines",9.61861111111111,122.446111111111,,,,
GCBD7294,Reef Check site #7294,"Central Visayas, Philippines",9.64302777777778,123.817222222222,,,,
GCBD7295,Reef Check site #7295,"Mimaropa, Philippines",9.65525,118.737888888889,,,,
GCBD8159,Donner site #8159,"Surat Thani, Thailand",9.6827,100.0337,,,,
GCBD7162,Reef Check site #7162,"Western Visayas, Philippines",9.69,122.4,,,,
GCBD7163,Reef Check site #7163,"Central Visayas, Philippines",9.70566666666667,123.159833333333,,,,
GCBD8304,Reef Check site #8304,"Ranong, Thailand",9.70913888888889,98.3928055555556,,,,
GCBD7296,Reef Check site #7296,"Mimaropa, Philippines",9.71769444444444,118.750388888889,,,,
GCBD7164,Reef Check site #7164,"Central Visayas, Philippines",9.7375,123.8295,,,,
GCBD6678,Reef Check site #6678,"Tanintharyi Region, Myanmar",9.78244444444445,98.1113611111111,,,,
GCBD7297,Reef Check site #7297,"Central Visayas, Philippines",9.82458333333333,123.574555555556,,,,
GCBD7298,Reef Check site #7298,"Central Visayas, Philippines",9.825,123.565277777778,,,,
GCBD6679,Reef Check site #6679,"Tanintharyi Region, Myanmar",9.82744444444444,98.1108888888889,,,,
GCBD6680,Reef Check site #6680,"Tanintharyi Region, Myanmar",9.85319444444444,98.1344444444445,,,,
GCBD7238,Donner site #7238,"Mimaropa, Philippines",9.8664,118.78,,,,
GCBD7299,Reef Check site #7299,"Western Visayas, Philippines",9.867,122.374027777778,,,,
GCBD7227,Convention Reef,"Western Visayas, Philippines",9.868,122.38,,,,
GCBD7223,Donner site #7223,"Western Visayas, Philippines",9.87,122.37,,,,
GCBD7165,Reef Check site #7165,"Western Visayas, Philippines",9.87047222222222,122.3755,,,,
GCBD7228,Hilarys Reef,"Western Visayas, Philippines",9.872,122.38,,,,
GCBD7166,Reef Check site #7166,"Western Visayas, Philippines",9.87302777777778,122.381388888889,,,,
GCBD7300,Reef Check site #7300,"Western Visayas, Philippines",9.87430555555556,122.380861111111,,,,
GCBD7301,Reef Check site #7301,"Western Visayas, Philippines",9.87541666666667,122.38,,,,
GCBD7167,Reef Check site #7167,"Western Visayas, Philippines",9.87675,122.375166666667,,,,
GCBD7168,Reef Check site #7168,"Western Visayas, Philippines",9.87694444444445,122.373888888889,,,,
GCBD7302,Reef Check site #7302,"Western Visayas, Philippines",9.87994444444445,122.371944444444,,,,
GCBD7169,Reef Check site #7169,"Western Visayas, Philippines",9.88083333333333,122.376388888889,,,,
GCBD7170,Reef Check site #7170,"Mimaropa, Philippines",9.88888888888889,118.774722222222,,,,
GCBD7303,Reef Check site #7303,"Central Visayas, Philippines",9.89475,123.766694444444,,,,
GCBD7304,Reef Check site #7304,"Central Visayas, Philippines",9.89813888888889,123.768305555556,,,,
GCBD7171,Reef Check site #7171,"Mimaropa, Philippines",9.90555555555556,118.831388888889,,,,
GCBD9596,Reef Check site #9596,"Kien Giang, Vietnam",9.90638888888889,104.020833333333,,,,
GCBD7172,Reef Check site #7172,"Mimaropa, Philippines",9.90861111111111,118.789722222222,,,,
GCBD9706,Reef Check site #9706,"Kien Giang, Vietnam",9.90916666666667,103.992222222222,,,,
GCBD9597,Reef Check site #9597,"Kien Giang, Vietnam",9.91333333333333,103.992777777778,,,,
GCBD9598,Reef Check site #9598,"Kien Giang, Vietnam",9.91441666666667,104.017138888889,,,,
GCBD9707,Reef Check site #9707,"Kien Giang, Vietnam",9.91444444444445,104.016944444444,,,,
GCBD7173,Reef Check site #7173,"Mimaropa, Philippines",9.915,118.890555555556,,,,
GCBD7174,Reef Check site #7174,"Mimaropa, Philippines",9.9175,118.8775,,,,
GCBD9599,Reef Check site #9599,"Kien Giang, Vietnam",9.91777777777778,103.978888888889,,,,
GCBD9708,Reef Check site #9708,"Kien Giang, Vietnam",9.91861111111111,104.020277777778,,,,
GCBD9600,Reef Check site #9600,"Kien Giang, Vietnam",9.91877777777778,104.020333333333,,,,
GCBD9709,Reef Check site #9709,"Kien Giang, Vietnam",9.92027777777778,103.982222222222,,,,
GCBD9710,Reef Check site #9710,"Kien Giang, Vietnam",9.92111111111111,104.019722222222,,,,
GCBD7305,Reef Check site #7305,"Central Visayas, Philippines",9.92111111111111,123.391444444444,,,,
GCBD7306,Reef Check site #7306,"Central Visayas, Philippines",9.92180555555555,123.343416666667,,,,
GCBD9711,Reef Check site #9711,"Kien Giang, Vietnam",9.92194444444444,103.9975,,,,
GCBD9601,Reef Check site #9601,"Kien Giang, Vietnam",9.92286111111111,104.002388888889,,,,
GCBD7307,Reef Check site #7307,"Central Visayas, Philippines",9.92325,123.341833333333,,,,
GCBD7308,Reef Check site #7308,"Mimaropa, Philippines",9.92366666666667,118.828527777778,,,,
GCBD9602,Reef Check site #9602,"Kien Giang, Vietnam",9.92777777777778,104.019944444444,,,,
GCBD7309,Reef Check site #7309,"Central Visayas, Philippines",9.93,123.391138888889,,,,
GCBD7310,Reef Check site #7310,"Central Visayas, Philippines",9.93022222222222,123.390916666667,,,,
GCBD7175,Reef Check site #7175,"Mimaropa, Philippines",9.93333333333333,118.915277777778,,,,
GCBD7311,Reef Check site #7311,"Central Visayas, Philippines",9.93394444444444,123.387916666667,,,,
GCBD7312,Reef Check site #7312,"Central Visayas, Philippines",9.93425,123.386944444444,,,,
GCBD7313,Reef Check site #7313,"Central Visayas, Philippines",9.93430555555556,123.387027777778,,,,
GCBD7314,Reef Check site #7314,"Central Visayas, Philippines",9.93486111111111,123.379027777778,,,,
GCBD8232,Reef Check site #8232,"Surat Thani, Thailand",9.935,99.9847222222222,,,,
GCBD7176,Reef Check site #7176,"Mimaropa, Philippines",9.94,118.865277777778,,,,
GCBD9712,Reef Check site #9712,"Kien Giang, Vietnam",9.95666666666667,104.011666666667,,,,
GCBD9603,Reef Check site #9603,"Kien Giang, Vietnam",9.95688888888889,104.011722222222,,,,
GCBD8305,Reef Check site #8305,"Surat Thani, Thailand",9.95805555555556,99.9704722222222,,,,
GCBD7315,Reef Check site #7315,"Central Visayas, Philippines",9.96427777777778,123.365,,,,
GCBD7316,Reef Check site #7316,"Central Visayas, Philippines",9.96427777777778,123.366388888889,,,,
GCBD7317,Reef Check site #7317,"Mimaropa, Philippines",9.96672222222222,118.916666666667,,,,
GCBD9713,Reef Check site #9713,"Kien Giang, Vietnam",9.96916666666667,104.011111111111,,,,
GCBD7318,Reef Check site #7318,"Central Visayas, Philippines",9.97266666666667,123.368527777778,,,,
GCBD7319,Reef Check site #7319,"Central Visayas, Philippines",9.97266666666667,123.368638888889,,,,
GCBD9604,Reef Check site #9604,"Kien Giang, Vietnam",9.97477777777778,104.016833333333,,,,
GCBD9714,Reef Check site #9714,"Kien Giang, Vietnam",9.99472222222222,104.039166666667,,,,
GCBD7320,Reef Check site #7320,"Central Visayas, Philippines",9.99694444444444,123.37,,,,
GCBD7321,Reef Check site #7321,"Central Visayas, Philippines",9.99716666666666,123.353583333333,,,,
GCBD7322,Reef Check site #7322,"Central Visayas, Philippines",9.99916666666667,123.372916666667,,,,
GCBD9715,Reef Check site #9715,"Kien Giang, Vietnam",10.0002777777778,104.009444444444,,,,
GCBD9605,Reef Check site #9605,"Kien Giang, Vietnam",10.0047222222222,104.028611111111,,,,
GCBD9606,Reef Check site #9606,"Kien Giang, Vietnam",10.00475,104.288888888889,,,,
GCBD7154,Donner site #7154,"Eastern Visayas, Philippines",10.01,125.01,,,,
GCBD7323,Reef Check site #7323,"Eastern Visayas, Philippines",10.0112777777778,125.016111111111,,,,
GCBD7177,Reef Check site #7177,"Eastern Visayas, Philippines",10.0119166666667,125.015611111111,,,,
GCBD7324,Reef Check site #7324,"Eastern Visayas, Philippines",10.0128333333333,125.015055555556,,,,
GCBD7325,Reef Check site #7325,"Eastern Visayas, Philippines",10.0135,125.014444444444,,,,
GCBD7178,Reef Check site #7178,"Eastern Visayas, Philippines",10.0143888888889,125.013333333333,,,,
GCBD7179,Reef Check site #7179,"Eastern Visayas, Philippines",10.0150277777778,125.013277777778,,,,
GCBD7326,Reef Check site #7326,"Eastern Visayas, Philippines",10.0157777777778,125.012527777778,,,,
GCBD7327,Reef Check site #7327,"Eastern Visayas, Philippines",10.0164166666667,125.015611111111,,,,
GCBD7180,Reef Check site #7180,"Eastern Visayas, Philippines",10.0165,125.012083333333,,,,
GCBD7328,Reef Check site #7328,"Eastern Visayas, Philippines",10.0172222222222,125.011472222222,,,,
GCBD7329,Reef Check site #7329,"Eastern Visayas, Philippines",10.0179444444444,125.010888888889,,,,
GCBD7330,Reef Check site #7330,"Eastern Visayas, Philippines",10.0191666666667,125.010416666667,,,,
GCBD7331,Reef Check site #7331,"Mimaropa, Philippines",10.01925,118.779611111111,,,,
GCBD7332,Reef Check site #7332,"Eastern Visayas, Philippines",10.0199722222222,125.01,,,,
GCBD7333,Reef Check site #7333,"Eastern Visayas, Philippines",10.0199722222222,125.010111111111,,,,
GCBD7334,Reef Check site #7334,"Eastern Visayas, Philippines",10.0201388888889,125.009083333333,,,,
GCBD7335,Reef Check site #7335,"Central Visayas, Philippines",10.02275,123.403638888889,,,,
GCBD7336,Reef Check site #7336,"Eastern Visayas, Philippines",10.0231944444444,125.068222222222,,,,
GCBD7337,Reef Check site #7337,"Eastern Visayas, Philippines",10.0242222222222,125.068222222222,,,,
GCBD7338,Reef Check site #7338,"Eastern Visayas, Philippines",10.0242222222222,125.06825,,,,
GCBD7339,Reef Check site #7339,"Eastern Visayas, Philippines",10.0244722222222,125.021666666667,,,,
GCBD7340,Reef Check site #7340,"Eastern Visayas, Philippines",10.02525,125.06825,,,,
GCBD7341,Reef Check site #7341,"Eastern Visayas, Philippines",10.0263055555556,125.06825,,,,
GCBD7342,Reef Check site #7342,"Eastern Visayas, Philippines",10.0268055555556,125.06825,,,,
GCBD7343,Reef Check site #7343,"Eastern Visayas, Philippines",10.0297222222222,125.019777777778,,,,
GCBD7344,Reef Check site #7344,"Mimaropa, Philippines",10.0423888888889,118.803055555556,,,,
GCBD8233,Reef Check site #8233,"Surat Thani, Thailand",10.0516666666667,99.8355555555555,,,,
GCBD7345,Reef Check site #7345,"Central Visayas, Philippines",10.0529166666667,123.253111111111,,,,
GCBD8160,Donner site #8160,"Surat Thani, Thailand",10.0531,99.8382,,,,
GCBD7181,Reef Check site #7181,"Central Visayas, Philippines",10.0599444444444,124.011611111111,,,,
GCBD7346,Reef Check site #7346,"Eastern Visayas, Philippines",10.0622222222222,125.133888888889,,,,
GCBD7347,Reef Check site #7347,"Eastern Visayas, Philippines",10.0641666666667,125.134722222222,,,,
GCBD7348,Reef Check site #7348,"Eastern Visayas, Philippines",10.0647222222222,125.135277777778,,,,
GCBD7349,Reef Check site #7349,"Eastern Visayas, Philippines",10.0658333333333,125.134722222222,,,,
GCBD15657,Ao Leuk,"Surat Thani, Thailand",10.0664166666667,99.8414722222222,,,,
GCBD8234,Reef Check site #8234,"Surat Thani, Thailand",10.0666666666667,99.835,,,,
GCBD7351,Reef Check site #7351,"Eastern Visayas, Philippines",10.0669166666667,125.135194444444,,,,
GCBD7352,Reef Check site #7352,"Eastern Visayas, Philippines",10.0669444444444,125.134444444444,,,,
GCBD8235,Reef Check site #8235,"Surat Thani, Thailand",10.0685,99.8167222222222,,,,
GCBD8306,Reef Check site #8306,"Surat Thani, Thailand",10.0718611111111,99.8404722222222,,,,
GCBD9941,Jetty Point shallow,"Lakshadweep Islands, India",10.073038,73.649454,,,,
GCBD9942,Lighthouse Point shallow,"Lakshadweep Islands, India",10.08324,73.65011,,,,
GCBD8307,Reef Check site #8307,"Surat Thani, Thailand",10.085,99.8236111111111,,,,
GCBD8308,Reef Check site #8308,"Surat Thani, Thailand",10.08975,99.8423333333333,,,,
GCBD8262,Donner site #8262,"Surat Thani, Thailand",10.09,99.82,,,,
GCBD9943,Kalpeni Lagoon,"Lakshadweep Islands, India",10.091129,73.640065,,,,
GCBD8309,Reef Check site #8309,"Surat Thani, Thailand",10.0991666666667,99.8166666666667,,,,
GCBD8310,Reef Check site #8310,"Surat Thani, Thailand",10.1005555555556,99.8243888888889,,,,
GCBD7182,Reef Check site #7182,"Central Visayas, Philippines",10.1069166666667,123.968055555556,,,,
GCBD8311,Reef Check site #8311,"Surat Thani, Thailand",10.1136111111111,99.83,,,,
GCBD7183,Reef Check site #7183,"Central Visayas, Philippines",10.1159722222222,124.047277777778,,,,
GCBD8236,Reef Check site #8236,"Surat Thani, Thailand",10.1163333333333,99.7287222222222,,,,
GCBD8312,Reef Check site #8312,"Surat Thani, Thailand",10.1166666666667,99.8444444444444,,,,
GCBD8313,Reef Check site #8313,"Surat Thani, Thailand",10.1172222222222,99.8130555555556,,,,
GCBD8237,Reef Check site #8237,"Surat Thani, Thailand",10.1177777777778,99.8338888888889,,,,
GCBD8314,Reef Check site #8314,"Surat Thani, Thailand",10.1180555555556,99.8166666666667,,,,
GCBD8315,Reef Check site #8315,"Surat Thani, Thailand",10.1183333333333,99.8141666666667,,,,
GCBD8316,Reef Check site #8316,"Surat Thani, Thailand",10.1199444444444,99.8440555555556,,,,
GCBD8151,Donner site #8151,"Surat Thani, Thailand",10.12,99.83,,,,
GCBD8317,Reef Check site #8317,"Surat Thani, Thailand",10.1208611111111,99.8436111111111,,,,
GCBD8318,Reef Check site #8318,"Surat Thani, Thailand",10.1210277777778,99.8348611111111,,,,
GCBD8319,Reef Check site #8319,"Surat Thani, Thailand",10.1222222222222,99.8349722222222,,,,
GCBD8238,Reef Check site #8238,"Surat Thani, Thailand",10.1227777777778,99.8349722222222,,,,
GCBD9944,Cheriyam Reef shallow,"Lakshadweep Islands, India",10.144777,73.665633,,,,
GCBD6681,Reef Check site #6681,"Tanintharyi Region, Myanmar",10.1474166666667,97.9704166666667,,,,
GCBD6682,Reef Check site #6682,"Tanintharyi Region, Myanmar",10.1486111111111,97.9746388888889,,,,
GCBD6672,Reef Check site #6672,"Tanintharyi Region, Myanmar",10.1546111111111,98.1618333333333,,,,
GCBD6683,Reef Check site #6683,"Tanintharyi Region, Myanmar",10.1557222222222,98.0366111111111,,,,
GCBD6684,Reef Check site #6684,"Tanintharyi Region, Myanmar",10.1560277777778,98.0389722222222,,,,
GCBD7365,Reef Check site #7365,"Eastern Visayas, Philippines",10.1572222222222,125.137777777778,,,,
GCBD6685,Reef Check site #6685,"Tanintharyi Region, Myanmar",10.1578888888889,98.1388333333333,,,,
GCBD7366,Reef Check site #7366,"Eastern Visayas, Philippines",10.1648055555556,125.123222222222,,,,
GCBD7367,Reef Check site #7367,"Eastern Visayas, Philippines",10.1741944444444,124.993527777778,,,,
GCBD7368,Reef Check site #7368,"Central Visayas, Philippines",10.1768055555556,123.804361111111,,,,
GCBD7369,Reef Check site #7369,"Central Visayas, Philippines",10.1807222222222,123.803694444444,,,,
GCBD7370,Reef Check site #7370,"Central Visayas, Philippines",10.1896944444444,124.0025,,,,
GCBD7214,Donner site #7214,"Central Visayas, Philippines",10.19,124.0,,,,
GCBD7371,Reef Check site #7371,"Eastern Visayas, Philippines",10.1986388888889,124.982888888889,,,,
GCBD7372,Reef Check site #7372,"Mimaropa, Philippines",10.2050555555556,118.90975,,,,
GCBD7211,Donner site #7211,"Central Visayas, Philippines",10.21,123.98,,,,
GCBD7373,Reef Check site #7373,"Central Visayas, Philippines",10.2105,123.984083333333,,,,
GCBD7374,Reef Check site #7374,"Central Visayas, Philippines",10.2110277777778,123.984972222222,,,,
GCBD7184,Reef Check site #7184,"Central Visayas, Philippines",10.2141666666667,124.043916666667,,,,
GCBD7375,Reef Check site #7375,"Eastern Visayas, Philippines",10.2177222222222,124.980027777778,,,,
GCBD7376,Reef Check site #7376,"Central Visayas, Philippines",10.2493611111111,123.971555555556,,,,
GCBD7377,Reef Check site #7377,"Central Visayas, Philippines",10.2506388888889,124.973305555556,,,,
GCBD7378,Reef Check site #7378,"Central Visayas, Philippines",10.2513333333333,123.974166666667,,,,
GCBD7379,Reef Check site #7379,"Central Visayas, Philippines",10.2519444444444,124.017361111111,,,,
GCBD7380,Reef Check site #7380,"Central Visayas, Philippines",10.2553055555556,124.020194444444,,,,
GCBD7185,Reef Check site #7185,"Central Visayas, Philippines",10.2565277777778,123.969638888889,,,,
GCBD7381,Reef Check site #7381,"Central Visayas, Philippines",10.2567777777778,124.021416666667,,,,
GCBD7382,Reef Check site #7382,"Central Visayas, Philippines",10.2569722222222,123.980722222222,,,,
GCBD7383,Reef Check site #7383,"Central Visayas, Philippines",10.2585555555556,124.982444444444,,,,
GCBD7384,Reef Check site #7384,"Central Visayas, Philippines",10.2586666666667,123.982666666667,,,,
GCBD7385,Reef Check site #7385,"Central Visayas, Philippines",10.2599722222222,124.161194444444,,,,
GCBD7386,Reef Check site #7386,"Central Visayas, Philippines",10.2602222222222,123.986166666667,,,,
GCBD7387,Reef Check site #7387,"Central Visayas, Philippines",10.2608888888889,123.96725,,,,
GCBD7388,Reef Check site #7388,"Central Visayas, Philippines",10.2625,123.984666666667,,,,
GCBD7389,Reef Check site #7389,"Central Visayas, Philippines",10.2649166666667,124.19525,,,,
GCBD7390,Reef Check site #7390,"Central Visayas, Philippines",10.26975,123.989444444444,,,,
GCBD7186,Reef Check site #7186,"Central Visayas, Philippines",10.2718611111111,124.070916666667,,,,
GCBD7391,Reef Check site #7391,"Central Visayas, Philippines",10.2731944444444,124.036472222222,,,,
GCBD7392,Reef Check site #7392,"Central Visayas, Philippines",10.2741111111111,123.991666666667,,,,
GCBD7393,Reef Check site #7393,"Central Visayas, Philippines",10.2806944444444,124.048777777778,,,,
GCBD7187,Reef Check site #7187,"Central Visayas, Philippines",10.2810833333333,123.999333333333,,,,
GCBD7394,Reef Check site #7394,"Central Visayas, Philippines",10.2822777777778,123.997777777778,,,,
GCBD7188,Reef Check site #7188,"Central Visayas, Philippines",10.2833611111111,124.048305555556,,,,
GCBD7395,Reef Check site #7395,"Central Visayas, Philippines",10.2836388888889,124.048722222222,,,,
GCBD7396,Reef Check site #7396,"Central Visayas, Philippines",10.2836944444444,124.048833333333,,,,
GCBD7397,Reef Check site #7397,"Central Visayas, Philippines",10.2845833333333,124.050333333333,,,,
GCBD7189,Reef Check site #7189,"Central Visayas, Philippines",10.2848055555556,124.006972222222,,,,
GCBD7398,Reef Check site #7398,"Central Visayas, Philippines",10.2848611111111,124.004444444444,,,,
GCBD7399,Reef Check site #7399,"Central Visayas, Philippines",10.2854444444444,124.002777777778,,,,
GCBD7190,Reef Check site #7190,"Central Visayas, Philippines",10.2858611111111,124.007388888889,,,,
GCBD7400,Reef Check site #7400,"Central Visayas, Philippines",10.2859444444444,124.052138888889,,,,
GCBD7401,Reef Check site #7401,"Central Visayas, Philippines",10.2875277777778,124.057694444444,,,,
GCBD7191,Reef Check site #7191,"Central Visayas, Philippines",10.2882222222222,124.012777777778,,,,
GCBD7192,Reef Check site #7192,"Central Visayas, Philippines",10.2883888888889,124.008222222222,,,,
GCBD7402,Reef Check site #7402,"Central Visayas, Philippines",10.2886111111111,124.056277777778,,,,
GCBD7403,Reef Check site #7403,"Central Visayas, Philippines",10.2898888888889,124.008472222222,,,,
GCBD7193,Reef Check site #7193,"Central Visayas, Philippines",10.2899444444444,124.011166666667,,,,
GCBD9716,Reef Check site #9716,"Kien Giang, Vietnam",10.2911111111111,103.886388888889,,,,
GCBD7404,Reef Check site #7404,"Central Visayas, Philippines",10.2916944444444,124.072944444444,,,,
GCBD7405,Reef Check site #7405,"Central Visayas, Philippines",10.2929722222222,124.072861111111,,,,
GCBD7406,Reef Check site #7406,"Central Visayas, Philippines",10.2938611111111,124.073333333333,,,,
GCBD7407,Reef Check site #7407,"Central Visayas, Philippines",10.2948055555556,124.164805555556,,,,
GCBD7408,Reef Check site #7408,"Central Visayas, Philippines",10.2959166666667,124.166833333333,,,,
GCBD7409,Reef Check site #7409,"Central Visayas, Philippines",10.29625,124.183,,,,
GCBD7410,Reef Check site #7410,"Central Visayas, Philippines",10.2963055555556,124.182222222222,,,,
GCBD7411,Reef Check site #7411,"Central Visayas, Philippines",10.2971666666667,124.014694444444,,,,
GCBD7412,Reef Check site #7412,"Central Visayas, Philippines",10.2975555555556,124.147111111111,,,,
GCBD7413,Reef Check site #7413,"Central Visayas, Philippines",10.2975833333333,124.179777777778,,,,
GCBD7414,Reef Check site #7414,"Central Visayas, Philippines",10.2978333333333,124.181166666667,,,,
GCBD9717,Reef Check site #9717,"Kien Giang, Vietnam",10.2988888888889,103.862777777778,,,,
GCBD7415,Reef Check site #7415,"Central Visayas, Philippines",10.2994166666667,124.017666666667,,,,
GCBD7416,Reef Check site #7416,"Central Visayas, Philippines",10.2997222222222,124.015888888889,,,,
GCBD7194,Reef Check site #7194,"Central Visayas, Philippines",10.3069444444444,124.021111111111,,,,
GCBD7417,Reef Check site #7417,"Central Visayas, Philippines",10.3070277777778,124.020916666667,,,,
GCBD7418,Reef Check site #7418,"Central Visayas, Philippines",10.3084722222222,124.022111111111,,,,
GCBD7419,Reef Check site #7419,"Central Visayas, Philippines",10.31025,124.023333333333,,,,
GCBD7420,Reef Check site #7420,"Central Visayas, Philippines",10.3115833333333,124.024055555556,,,,
GCBD9718,Reef Check site #9718,"Kien Giang, Vietnam",10.3225,103.841944444444,,,,
GCBD3820,Donner site #3820,"Lakshadweep Islands, India",10.33,72.63,,,,
GCBD6673,Reef Check site #6673,"Tanintharyi Region, Myanmar",10.3425277777778,98.2991111111111,,,,
GCBD9719,Reef Check site #9719,"Kien Giang, Vietnam",10.3591666666667,103.808888888889,,,,
GCBD9607,Reef Check site #9607,"Kien Giang, Vietnam",10.3658888888889,103.833333333333,,,,
GCBD9720,Reef Check site #9720,"Kien Giang, Vietnam",10.3727777777778,103.812777777778,,,,
GCBD8254,Mu Ko Chumphon,"Chumphon, Thailand",10.3833,99.2833,,,,
GCBD7225,Donner site #7225,"Mimaropa, Philippines",10.4,119.17,,,,
GCBD7195,Reef Check site #7195,"Central Visayas, Philippines",10.4022222222222,124.021388888889,,,,
GCBD8320,Reef Check site #8320,"Chumphon, Thailand",10.40275,99.3508888888889,,,,
GCBD7421,Reef Check site #7421,"Western Visayas, Philippines",10.4034722222222,122.510555555556,,,,
GCBD7196,Reef Check site #7196,"Western Visayas, Philippines",10.4036111111111,122.506361111111,,,,
GCBD7422,Reef Check site #7422,"Western Visayas, Philippines",10.4063055555556,122.514055555556,,,,
GCBD7197,Reef Check site #7197,"Western Visayas, Philippines",10.4073611111111,122.504027777778,,,,
GCBD7423,Reef Check site #7423,"Central Visayas, Philippines",10.4213888888889,124.010777777778,,,,
GCBD15660,Aquarium Reef,"Mimaropa, Philippines",10.4261666666667,119.127888888889,,,,
GCBD15661,Reef 1,"Mimaropa, Philippines",10.4421944444444,119.164777777778,,,,
GCBD15662,Wide Reef,"Mimaropa, Philippines",10.4436944444444,119.156305555556,,,,
GCBD7236,Donner site #7236,"Central Visayas, Philippines",10.4456,123.6308,,,,
GCBD15663,Fantastic Reef,"Mimaropa, Philippines",10.4505277777778,119.162916666667,,,,
GCBD15664,German Island,"Mimaropa, Philippines",10.4606111111111,119.155583333333,,,,
GCBD15665,Layag Layag,"Mimaropa, Philippines",10.4637777777778,119.077083333333,,,,
GCBD6686,Reef Check site #6686,"Tanintharyi Region, Myanmar",10.4658888888889,98.2446388888889,,,,
GCBD6687,Reef Check site #6687,"Tanintharyi Region, Myanmar",10.4668611111111,98.2195555555556,,,,
GCBD7198,Reef Check site #7198,"Mimaropa, Philippines",10.47,119.169444444444,,,,
GCBD6688,Reef Check site #6688,"Tanintharyi Region, Myanmar",10.4730277777778,98.1714444444444,,,,
GCBD7239,Donner site #7239,"Mimaropa, Philippines",10.484,119.2463,,,,
GCBD15666,Middle Rock,"Mimaropa, Philippines",10.4840277777778,119.079694444444,,,,
GCBD8161,Donner site #8161,"Chumphon, Thailand",10.4843,99.24,,,,
GCBD7424,Reef Check site #7424,"Eastern Visayas, Philippines",10.4860277777778,124.667361111111,,,,
GCBD7425,Reef Check site #7425,"Eastern Visayas, Philippines",10.4893333333333,124.666805555556,,,,
GCBD15667,Exotic Island,"Mimaropa, Philippines",10.4902777777778,119.151111111111,,,,
GCBD7426,Reef Check site #7426,"Eastern Visayas, Philippines",10.49125,124.6785,,,,
GCBD8321,Reef Check site #8321,"Chumphon, Thailand",10.492,99.4218333333333,,,,
GCBD15668,Riddle Point,"Mimaropa, Philippines",10.4933333333333,119.133555555556,,,,
GCBD7199,Reef Check site #7199,"Mimaropa, Philippines",10.4952777777778,119.131944444444,,,,
GCBD7200,Reef Check site #7200,"Mimaropa, Philippines",10.5011111111111,119.150277777778,,,,
GCBD7427,Reef Check site #7427,"Western Visayas, Philippines",10.5156388888889,122.493055555556,,,,
GCBD7428,Reef Check site #7428,"Eastern Visayas, Philippines",10.5160833333333,124.669805555556,,,,
GCBD7429,Reef Check site #7429,"Mimaropa, Philippines",10.5172222222222,119.136388888889,,,,
GCBD7430,Reef Check site #7430,"Eastern Visayas, Philippines",10.5198055555556,124.6665,,,,
GCBD7431,Reef Check site #7431,"Eastern Visayas, Philippines",10.5218888888889,124.672611111111,,,,
GCBD9687,Donner site #9687,"Binh Thuan Province, Vietnam",10.5333,108.95,,,,
GCBD7432,Reef Check site #7432,"Eastern Visayas, Philippines",10.5421944444444,124.633833333333,,,,
GCBD7433,Reef Check site #7433,"Eastern Visayas, Philippines",10.5425833333333,124.635722222222,,,,
GCBD7434,Reef Check site #7434,"Eastern Visayas, Philippines",10.5426666666667,124.635611111111,,,,
GCBD7435,Reef Check site #7435,"Eastern Visayas, Philippines",10.5462777777778,124.6505,,,,
GCBD7436,Reef Check site #7436,"Eastern Visayas, Philippines",10.5466111111111,124.655472222222,,,,
GCBD7437,Reef Check site #7437,"Eastern Visayas, Philippines",10.5468055555556,124.655694444444,,,,
GCBD7213,Donner site #7213,"Eastern Visayas, Philippines",10.55,124.66,,,,
GCBD8322,Reef Check site #8322,"Chumphon, Thailand",10.5538333333333,99.3788333333333,,,,
GCBD8323,Reef Check site #8323,"Chumphon, Thailand",10.5543611111111,99.3785555555556,,,,
GCBD9945,Secretariat shallow,"Lakshadweep Islands, India",10.556449,72.644166,,,,
GCBD6689,Reef Check site #6689,"Tanintharyi Region, Myanmar",10.5710277777778,98.0309444444444,,,,
GCBD15669,Daplac Situ,"Mimaropa, Philippines",10.5724722222222,119.16475,,,,
GCBD15670,Coral Garden - Daplac Marine Reserve,"Mimaropa, Philippines",10.5753333333333,119.176111111111,,,,
GCBD15671,The Ridge - Daplac Marine Reserve,"Mimaropa, Philippines",10.5757222222222,119.175222222222,,,,
GCBD9946,Black Tangs,"Lakshadweep Islands, India",10.576632,72.627123,,,,
GCBD3807,Donner site #3807,"Lakshadweep Islands, India",10.5771,72.6344,,,,
GCBD1999,Reef Check site #1999,"Sihanoukville, Cambodia",10.6073333333333,103.277777777778,,,,
GCBD2000,Reef Check site #2000,"Sihanoukville, Cambodia",10.6096388888889,103.278777777778,,,,
GCBD1943,Reef Check site #1943,"Sihanoukville, Cambodia",10.6183333333333,103.291666666667,,,,
GCBD1995,Kaoh Rung Samloem - NW,"Sihanoukville, Cambodia",10.619,103.301,,,,
GCBD1940,Donner site #1940,"Sihanoukville, Cambodia",10.62,103.29,,,,
GCBD1944,Reef Check site #1944,"Sihanoukville, Cambodia",10.6202777777778,103.2875,,,,
GCBD2001,Reef Check site #2001,"Sihanoukville, Cambodia",10.6205555555556,103.2875,,,,
GCBD2002,Reef Check site #2002,"Sihanoukville, Cambodia",10.6211111111111,103.288472222222,,,,
GCBD2003,Reef Check site #2003,"Sihanoukville, Cambodia",10.6221944444444,103.289055555556,,,,
GCBD2004,Reef Check site #2004,"Sihanoukville, Cambodia",10.6222777777778,103.29,,,,
GCBD2005,Reef Check site #2005,"Sihanoukville, Cambodia",10.6225,103.2905,,,,
GCBD2006,Reef Check site #2006,"Sihanoukville, Cambodia",10.6230555555556,103.294888888889,,,,
GCBD2007,Reef Check site #2007,"Sihanoukville, Cambodia",10.6230833333333,103.484,,,,
GCBD15672,Capsalay Island,"Mimaropa, Philippines",10.62375,119.162944444444,,,,
GCBD2008,Reef Check site #2008,"Sihanoukville, Cambodia",10.6239722222222,103.477055555556,,,,
GCBD1989,Donner site #1989,"Sihanoukville, Cambodia",10.6245,103.4935,,,,
GCBD1938,Several Sites,"Sihanoukville, Cambodia",10.6247,103.2906,,,,
GCBD2009,Reef Check site #2009,"Sihanoukville, Cambodia",10.6247777777778,103.485166666667,,,,
GCBD2010,Reef Check site #2010,"Sihanoukville, Cambodia",10.6256944444444,103.312527777778,,,,
GCBD2011,Reef Check site #2011,"Sihanoukville, Cambodia",10.6257222222222,103.313472222222,,,,
GCBD2012,Reef Check site #2012,"Sihanoukville, Cambodia",10.6257777777778,103.299083333333,,,,
GCBD2013,Reef Check site #2013,"Sihanoukville, Cambodia",10.6257777777778,103.313083333333,,,,
GCBD2014,Reef Check site #2014,"Sihanoukville, Cambodia",10.626,103.297916666667,,,,
GCBD2015,Reef Check site #2015,"Sihanoukville, Cambodia",10.6261111111111,103.486805555556,,,,
GCBD2016,Reef Check site #2016,"Sihanoukville, Cambodia",10.6263333333333,103.297027777778,,,,
GCBD1986,Kaoh Koun - 1,"Sihanoukville, Cambodia",10.627,103.296,,,,
GCBD1993,Kaoh Rung Samloem - NE,"Sihanoukville, Cambodia",10.627,103.313,,,,
GCBD1945,Reef Check site #1945,"Sihanoukville, Cambodia",10.6280555555556,103.295555555556,,,,
GCBD2017,Reef Check site #2017,"Sihanoukville, Cambodia",10.6291666666667,103.295277777778,,,,
GCBD1990,Donner site #1990,"Sihanoukville, Cambodia",10.63,103.3,,,,
GCBD2018,Reef Check site #2018,"Sihanoukville, Cambodia",10.6305277777778,103.294916666667,,,,
GCBD2019,Reef Check site #2019,"Sihanoukville, Cambodia",10.6318333333333,103.486694444444,,,,
GCBD2020,Reef Check site #2020,"Sihanoukville, Cambodia",10.632,103.476972222222,,,,
GCBD2021,Reef Check site #2021,"Sihanoukville, Cambodia",10.6324444444444,103.485361111111,,,,
GCBD2022,Reef Check site #2022,"Sihanoukville, Cambodia",10.6328888888889,103.497944444444,,,,
GCBD2023,Reef Check site #2023,"Sihanoukville, Cambodia",10.6341111111111,103.305472222222,,,,
GCBD2024,Reef Check site #2024,"Sihanoukville, Cambodia",10.6358333333333,103.299444444444,,,,
GCBD2025,Reef Check site #2025,"Sihanoukville, Cambodia",10.6365833333333,103.301111111111,,,,
GCBD1946,Reef Check site #1946,"Sihanoukville, Cambodia",10.6374166666667,103.301944444444,,,,
GCBD1987,Kaoh Koun - 2,"Sihanoukville, Cambodia",10.638,103.304,,,,
GCBD2026,Reef Check site #2026,"Sihanoukville, Cambodia",10.6498055555556,103.269083333333,,,,
GCBD1998,Kaoh Rung - S1,"Sihanoukville, Cambodia",10.651,103.261,,,,
GCBD2027,Reef Check site #2027,"Sihanoukville, Cambodia",10.6514444444444,103.261694444444,,,,
GCBD1947,Reef Check site #1947,"Sihanoukville, Cambodia",10.6521111111111,103.275777777778,,,,
GCBD1948,Reef Check site #1948,"Sihanoukville, Cambodia",10.6647222222222,103.257222222222,,,,
GCBD2028,Reef Check site #2028,"Sihanoukville, Cambodia",10.6688055555556,103.292083333333,,,,
GCBD1997,Kaoh Rung - S2,"Sihanoukville, Cambodia",10.669,103.256,,,,
GCBD2029,Reef Check site #2029,"Sihanoukville, Cambodia",10.6701111111111,103.290888888889,,,,
GCBD1988,Kaoh Toch,"Sihanoukville, Cambodia",10.671,103.292,,,,
GCBD1949,Reef Check site #1949,"Sihanoukville, Cambodia",10.6756666666667,103.258305555556,,,,
GCBD1991,Kaoh Rung - SE,"Sihanoukville, Cambodia",10.679,103.298,,,,
GCBD2030,Reef Check site #2030,"Sihanoukville, Cambodia",10.6792777777778,103.298611111111,,,,
GCBD1950,Reef Check site #1950,"Sihanoukville, Cambodia",10.6813888888889,103.257583333333,,,,
GCBD6690,Reef Check site #6690,"Tanintharyi Region, Myanmar",10.6821388888889,98.1844444444445,,,,
GCBD1951,Reef Check site #1951,"Sihanoukville, Cambodia",10.6826111111111,103.258194444444,,,,
GCBD6674,Reef Check site #6674,"Tanintharyi Region, Myanmar",10.6833333333333,98.19,,,,
GCBD2031,Reef Check site #2031,"Sihanoukville, Cambodia",10.6874722222222,103.307166666667,,,,
GCBD2032,Reef Check site #2032,"Sihanoukville, Cambodia",10.6904722222222,103.312083333333,,,,
GCBD2033,Reef Check site #2033,"Sihanoukville, Cambodia",10.69175,103.312944444444,,,,
GCBD1996,Kaoh Rung - E2,"Sihanoukville, Cambodia",10.693,103.314,,,,
GCBD2034,Reef Check site #2034,"Sihanoukville, Cambodia",10.6993333333333,103.3165,,,,
GCBD6691,Reef Check site #6691,"Tanintharyi Region, Myanmar",10.7011111111111,98.2321944444444,,,,
GCBD6675,Reef Check site #6675,"Tanintharyi Region, Myanmar",10.7011111111111,98.2338888888889,,,,
GCBD1952,Reef Check site #1952,"Sihanoukville, Cambodia",10.7020277777778,103.233305555556,,,,
GCBD1992,Kaoh Rung - E1,"Sihanoukville, Cambodia",10.707,103.299,,,,
GCBD2035,Reef Check site #2035,"Sihanoukville, Cambodia",10.7110833333333,103.29725,,,,
GCBD1994,Kaoh Rung - E3,"Sihanoukville, Cambodia",10.715,103.308,,,,
GCBD1953,Reef Check site #1953,"Sihanoukville, Cambodia",10.7257777777778,103.333027777778,,,,
GCBD1954,Reef Check site #1954,"Sihanoukville, Cambodia",10.7304444444444,103.328083333333,,,,
GCBD1955,Reef Check site #1955,"Sihanoukville, Cambodia",10.7336111111111,103.189027777778,,,,
GCBD15673,Twin Reef,"Mimaropa, Philippines",10.7341666666667,119.27825,,,,
GCBD1956,Reef Check site #1956,"Sihanoukville, Cambodia",10.7353888888889,103.208583333333,,,,
GCBD1957,Reef Check site #1957,"Sihanoukville, Cambodia",10.7367222222222,103.275944444444,,,,
GCBD1958,Reef Check site #1958,"Sihanoukville, Cambodia",10.7378055555556,103.197722222222,,,,
GCBD1959,Reef Check site #1959,"Sihanoukville, Cambodia",10.7388888888889,103.198388888889,,,,
GCBD1960,Reef Check site #1960,"Sihanoukville, Cambodia",10.7433055555556,103.278111111111,,,,
GCBD1961,Reef Check site #1961,"Sihanoukville, Cambodia",10.7518611111111,103.189361111111,,,,
GCBD1962,Reef Check site #1962,"Sihanoukville, Cambodia",10.7533055555556,103.258222222222,,,,
GCBD1963,Reef Check site #1963,"Sihanoukville, Cambodia",10.7544444444444,103.190805555556,,,,
GCBD1941,Donner site #1941,"Sihanoukville, Cambodia",10.756,103.262,,,,
GCBD1942,Donner site #1942,"Sihanoukville, Cambodia",10.758,103.264,,,,
GCBD1964,Reef Check site #1964,"Sihanoukville, Cambodia",10.7591666666667,103.276111111111,,,,
GCBD2036,Reef Check site #2036,"Sihanoukville, Cambodia",10.7593055555556,103.265222222222,,,,
GCBD1965,Reef Check site #1965,"Sihanoukville, Cambodia",10.764,103.187916666667,,,,
GCBD1966,Reef Check site #1966,"Sihanoukville, Cambodia",10.7646111111111,103.186388888889,,,,
GCBD1967,Reef Check site #1967,"Sihanoukville, Cambodia",10.7649166666667,103.187416666667,,,,
GCBD1968,Reef Check site #1968,"Sihanoukville, Cambodia",10.7671944444444,103.191,,,,
GCBD1969,Reef Check site #1969,"Sihanoukville, Cambodia",10.7672777777778,103.190277777778,,,,
GCBD1970,Reef Check site #1970,"Sihanoukville, Cambodia",10.7696666666667,103.256416666667,,,,
GCBD1971,Reef Check site #1971,"Sihanoukville, Cambodia",10.7699166666667,103.206666666667,,,,
GCBD1972,Reef Check site #1972,"Sihanoukville, Cambodia",10.7709722222222,103.201805555556,,,,
GCBD1973,Reef Check site #1973,"Sihanoukville, Cambodia",10.7710555555556,103.207416666667,,,,
GCBD1974,Reef Check site #1974,"Sihanoukville, Cambodia",10.7710555555556,103.243,,,,
GCBD1975,Reef Check site #1975,"Sihanoukville, Cambodia",10.7710833333333,103.211583333333,,,,
GCBD1976,Reef Check site #1976,"Sihanoukville, Cambodia",10.7713055555556,103.210944444444,,,,
GCBD2037,Reef Check site #2037,"Sihanoukville, Cambodia",10.7739166666667,103.254944444444,,,,
GCBD1977,Reef Check site #1977,"Sihanoukville, Cambodia",10.7761388888889,103.282583333333,,,,
GCBD1978,Reef Check site #1978,"Sihanoukville, Cambodia",10.7779444444444,103.188333333333,,,,
GCBD1979,Reef Check site #1979,"Sihanoukville, Cambodia",10.7786666666667,103.189111111111,,,,
GCBD2038,Reef Check site #2038,"Sihanoukville, Cambodia",10.7799444444444,103.235055555556,,,,
GCBD1939,Donner site #1939,"Sihanoukville, Cambodia",10.78,103.24,,,,
GCBD1980,Reef Check site #1980,"Sihanoukville, Cambodia",10.7815,103.218138888889,,,,
GCBD7438,Reef Check site #7438,"Central Visayas, Philippines",10.7823055555556,124.030194444444,,,,
GCBD1981,Reef Check site #1981,"Sihanoukville, Cambodia",10.7824444444444,103.220722222222,,,,
GCBD1982,Reef Check site #1982,"Sihanoukville, Cambodia",10.7826388888889,103.20225,,,,
GCBD7439,Reef Check site #7439,"Central Visayas, Philippines",10.7831944444444,124.030944444444,,,,
GCBD7440,Reef Check site #7440,"Central Visayas, Philippines",10.7858888888889,124.03075,,,,
GCBD7441,Reef Check site #7441,"Central Visayas, Philippines",10.7875555555556,124.031694444444,,,,
GCBD1983,Reef Check site #1983,"Sihanoukville, Cambodia",10.7939166666667,103.263833333333,,,,
GCBD1984,Reef Check site #1984,"Sihanoukville, Cambodia",10.7945,103.246444444444,,,,
GCBD1985,Reef Check site #1985,"Sihanoukville, Cambodia",10.7965555555556,103.23475,,,,
GCBD6676,Reef Check site #6676,"Tanintharyi Region, Myanmar",10.7994444444444,98.2013888888889,,,,
GCBD2039,Reef Check site #2039,"Koh Kong Province, Cambodia",10.80075,103.196583333333,,,,
GCBD7442,Reef Check site #7442,"Mimaropa, Philippines",10.8136388888889,119.660888888889,,,,
GCBD2040,Reef Check site #2040,"Koh Kong Province, Cambodia",10.8255555555556,103.193194444444,,,,
GCBD2041,Reef Check site #2041,"Koh Kong Province, Cambodia",10.8389166666667,103.182222222222,,,,
GCBD2042,Reef Check site #2042,"Koh Kong Province, Cambodia",10.8461388888889,103.174472222222,,,,
GCBD9947,Japanese Garden shallow,"Lakshadweep Islands, India",10.849491,72.195516,,,,
GCBD3814,Agatti Island  North,"Lakshadweep Islands, India",10.85,72.1833,,,,
GCBD6692,Reef Check site #6692,"Tanintharyi Region, Myanmar",10.8702222222222,97.9173333333333,,,,
GCBD7218,Donner site #7218,"Mimaropa, Philippines",10.8807,120.8045,,,,
GCBD2043,Reef Check site #2043,"Koh Kong Province, Cambodia",10.8968055555556,103.09875,,,,
GCBD9948,Manta Point shallow,"Lakshadweep Islands, India",10.917169,72.299195,,,,
GCBD7443,Reef Check site #7443,"Mimaropa, Philippines",10.9248888888889,119.337861111111,,,,
GCBD7444,Reef Check site #7444,"Mimaropa, Philippines",10.9249444444444,119.337888888889,,,,
GCBD6693,Reef Check site #6693,"Tanintharyi Region, Myanmar",10.9693333333333,98.1448333333333,,,,
GCBD7445,Reef Check site #7445,"Mimaropa, Philippines",10.98125,119.298333333333,,,,
GCBD7201,Reef Check site #7201,"Central Visayas, Philippines",10.9851388888889,123.457694444444,,,,
GCBD7446,Reef Check site #7446,"Central Visayas, Philippines",10.9853333333333,124.106555555556,,,,
GCBD7447,Reef Check site #7447,"Central Visayas, Philippines",10.9861666666667,124.104305555556,,,,
GCBD7448,Reef Check site #7448,"Mimaropa, Philippines",10.9861944444444,119.307361111111,,,,
GCBD7449,Reef Check site #7449,"Western Visayas, Philippines",10.9882222222222,123.474583333333,,,,
GCBD7450,Reef Check site #7450,"Mimaropa, Philippines",10.9896944444444,119.296861111111,,,,
GCBD7451,Reef Check site #7451,"Central Visayas, Philippines",10.9899166666667,123.816708333333,,,,
GCBD7452,Reef Check site #7452,"Central Visayas, Philippines",10.9899166666667,124.102361111111,,,,
GCBD7453,Reef Check site #7453,"Central Visayas, Philippines",10.9907222222222,124.107083333333,,,,
GCBD7454,Reef Check site #7454,"Central Visayas, Philippines",10.9916111111111,124.106972222222,,,,
GCBD7455,Reef Check site #7455,"Mimaropa, Philippines",10.99225,119.301138888889,,,,
GCBD7220,Donner site #7220,"Spratly Islands, Philippines",11.0,114.0,,,,
GCBD7456,Reef Check site #7456,"Central Visayas, Philippines",11.0021666666667,123.909388888889,,,,
GCBD7457,Reef Check site #7457,"Western Visayas, Philippines",11.0057222222222,123.432472222222,,,,
GCBD7458,Reef Check site #7458,"Western Visayas, Philippines",11.0102777777778,123.419083333333,,,,
GCBD7459,Reef Check site #7459,"Western Visayas, Philippines",11.0102777777778,123.419444444444,,,,
GCBD7460,Reef Check site #7460,"Western Visayas, Philippines",11.0133333333333,123.423694444444,,,,
GCBD7461,Reef Check site #7461,"Mimaropa, Philippines",11.0159722222222,119.309305555556,,,,
GCBD2044,Reef Check site #2044,"Koh Kong Province, Cambodia",11.0520277777778,103.086722222222,,,,
GCBD7462,Reef Check site #7462,"Western Visayas, Philippines",11.0539166666667,123.448194444444,,,,
GCBD7463,Reef Check site #7463,"Western Visayas, Philippines",11.054,123.448194444444,,,,
GCBD2045,Reef Check site #2045,"Koh Kong Province, Cambodia",11.0600555555556,103.071333333333,,,,
GCBD2046,Reef Check site #2046,"Koh Kong Province, Cambodia",11.0661944444444,103.077305555556,,,,
GCBD7464,Reef Check site #7464,"Central Visayas, Philippines",11.0853333333333,123.678833333333,,,,
GCBD7465,Reef Check site #7465,"Western Visayas, Philippines",11.0944444444444,123.467972222222,,,,
GCBD7466,Reef Check site #7466,"Western Visayas, Philippines",11.0944722222222,123.467944444444,,,,
GCBD7467,Reef Check site #7467,"Central Visayas, Philippines",11.1068611111111,123.702055555556,,,,
GCBD7468,Reef Check site #7468,"Eastern Visayas, Philippines",11.1122222222222,124.243055555556,,,,
GCBD7469,Reef Check site #7469,"Eastern Visayas, Philippines",11.1186944444444,124.252027777778,,,,
GCBD7470,Reef Check site #7470,"Eastern Visayas, Philippines",11.1189166666667,124.2505,,,,
GCBD7202,Reef Check site #7202,"Mimaropa, Philippines",11.1230555555556,119.74625,,,,
GCBD7203,Reef Check site #7203,"Mimaropa, Philippines",11.1258333333333,119.675833333333,,,,
GCBD9949,Three Buoys shallow,"Lakshadweep Islands, India",11.128612,72.734578,,,,
GCBD9950,Kayani's Reef shallow,"Lakshadweep Islands, India",11.13315,72.719498,,,,
GCBD7471,Reef Check site #7471,"Central Visayas, Philippines",11.1402222222222,123.7555,,,,
GCBD7472,Reef Check site #7472,"Central Visayas, Philippines",11.1414722222222,123.766555555556,,,,
GCBD7473,Reef Check site #7473,"Central Visayas, Philippines",11.1429166666667,123.772638888889,,,,
GCBD7474,Reef Check site #7474,"Central Visayas, Philippines",11.1430277777778,123.770583333333,,,,
GCBD7475,Reef Check site #7475,"Mimaropa, Philippines",11.1435555555556,119.308666666667,,,,
GCBD7476,Reef Check site #7476,"Central Visayas, Philippines",11.1451111111111,123.796611111111,,,,
GCBD7477,Reef Check site #7477,"Central Visayas, Philippines",11.1456944444444,123.797166666667,,,,
GCBD7478,Reef Check site #7478,"Central Visayas, Philippines",11.1473333333333,123.805333333333,,,,
GCBD7479,Reef Check site #7479,"Central Visayas, Philippines",11.1493333333333,123.800416666667,,,,
GCBD7212,Donner site #7212,"Central Visayas, Philippines",11.15,123.8,,,,
GCBD7204,Reef Check site #7204,"Mimaropa, Philippines",11.1658333333333,119.669166666667,,,,
GCBD7480,Reef Check site #7480,"Mimaropa, Philippines",11.1721666666667,119.381277777778,,,,
GCBD7481,Reef Check site #7481,"Mimaropa, Philippines",11.1774166666667,119.374888888889,,,,
GCBD7482,Reef Check site #7482,"Central Visayas, Philippines",11.1774444444444,123.803583333333,,,,
GCBD7483,Reef Check site #7483,"Central Visayas, Philippines",11.1776388888889,123.805027777778,,,,
GCBD7235,Donner site #7235,"Western Visayas, Philippines",11.1805,123.1675,,,,
GCBD7484,Reef Check site #7484,"Central Visayas, Philippines",11.1819444444444,123.701583333333,,,,
GCBD7229,Donner site #7229,"Mimaropa, Philippines",11.1847,119.3872,,,,
GCBD7485,Reef Check site #7485,"Central Visayas, Philippines",11.1879444444444,123.8185,,,,
GCBD7486,Reef Check site #7486,"Central Visayas, Philippines",11.18825,123.819583333333,,,,
GCBD7487,Reef Check site #7487,"Central Visayas, Philippines",11.1883055555556,123.818,,,,
GCBD7488,Reef Check site #7488,"Central Visayas, Philippines",11.1889166666667,123.816833333333,,,,
GCBD7489,Reef Check site #7489,"Central Visayas, Philippines",11.1898333333333,123.821444444444,,,,
GCBD7490,Reef Check site #7490,"Mimaropa, Philippines",11.1915833333333,119.391666666667,,,,
GCBD7491,Reef Check site #7491,"Mimaropa, Philippines",11.1954722222222,119.394972222222,,,,
GCBD3849,Reef Check site #3849,"Lakshadweep Islands, India",11.1955555555556,72.7688888888889,,,,
GCBD7492,Reef Check site #7492,"Central Visayas, Philippines",11.1958333333333,123.694027777778,,,,
GCBD3837,Donner site #3837,"Lakshadweep Islands, India",11.2019,72.7672,,,,
GCBD7493,Reef Check site #7493,"Central Visayas, Philippines",11.2024444444444,123.826972222222,,,,
GCBD7494,Reef Check site #7494,"Central Visayas, Philippines",11.2029444444444,123.827722222222,,,,
GCBD7495,Reef Check site #7495,"Central Visayas, Philippines",11.2029444444444,123.82775,,,,
GCBD9951,The Cave shallow,"Lakshadweep Islands, India",11.207155,72.749733,,,,
GCBD7496,Reef Check site #7496,"Mimaropa, Philippines",11.2101111111111,119.377361111111,,,,
GCBD7497,Reef Check site #7497,"Central Visayas, Philippines",11.2126388888889,123.775138888889,,,,
GCBD7498,Reef Check site #7498,"Central Visayas, Philippines",11.2127777777778,123.125333333333,,,,
GCBD7499,Reef Check site #7499,"Central Visayas, Philippines",11.2129166666667,123.775083333333,,,,
GCBD7500,Reef Check site #7500,"Central Visayas, Philippines",11.213,123.775222222222,,,,
GCBD7501,Reef Check site #7501,"Central Visayas, Philippines",11.2135833333333,123.7915,,,,
GCBD7502,Reef Check site #7502,"Central Visayas, Philippines",11.2139722222222,123.772361111111,,,,
GCBD7503,Reef Check site #7503,"Central Visayas, Philippines",11.2139722222222,123.791527777778,,,,
GCBD9952,Potato Patch shallow,"Lakshadweep Islands, India",11.213997,72.779775,,,,
GCBD3808,Donner site #3808,"Andaman and Nicobar Islands, India",11.2161,92.5991,,,,
GCBD9721,Reef Check site #9721,"Binh Thuan Province, Vietnam",11.2233333333333,108.831388888889,,,,
GCBD9722,Reef Check site #9722,"Binh Thuan Province, Vietnam",11.2252777777778,108.8325,,,,
GCBD7504,Reef Check site #7504,"Central Visayas, Philippines",11.2260555555556,123.681083333333,,,,
GCBD7505,Reef Check site #7505,"Mimaropa, Philippines",11.2274722222222,119.364166666667,,,,
GCBD9723,Reef Check site #9723,"Binh Thuan Province, Vietnam",11.2305555555556,108.825833333333,,,,
GCBD9724,Reef Check site #9724,"Binh Thuan Province, Vietnam",11.2316666666667,108.829444444444,,,,
GCBD9725,Reef Check site #9725,"Binh Thuan Province, Vietnam",11.2325,108.833055555556,,,,
GCBD7506,Reef Check site #7506,"Central Visayas, Philippines",11.2354722222222,123.773805555556,,,,
GCBD7205,Reef Check site #7205,"Mimaropa, Philippines",11.2368611111111,119.356972222222,,,,
GCBD7507,Reef Check site #7507,"Central Visayas, Philippines",11.2479722222222,123.691277777778,,,,
GCBD7508,Reef Check site #7508,"Mimaropa, Philippines",11.26175,119.676388888889,,,,
GCBD7509,Reef Check site #7509,"Mimaropa, Philippines",11.2618333333333,119.700055555556,,,,
GCBD7510,Reef Check site #7510,"Mimaropa, Philippines",11.2679722222222,119.664333333333,,,,
GCBD7511,Reef Check site #7511,"Central Visayas, Philippines",11.2725,123.705277777778,,,,
GCBD9726,Reef Check site #9726,"Binh Thuan Province, Vietnam",11.2761111111111,108.868333333333,,,,
GCBD7512,Reef Check site #7512,"Central Visayas, Philippines",11.2765,123.754472222222,,,,
GCBD9727,Reef Check site #9727,"Binh Thuan Province, Vietnam",11.2822222222222,108.873611111111,,,,
GCBD7513,Reef Check site #7513,"Central Visayas, Philippines",11.2878611111111,123.880416666667,,,,
GCBD7514,Reef Check site #7514,"Central Visayas, Philippines",11.2945833333333,123.749944444444,,,,
GCBD7515,Reef Check site #7515,"Central Visayas, Philippines",11.2983611111111,123.719694444444,,,,
GCBD7516,Reef Check site #7516,"Central Visayas, Philippines",11.2986388888889,123.719222222222,,,,
GCBD7517,Reef Check site #7517,"Central Visayas, Philippines",11.303,123.880555555556,,,,
GCBD7518,Reef Check site #7518,"Central Visayas, Philippines",11.3038611111111,123.742388888889,,,,
GCBD7519,Reef Check site #7519,"Central Visayas, Philippines",11.30725,123.732944444444,,,,
GCBD9728,Reef Check site #9728,"Binh Thuan Province, Vietnam",11.3113888888889,108.791388888889,,,,
GCBD7520,Reef Check site #7520,"Mimaropa, Philippines",11.3126388888889,119.664722222222,,,,
GCBD9729,Reef Check site #9729,"Binh Thuan Province, Vietnam",11.3163888888889,108.807777777778,,,,
GCBD7521,Reef Check site #7521,"Central Visayas, Philippines",11.3196666666667,124.107333333333,,,,
GCBD9612,Reef Check site #9612,"Ninh Thuan Province, Vietnam",11.3200277777778,108.875861111111,,,,
GCBD7522,Reef Check site #7522,"Central Visayas, Philippines",11.3200833333333,124.106972222222,,,,
GCBD9730,Reef Check site #9730,"Binh Thuan Province, Vietnam",11.3208333333333,108.835555555556,,,,
GCBD7523,Reef Check site #7523,"Central Visayas, Philippines",11.3211388888889,124.1145,,,,
GCBD7524,Reef Check site #7524,"Central Visayas, Philippines",11.3214444444444,124.115638888889,,,,
GCBD9613,Reef Check site #9613,"Ninh Thuan Province, Vietnam",11.3215833333333,108.905416666667,,,,
GCBD7525,Reef Check site #7525,"Central Visayas, Philippines",11.3219444444444,124.107777777778,,,,
GCBD7526,Reef Check site #7526,"Central Visayas, Philippines",11.3220555555556,124.111666666667,,,,
GCBD7527,Reef Check site #7527,"Central Visayas, Philippines",11.3221111111111,124.111527777778,,,,
GCBD7528,Reef Check site #7528,"Central Visayas, Philippines",11.3225,124.111777777778,,,,
GCBD7529,Reef Check site #7529,"Central Visayas, Philippines",11.3227222222222,124.112916666667,,,,
GCBD7530,Reef Check site #7530,"Central Visayas, Philippines",11.3254444444444,124.107861111111,,,,
GCBD7531,Reef Check site #7531,"Central Visayas, Philippines",11.3255833333333,124.106861111111,,,,
GCBD7532,Reef Check site #7532,"Central Visayas, Philippines",11.3268888888889,123.883305555556,,,,
GCBD7533,Reef Check site #7533,"Central Visayas, Philippines",11.3285833333333,123.883222222222,,,,
GCBD9614,Reef Check site #9614,"Binh Thuan Province, Vietnam",11.3330277777778,108.859388888889,,,,
GCBD9615,Reef Check site #9615,"Ninh Thuan Province, Vietnam",11.3333333333333,108.8775,,,,
GCBD7534,Reef Check site #7534,"Central Visayas, Philippines",11.3343333333333,124.12525,,,,
GCBD7535,Reef Check site #7535,"Central Visayas, Philippines",11.3344444444444,124.124444444444,,,,
GCBD7536,Reef Check site #7536,"Central Visayas, Philippines",11.3351111111111,124.109277777778,,,,
GCBD7537,Reef Check site #7537,"Central Visayas, Philippines",11.3413333333333,123.751861111111,,,,
GCBD7538,Reef Check site #7538,"Central Visayas, Philippines",11.3435833333333,123.901388888889,,,,
GCBD7539,Reef Check site #7539,"Central Visayas, Philippines",11.345,124.106972222222,,,,
GCBD7540,Reef Check site #7540,"Central Visayas, Philippines",11.3458333333333,124.106388888889,,,,
GCBD7541,Reef Check site #7541,"Central Visayas, Philippines",11.3460555555556,124.106333333333,,,,
GCBD15685,Lapus Lapus,"Central Visayas, Philippines",11.3475555555556,124.105361111111,,,,
GCBD7542,Reef Check site #7542,"Central Visayas, Philippines",11.3495277777778,124.104055555556,,,,
GCBD15686,Two Rocks,"Central Visayas, Philippines",11.3515277777778,124.109166666667,,,,
GCBD9616,Reef Check site #9616,"Ninh Thuan Province, Vietnam",11.4120277777778,109.01225,,,,
GCBD7543,Reef Check site #7543,"Mimaropa, Philippines",11.4835833333333,119.880361111111,,,,
GCBD7544,Reef Check site #7544,"Mimaropa, Philippines",11.4887222222222,119.882805555556,,,,
GCBD3809,Chidiyatapu,"Andaman and Nicobar Islands, India",11.491,92.711,,,,
GCBD7545,Reef Check site #7545,"Mimaropa, Philippines",11.4911944444444,119.874055555556,,,,
GCBD7546,Reef Check site #7546,"Mimaropa, Philippines",11.4958888888889,119.873472222222,,,,
GCBD3811,Red Skin Island,"Andaman and Nicobar Islands, India",11.54,92.584,,,,
GCBD9617,Reef Check site #9617,"Ninh Thuan Province, Vietnam",11.5624444444444,109.127916666667,,,,
GCBD9618,Reef Check site #9618,"Ninh Thuan Province, Vietnam",11.5653333333333,109.123361111111,,,,
GCBD9953,Red skin,"Andaman and Nicobar Islands, India",11.57440833,92.59399444,,,,
GCBD9954,Tarmugli,"Andaman and Nicobar Islands, India",11.582725,92.56810278,,,,
GCBD9955,Chester island,"Andaman and Nicobar Islands, India",11.58453611,92.57640556,,,,
GCBD9731,Reef Check site #9731,"Ninh Thuan Province, Vietnam",11.6002777777778,109.150277777778,,,,
GCBD9619,Reef Check site #9619,"Ninh Thuan Province, Vietnam",11.6053611111111,109.153722222222,,,,
GCBD9732,Reef Check site #9732,"Ninh Thuan Province, Vietnam",11.6180555555556,109.151111111111,,,,
GCBD9620,Reef Check site #9620,"Ninh Thuan Province, Vietnam",11.6180833333333,109.16125,,,,
GCBD9733,Reef Check site #9733,"Ninh Thuan Province, Vietnam",11.6669444444444,109.1775,,,,
GCBD9734,Reef Check site #9734,"Ninh Thuan Province, Vietnam",11.6675,109.168055555556,,,,
GCBD9621,Reef Check site #9621,"Ninh Thuan Province, Vietnam",11.6694444444444,109.17975,,,,
GCBD3830,Donner site #3830,"Andaman and Nicobar Islands, India",11.6706,92.7595,,,,
GCBD9622,Reef Check site #9622,"Ninh Thuan Province, Vietnam",11.6708055555556,109.160666666667,,,,
GCBD9623,Reef Check site #9623,"Ninh Thuan Province, Vietnam",11.677,109.183333333333,,,,
GCBD3831,Donner site #3831,"Andaman and Nicobar Islands, India",11.7013,92.7534,,,,
GCBD9735,Reef Check site #9735,"Ninh Thuan Province, Vietnam",11.7013888888889,109.200833333333,,,,
GCBD9624,Reef Check site #9624,"Ninh Thuan Province, Vietnam",11.7046111111111,109.198861111111,,,,
GCBD3810,North Bay,"Andaman and Nicobar Islands, India",11.706,92.754,,,,
GCBD9625,Reef Check site #9625,"Ninh Thuan Province, Vietnam",11.716,109.208444444444,,,,
GCBD7547,Reef Check site #7547,"Bicol Region, Philippines",11.7195555555556,124.064333333333,,,,
GCBD7548,Reef Check site #7548,"Bicol Region, Philippines",11.7196666666667,124.064416666667,,,,
GCBD7549,Reef Check site #7549,"Bicol Region, Philippines",11.7206111111111,124.058583333333,,,,
GCBD7550,Reef Check site #7550,"Bicol Region, Philippines",11.7206111111111,124.059166666667,,,,
GCBD7551,Reef Check site #7551,"Bicol Region, Philippines",11.7316111111111,124.042027777778,,,,
GCBD7552,Reef Check site #7552,"Bicol Region, Philippines",11.7318055555556,124.041888888889,,,,
GCBD3804,Donner site #3804,"Andaman and Nicobar Islands, India",11.7333,92.8833,,,,
GCBD7553,Reef Check site #7553,"Bicol Region, Philippines",11.7351944444444,124.037583333333,,,,
GCBD7554,Reef Check site #7554,"Bicol Region, Philippines",11.7353888888889,124.037472222222,,,,
GCBD7555,Reef Check site #7555,"Bicol Region, Philippines",11.74175,124.031611111111,,,,
GCBD7556,Reef Check site #7556,"Mimaropa, Philippines",11.7524722222222,120.1365,,,,
GCBD7557,Reef Check site #7557,"Bicol Region, Philippines",11.7525555555556,124.023388888889,,,,
GCBD8324,Reef Check site #8324,"Trat Province, Thailand",11.755,102.544444444444,,,,
GCBD7558,Reef Check site #7558,"Mimaropa, Philippines",11.7556944444444,120.142611111111,,,,
GCBD7559,Reef Check site #7559,"Mimaropa, Philippines",11.7648333333333,120.133916666667,,,,
GCBD7560,Reef Check site #7560,"Bicol Region, Philippines",11.7668611111111,124.016694444444,,,,
GCBD7561,Reef Check site #7561,"Bicol Region, Philippines",11.7671111111111,124.016388888889,,,,
GCBD7562,Reef Check site #7562,"Mimaropa, Philippines",11.7701666666667,120.137333333333,,,,
GCBD7563,Reef Check site #7563,"Bicol Region, Philippines",11.7735,124.012833333333,,,,
GCBD7564,Reef Check site #7564,"Bicol Region, Philippines",11.7735,124.01325,,,,
GCBD9626,Reef Check site #9626,"Ninh Thuan Province, Vietnam",11.783,109.198194444444,,,,
GCBD8325,Reef Check site #8325,"Trat Province, Thailand",11.7838888888889,102.393333333333,,,,
GCBD7565,Reef Check site #7565,"Bicol Region, Philippines",11.7873055555556,124.005611111111,,,,
GCBD8326,Reef Check site #8326,"Trat Province, Thailand",11.7873888888889,102.396388888889,,,,
GCBD8327,Reef Check site #8327,"Trat Province, Thailand",11.7902777777778,102.383333333333,,,,
GCBD8328,Reef Check site #8328,"Trat Province, Thailand",11.7972222222222,102.388888888889,,,,
GCBD7566,Reef Check site #7566,"Bicol Region, Philippines",11.7995555555556,123.99475,,,,
GCBD8329,Reef Check site #8329,"Trat Province, Thailand",11.8051666666667,102.378527777778,,,,
GCBD7567,Reef Check site #7567,"Bicol Region, Philippines",11.8083055555556,123.941972222222,,,,
GCBD7568,Reef Check site #7568,"Bicol Region, Philippines",11.8083888888889,123.941944444444,,,,
GCBD9627,Reef Check site #9627,"Ninh Thuan Province, Vietnam",11.80975,109.192388888889,,,,
GCBD8149,Donner site #8149,"Trat Province, Thailand",11.81,102.38,,,,
GCBD7569,Reef Check site #7569,"Bicol Region, Philippines",11.8131944444444,123.977361111111,,,,
GCBD7570,Reef Check site #7570,"Bicol Region, Philippines",11.8135555555556,123.977138888889,,,,
GCBD8330,Reef Check site #8330,"Trat Province, Thailand",11.8184722222222,102.402888888889,,,,
GCBD6677,Reef Check site #6677,"Tanintharyi Region, Myanmar",11.82,97.6516666666667,,,,
GCBD8331,Reef Check site #8331,"Trat Province, Thailand",11.8202777777778,102.401111111111,,,,
GCBD8332,Reef Check site #8332,"Trat Province, Thailand",11.8202777777778,102.4025,,,,
GCBD8333,Reef Check site #8333,"Trat Province, Thailand",11.8230555555556,102.447222222222,,,,
GCBD8162,Donner site #8162,"Prachuap Khiri Khan, Thailand",11.83,99.82,,,,
GCBD7571,Reef Check site #7571,"Bicol Region, Philippines",11.8340833333333,124.066666666667,,,,
GCBD7572,Reef Check site #7572,"Bicol Region, Philippines",11.8365555555556,124.097777777778,,,,
GCBD7573,Reef Check site #7573,"Bicol Region, Philippines",11.8368055555556,124.097722222222,,,,
GCBD7574,Reef Check site #7574,"Bicol Region, Philippines",11.8368055555556,124.097833333333,,,,
GCBD7575,Reef Check site #7575,"Bicol Region, Philippines",11.8374444444444,124.099166666667,,,,
GCBD7576,Reef Check site #7576,"Bicol Region, Philippines",11.83825,124.098305555556,,,,
GCBD7577,Reef Check site #7577,"Bicol Region, Philippines",11.8508333333333,124.069666666667,,,,
GCBD7578,Reef Check site #7578,"Bicol Region, Philippines",11.8546666666667,124.069222222222,,,,
GCBD7579,Reef Check site #7579,"Bicol Region, Philippines",11.85475,124.069305555556,,,,
GCBD8334,Reef Check site #8334,"Trat Province, Thailand",11.8841666666667,102.455166666667,,,,
GCBD8239,Reef Check site #8239,"Trat Province, Thailand",11.8918333333333,102.454833333333,,,,
GCBD8335,Reef Check site #8335,"Trat Province, Thailand",11.9011111111111,102.471388888889,,,,
GCBD9608,Donner site #9608,"Khanh Hoa Province, Vietnam",11.904,109.139,,,,
GCBD8336,Reef Check site #8336,"Trat Province, Thailand",11.9048611111111,102.317361111111,,,,
GCBD7230,Donner site #7230,"Mimaropa, Philippines",11.9049,120.2632,,,,
GCBD7580,Reef Check site #7580,"Mimaropa, Philippines",11.9098611111111,120.051944444444,,,,
GCBD7581,Reef Check site #7581,"Mimaropa, Philippines",11.9134722222222,120.036666666667,,,,
GCBD8240,Reef Check site #8240,"Trat Province, Thailand",11.9241666666667,102.362166666667,,,,
GCBD8337,Reef Check site #8337,"Trat Province, Thailand",11.9385,102.396388888889,,,,
GCBD8338,Reef Check site #8338,"Trat Province, Thailand",11.945,102.2875,,,,
GCBD8339,Reef Check site #8339,"Trat Province, Thailand",11.9452777777778,102.283333333333,,,,
GCBD8163,Donner site #8163,"Trat Province, Thailand",11.9538,102.363,,,,
GCBD7582,Reef Check site #7582,"Mimaropa, Philippines",11.9634722222222,120.177972222222,,,,
GCBD7583,Reef Check site #7583,"Mimaropa, Philippines",11.9644166666667,120.182277777778,,,,
GCBD7584,Reef Check site #7584,"Western Visayas, Philippines",11.9651111111111,121.906694444444,,,,
GCBD7585,Reef Check site #7585,"Mimaropa, Philippines",11.9680277777778,120.064444444444,,,,
GCBD7586,Reef Check site #7586,"Mimaropa, Philippines",11.9755555555556,120.077833333333,,,,
GCBD7587,Reef Check site #7587,"Western Visayas, Philippines",11.9806944444444,121.902805555556,,,,
GCBD7588,Reef Check site #7588,"Mimaropa, Philippines",11.9837222222222,120.231694444444,,,,
GCBD3812,Havelock Aquarium,"Andaman and Nicobar Islands, India",12.0,92.927,,,,
GCBD2070,NW Inner Reef Slope,"Spratly Islands, Philippines",12.0,118.0,,,,
GCBD9956,Minerva,"Andaman and Nicobar Islands, India",12.01263333,93.08330833,,,,
GCBD9957,Pilot reef,"Andaman and Nicobar Islands, India",12.04776389,93.00561944,,,,
GCBD3832,Donner site #3832,"Andaman and Nicobar Islands, India",12.0478,92.9841,,,,
GCBD7210,Donner site #7210,"Bicol Region, Philippines",12.05,122.9,,,,
GCBD3816,Havelock Wall,"Andaman and Nicobar Islands, India",12.057,92.961,,,,
GCBD9958,Sharkally,"Andaman and Nicobar Islands, India",12.06396667,93.05894444,,,,
GCBD9736,Reef Check site #9736,"Khanh Hoa Province, Vietnam",12.0747222222222,109.305833333333,,,,
GCBD9737,Reef Check site #9737,"Khanh Hoa Province, Vietnam",12.07475,109.305777777778,,,,
GCBD3813,Nicholson Island,"Andaman and Nicobar Islands, India",12.081,92.96,,,,
GCBD9628,Reef Check site #9628,"Khanh Hoa Province, Vietnam",12.1092777777778,109.176333333333,,,,
GCBD7589,Reef Check site #7589,"Bicol Region, Philippines",12.1157777777778,123.473694444444,,,,
GCBD7590,Reef Check site #7590,"Bicol Region, Philippines",12.1305833333333,123.471333333333,,,,
GCBD9629,Reef Check site #9629,"Khanh Hoa Province, Vietnam",12.1327777777778,109.194444444444,,,,
GCBD9630,Reef Check site #9630,"Khanh Hoa Province, Vietnam",12.1334722222222,109.180916666667,,,,
GCBD7591,Reef Check site #7591,"Bicol Region, Philippines",12.1362777777778,123.477055555556,,,,
GCBD9631,Reef Check site #9631,"Khanh Hoa Province, Vietnam",12.1468611111111,109.108472222222,,,,
GCBD8164,Donner site #8164,"Trat Province, Thailand",12.152,102.5692,,,,
GCBD7592,Reef Check site #7592,"Bicol Region, Philippines",12.1568333333333,123.412166666667,,,,
GCBD7593,Reef Check site #7593,"Bicol Region, Philippines",12.1568888888889,123.412472222222,,,,
GCBD9632,Reef Check site #9632,"Khanh Hoa Province, Vietnam",12.1637777777778,109.21425,,,,
GCBD9633,Reef Check site #9633,"Khanh Hoa Province, Vietnam",12.1669444444444,109.291666666667,,,,
GCBD9634,Reef Check site #9634,"Khanh Hoa Province, Vietnam",12.1683888888889,109.296694444444,,,,
GCBD9635,Reef Check site #9635,"Khanh Hoa Province, Vietnam",12.1710555555556,109.299777777778,,,,
GCBD9636,Reef Check site #9636,"Khanh Hoa Province, Vietnam",12.1713888888889,109.296388888889,,,,
GCBD9637,Reef Check site #9637,"Khanh Hoa Province, Vietnam",12.17175,109.246972222222,,,,
GCBD9638,Reef Check site #9638,"Khanh Hoa Province, Vietnam",12.1747777777778,109.2705,,,,
GCBD9639,Reef Check site #9639,"Khanh Hoa Province, Vietnam",12.1805555555556,109.244722222222,,,,
GCBD9738,Reef Check site #9738,"Khanh Hoa Province, Vietnam",12.1819444444444,109.293611111111,,,,
GCBD9640,Reef Check site #9640,"Khanh Hoa Province, Vietnam",12.182,109.310388888889,,,,
GCBD9641,Reef Check site #9641,"Khanh Hoa Province, Vietnam",12.1828611111111,109.22525,,,,
GCBD9959,Emli dera,"Andaman and Nicobar Islands, India",12.196075,93.08474444,,,,
GCBD7594,Reef Check site #7594,"Mimaropa, Philippines",12.2140277777778,121.279527777778,,,,
GCBD9642,Reef Check site #9642,"Khanh Hoa Province, Vietnam",12.2213888888889,109.324166666667,,,,
GCBD9643,Reef Check site #9643,"Khanh Hoa Province, Vietnam",12.2222222222222,109.301388888889,,,,
GCBD9960,South Button,"Andaman and Nicobar Islands, India",12.22348056,93.02086667,,,,
GCBD3815,S Button Island,"Andaman and Nicobar Islands, India",12.228,93.025,,,,
GCBD9644,Reef Check site #9644,"Khanh Hoa Province, Vietnam",12.2314166666667,109.242916666667,,,,
GCBD7595,Reef Check site #7595,"Mimaropa, Philippines",12.2428611111111,121.282416666667,,,,
GCBD9609,Donner site #9609,"Khanh Hoa Province, Vietnam",12.256,109.205,,,,
GCBD9689,Donner site #9689,"Khanh Hoa Province, Vietnam",12.2594,109.2098,,,,
GCBD7596,Reef Check site #7596,"Mimaropa, Philippines",12.2633333333333,121.387194444444,,,,
GCBD7597,Reef Check site #7597,"Mimaropa, Philippines",12.2656388888889,121.274611111111,,,,
GCBD9645,Reef Check site #9645,"Khanh Hoa Province, Vietnam",12.2727777777778,109.356944444444,,,,
GCBD9646,Reef Check site #9646,"Khanh Hoa Province, Vietnam",12.2742777777778,109.207388888889,,,,
GCBD9739,Reef Check site #9739,"Khanh Hoa Province, Vietnam",12.2788888888889,109.493888888889,,,,
GCBD9647,Reef Check site #9647,"Khanh Hoa Province, Vietnam",12.2791666666667,109.494166666667,,,,
GCBD9648,Reef Check site #9648,"Khanh Hoa Province, Vietnam",12.2823055555556,109.515138888889,,,,
GCBD9649,Reef Check site #9649,"Khanh Hoa Province, Vietnam",12.2836111111111,109.380555555556,,,,
GCBD9650,Reef Check site #9650,"Khanh Hoa Province, Vietnam",12.2843888888889,109.518888888889,,,,
GCBD9740,Reef Check site #9740,"Khanh Hoa Province, Vietnam",12.285,109.499444444444,,,,
GCBD9651,Reef Check site #9651,"Khanh Hoa Province, Vietnam",12.285,109.499722222222,,,,
GCBD9652,Reef Check site #9652,"Khanh Hoa Province, Vietnam",12.2874722222222,109.242472222222,,,,
GCBD9741,Reef Check site #9741,"Khanh Hoa Province, Vietnam",12.3047222222222,109.375277777778,,,,
GCBD7206,Reef Check site #7206,"Mimaropa, Philippines",12.3071944444444,121.362222222222,,,,
GCBD7598,Reef Check site #7598,"Mimaropa, Philippines",12.3172777777778,121.358722222222,,,,
GCBD9653,Reef Check site #9653,"Khanh Hoa Province, Vietnam",12.3192222222222,109.384972222222,,,,
GCBD9654,Reef Check site #9654,"Khanh Hoa Province, Vietnam",12.3204722222222,109.489611111111,,,,
GCBD9655,Reef Check site #9655,"Khanh Hoa Province, Vietnam",12.3514722222222,109.308,,,,
GCBD9656,Reef Check site #9656,"Khanh Hoa Province, Vietnam",12.3628888888889,109.299944444444,,,,
GCBD9657,Reef Check site #9657,"Khanh Hoa Province, Vietnam",12.3761111111111,109.306194444444,,,,
GCBD7599,Reef Check site #7599,"Mimaropa, Philippines",12.3829166666667,121.452333333333,,,,
GCBD9742,Reef Check site #9742,"Khanh Hoa Province, Vietnam",12.4169444444444,109.304444444444,,,,
GCBD9743,Reef Check site #9743,"Khanh Hoa Province, Vietnam",12.4494444444444,109.293333333333,,,,
GCBD9658,Reef Check site #9658,"Khanh Hoa Province, Vietnam",12.4793333333333,109.402222222222,,,,
GCBD9744,Reef Check site #9744,"Khanh Hoa Province, Vietnam",12.4836111111111,109.309444444444,,,,
GCBD9745,Reef Check site #9745,"Khanh Hoa Province, Vietnam",12.4961111111111,109.300277777778,,,,
GCBD9659,Reef Check site #9659,"Khanh Hoa Province, Vietnam",12.4972222222222,109.395333333333,,,,
GCBD8244,Reef Check site #8244,"Chon Buri, Thailand",12.5068333333333,100.96,,,,
GCBD8245,Reef Check site #8245,"Chon Buri, Thailand",12.507,100.956666666667,,,,
GCBD7600,Reef Check site #7600,"Bicol Region, Philippines",12.5315555555556,124.10525,,,,
GCBD7601,Reef Check site #7601,"Bicol Region, Philippines",12.5478055555556,124.118833333333,,,,
GCBD8246,Reef Check site #8246,"Chon Buri, Thailand",12.5478333333333,100.975833333333,,,,
GCBD8247,Reef Check site #8247,"Chon Buri, Thailand",12.5483333333333,100.975833333333,,,,
GCBD8165,Donner site #8165,"Rayong, Thailand",12.5503,101.425,,,,
GCBD9746,Reef Check site #9746,"Khanh Hoa Province, Vietnam",12.5738888888889,109.426388888889,,,,
GCBD9610,Donner site #9610,"Khanh Hoa Province, Vietnam",12.589,109.239,,,,
GCBD9747,Reef Check site #9747,"Khanh Hoa Province, Vietnam",12.6002777777778,109.303611111111,,,,
GCBD9783,Reef Check site #9783,"Socotra Governorate, Yemen",12.6017222222222,53.8173055555556,,,,
GCBD9748,Reef Check site #9748,"Khanh Hoa Province, Vietnam",12.6069444444444,109.332777777778,,,,
GCBD9784,Reef Check site #9784,"Socotra Governorate, Yemen",12.6184722222222,54.35775,,,,
GCBD9611,Donner site #9611,"Khanh Hoa Province, Vietnam",12.62,109.23,,,,
GCBD9660,Reef Check site #9660,"Khanh Hoa Province, Vietnam",12.6270833333333,109.214888888889,,,,
GCBD9749,Reef Check site #9749,"Khanh Hoa Province, Vietnam",12.6280555555556,109.211111111111,,,,
GCBD9750,Reef Check site #9750,"Khanh Hoa Province, Vietnam",12.6286111111111,109.214722222222,,,,
GCBD8166,Donner site #8166,"Rayong, Thailand",12.6296,101.3293,,,,
GCBD9751,Reef Check site #9751,"Khanh Hoa Province, Vietnam",12.6333333333333,109.208333333333,,,,
GCBD8213,Donner site #8213,"Chon Buri, Thailand",12.6363,100.848,,,,
GCBD9785,Reef Check site #9785,"Taiz Governorate, Yemen",12.6366111111111,43.4191666666667,,,,
GCBD9752,Reef Check site #9752,"Khanh Hoa Province, Vietnam",12.6383333333333,109.2225,,,,
GCBD7602,Reef Check site #7602,"Mimaropa, Philippines",12.6664166666667,120.413277777778,,,,
GCBD9753,Reef Check site #9753,"Khanh Hoa Province, Vietnam",12.6672222222222,109.384166666667,,,,
GCBD7603,Reef Check site #7603,"Mimaropa, Philippines",12.6677222222222,120.410277777778,,,,
GCBD9786,Reef Check site #9786,"Socotra Governorate, Yemen",12.6705277777778,53.4486944444444,,,,
GCBD9777,Reef Check site #9777,"Socotra Governorate, Yemen",12.6713888888889,54.1944444444444,,,,
GCBD9787,Reef Check site #9787,"Socotra Governorate, Yemen",12.6731388888889,54.1969722222222,,,,
GCBD9778,Reef Check site #9778,"Socotra Governorate, Yemen",12.6733333333333,54.1930555555556,,,,
GCBD9779,Reef Check site #9779,"Socotra Governorate, Yemen",12.6791666666667,54.0762777777778,,,,
GCBD9788,Reef Check site #9788,"Socotra Governorate, Yemen",12.6814166666667,54.0767777777778,,,,
GCBD9789,Reef Check site #9789,"Socotra Governorate, Yemen",12.7042222222222,53.6267777777778,,,,
GCBD8248,Reef Check site #8248,"Chon Buri, Thailand",12.8763888888889,100.675,,,,
GCBD3803,North Reef islands,"Andaman and Nicobar Islands, India",12.9347,92.9558,,,,
GCBD8249,Reef Check site #8249,"Chon Buri, Thailand",12.9483055555556,100.670777777778,,,,
GCBD8167,Donner site #8167,"Chon Buri, Thailand",12.9526,100.8216,,,,
GCBD8250,Reef Check site #8250,"Chon Buri, Thailand",12.9613333333333,100.653333333333,,,,
GCBD8340,Reef Check site #8340,"Chon Buri, Thailand",12.9626666666667,100.653,,,,
GCBD8251,Reef Check site #8251,"Chon Buri, Thailand",12.9661666666667,100.674333333333,,,,
GCBD8168,Donner site #8168,"Chon Buri, Thailand",13.15,100.8,,,,
GCBD7604,Reef Check site #7604,"Mimaropa, Philippines",13.2152777777778,120.527777777778,,,,
GCBD7232,Donner site #7232,"Mimaropa, Philippines",13.2421,121.9158,,,,
GCBD8169,Donner site #8169,"Chon Buri, Thailand",13.3644,100.9823,,,,
GCBD7605,Reef Check site #7605,"Mimaropa, Philippines",13.4176111111111,121.144777777778,,,,
GCBD7606,Reef Check site #7606,"Mimaropa, Philippines",13.4199444444444,121.151972222222,,,,
GCBD7607,Reef Check site #7607,"Mimaropa, Philippines",13.4207777777778,121.15025,,,,
GCBD7608,Reef Check site #7608,"Mimaropa, Philippines",13.42175,121.148277777778,,,,
GCBD7609,Reef Check site #7609,"Mimaropa, Philippines",13.4406944444444,121.215138888889,,,,
GCBD7610,Reef Check site #7610,"Mimaropa, Philippines",13.4419444444444,121.215388888889,,,,
GCBD7611,Reef Check site #7611,"Mimaropa, Philippines",13.4441944444444,121.216222222222,,,,
GCBD7612,Reef Check site #7612,"Mimaropa, Philippines",13.4779166666667,120.971694444444,,,,
GCBD7613,Reef Check site #7613,"Mimaropa, Philippines",13.481,120.971111111111,,,,
GCBD9688,Donner site #9688,"Phú Yên Province, Vietnam",13.5,109.3333,,,,
GCBD7614,Reef Check site #7614,"Mimaropa, Philippines",13.5096666666667,120.956666666667,,,,
GCBD7615,Reef Check site #7615,"Mimaropa, Philippines",13.5140277777778,120.960805555556,,,,
GCBD7616,Reef Check site #7616,"Mimaropa, Philippines",13.5170833333333,120.992,,,,
GCBD7617,Reef Check site #7617,"Mimaropa, Philippines",13.5196944444444,120.955277777778,,,,
GCBD7618,Reef Check site #7618,"Mimaropa, Philippines",13.5220555555556,120.975388888889,,,,
GCBD7619,Reef Check site #7619,"Mimaropa, Philippines",13.5222222222222,120.950472222222,,,,
GCBD7620,Reef Check site #7620,"Mimaropa, Philippines",13.5225833333333,120.985555555556,,,,
GCBD7621,Reef Check site #7621,"Mimaropa, Philippines",13.5245555555556,120.980194444444,,,,
GCBD7622,Reef Check site #7622,"Mimaropa, Philippines",13.5247222222222,120.981111111111,,,,
GCBD7221,Donner site #7221,"Mimaropa, Philippines",13.54,120.76,,,,
GCBD7623,Reef Check site #7623,"Calabarzon, Philippines",13.6273611111111,121.057166666667,,,,
GCBD7624,Reef Check site #7624,"Calabarzon, Philippines",13.6282777777778,121.061222222222,,,,
GCBD7625,Reef Check site #7625,"Calabarzon, Philippines",13.6293888888889,121.063166666667,,,,
GCBD7626,Reef Check site #7626,"Calabarzon, Philippines",13.63075,121.054027777778,,,,
GCBD7627,Reef Check site #7627,"Calabarzon, Philippines",13.6330277777778,121.043638888889,,,,
GCBD7628,Reef Check site #7628,"Bicol Region, Philippines",13.6591666666667,122.792055555556,,,,
GCBD7629,Reef Check site #7629,"Calabarzon, Philippines",13.6642222222222,120.868611111111,,,,
GCBD7630,Reef Check site #7630,"Calabarzon, Philippines",13.68825,120.841305555556,,,,
GCBD7631,Reef Check site #7631,"Calabarzon, Philippines",13.6906388888889,120.889055555556,,,,
GCBD7632,Reef Check site #7632,"Calabarzon, Philippines",13.7041111111111,120.875777777778,,,,
GCBD7633,Reef Check site #7633,"Calabarzon, Philippines",13.7079722222222,120.874305555556,,,,
GCBD7634,Reef Check site #7634,"Calabarzon, Philippines",13.71425,120.871611111111,,,,
GCBD7231,Donner site #7231,"Calabarzon, Philippines",13.7163,120.8504,,,,
GCBD7635,Reef Check site #7635,"Calabarzon, Philippines",13.7178333333333,120.872527777778,,,,
GCBD7636,Reef Check site #7636,"Calabarzon, Philippines",13.7244166666667,120.880416666667,,,,
GCBD7207,Cathedral,"Calabarzon, Philippines",13.7246,120.8794,,,,
GCBD7637,Reef Check site #7637,"Calabarzon, Philippines",13.7281944444444,120.883805555556,,,,
GCBD7638,Reef Check site #7638,"Bicol Region, Philippines",13.7335,122.828888888889,,,,
GCBD7639,Reef Check site #7639,"Calabarzon, Philippines",13.7737222222222,120.644277777778,,,,
GCBD7640,Reef Check site #7640,"Calabarzon, Philippines",13.7764444444444,120.645194444444,,,,
GCBD7641,Reef Check site #7641,"Calabarzon, Philippines",13.7833333333333,120.677222222222,,,,
GCBD9790,Reef Check site #9790,"Hanish Islands, Yemen",13.7886111111111,42.8062777777778,,,,
GCBD7642,Reef Check site #7642,"Calabarzon, Philippines",13.7990833333333,120.676694444444,,,,
GCBD7643,Reef Check site #7643,"Calabarzon, Philippines",13.7995833333333,120.673638888889,,,,
GCBD7644,Reef Check site #7644,"Calabarzon, Philippines",13.8033888888889,120.911611111111,,,,
GCBD7645,Reef Check site #7645,"Calabarzon, Philippines",13.8138611111111,120.9085,,,,
GCBD7646,Reef Check site #7646,"Calabarzon, Philippines",13.895,120.607027777778,,,,
GCBD9791,Reef Check site #9791,"Shabwah Governorate, Yemen",13.9358888888889,48.3864166666667,,,,
GCBD7647,Reef Check site #7647,"Calabarzon, Philippines",13.9697222222222,120.601722222222,,,,
GCBD15698,Galvez B,"Calabarzon, Philippines",13.9710833333333,120.612833333333,,,,
GCBD7648,Reef Check site #7648,"Calabarzon, Philippines",13.9716388888889,120.601666666667,,,,
GCBD15699,Galvez A,"Calabarzon, Philippines",13.9718888888889,120.611611111111,,,,
GCBD7649,Reef Check site #7649,"Calabarzon, Philippines",13.975,120.608888888889,,,,
GCBD15700,Toroso A,"Calabarzon, Philippines",13.9751944444444,120.615638888889,,,,
GCBD15701,Talim Inner A,"Calabarzon, Philippines",13.9768333333333,120.607722222222,,,,
GCBD15702,Toroso B,"Calabarzon, Philippines",13.9770833333333,120.6165,,,,
GCBD7650,Reef Check site #7650,"Calabarzon, Philippines",13.9780833333333,120.616055555556,,,,
GCBD7651,Reef Check site #7651,"Calabarzon, Philippines",13.9816666666667,120.618888888889,,,,
GCBD7652,Reef Check site #7652,"Calabarzon, Philippines",13.9847222222222,120.627777777778,,,,
GCBD7653,Reef Check site #7653,"Mimaropa, Philippines",13.9859166666667,120.621472222222,,,,
GCBD7654,Reef Check site #7654,"Mimaropa, Philippines",13.9868333333333,120.63,,,,
GCBD7655,Reef Check site #7655,"Calabarzon, Philippines",13.9900833333333,120.622444444444,,,,
GCBD15703,Layag-Layag B,"Calabarzon, Philippines",13.9925555555556,120.618722222222,,,,
GCBD15704,Layag-Layag A,"Calabarzon, Philippines",13.9945277777778,120.619416666667,,,,
GCBD15705,Clubhouse A,"Calabarzon, Philippines",14.0049166666667,120.616138888889,,,,
GCBD15706,San Diego B,"Calabarzon, Philippines",14.0171388888889,120.615611111111,,,,
GCBD7656,Reef Check site #7656,"Calabarzon, Philippines",14.0183333333333,120.618611111111,,,,
GCBD7657,Reef Check site #7657,"Calabarzon, Philippines",14.0201111111111,120.616555555556,,,,
GCBD7658,Reef Check site #7658,"Calabarzon, Philippines",14.1133055555556,120.608166666667,,,,
GCBD7659,Reef Check site #7659,"Calabarzon, Philippines",14.1174166666667,120.606472222222,,,,
GCBD7660,Reef Check site #7660,"Calabarzon, Philippines",14.1723611111111,120.578111111111,,,,
GCBD7661,Reef Check site #7661,"Calabarzon, Philippines",14.1728333333333,120.580722222222,,,,
GCBD7662,Reef Check site #7662,"Calabarzon, Philippines",14.1746388888889,120.595444444444,,,,
GCBD7663,Reef Check site #7663,"Calabarzon, Philippines",14.1758055555556,120.587861111111,,,,
GCBD7664,Reef Check site #7664,"Calabarzon, Philippines",14.1759722222222,120.587555555556,,,,
GCBD7665,Reef Check site #7665,"Calabarzon, Philippines",14.1761666666667,120.584527777778,,,,
GCBD7666,Reef Check site #7666,"Calabarzon, Philippines",14.1767777777778,120.587305555556,,,,
GCBD7667,Reef Check site #7667,"Calabarzon, Philippines",14.1917222222222,120.586722222222,,,,
GCBD7668,Reef Check site #7668,"Calabarzon, Philippines",14.192,120.586722222222,,,,
GCBD7669,Reef Check site #7669,"Calabarzon, Philippines",14.1936944444444,120.585944444444,,,,
GCBD7670,Reef Check site #7670,"Calabarzon, Philippines",14.19725,120.584305555556,,,,
GCBD7671,Reef Check site #7671,"Central Luzon, Philippines",14.7572222222222,120.239166666667,,,,
GCBD7672,Reef Check site #7672,"Central Luzon, Philippines",14.7572777777778,120.237666666667,,,,
GCBD7673,Reef Check site #7673,"Central Luzon, Philippines",14.7586388888889,120.237888888889,,,,
GCBD7674,Reef Check site #7674,"Central Luzon, Philippines",14.7671111111111,120.222972222222,,,,
GCBD7675,Reef Check site #7675,"Calabarzon, Philippines",14.8092222222222,121.838166666667,,,,
GCBD9792,Reef Check site #9792,"Hadhramaut Governorate, Yemen",14.8177222222222,50.01525,,,,
GCBD7208,Donner site #7208,"Central Luzon, Philippines",14.85,120.8167,,,,
GCBD7215,Donner site #7215,"Calabarzon, Philippines",14.861,122.223,,,,
GCBD9793,Reef Check site #9793,"Al Hudaydah Governorate, Yemen",15.7016111111111,42.3918055555556,,,,
GCBD9754,Reef Check site #9754,"Quang Nam, Vietnam",15.9030555555556,108.539722222222,,,,
GCBD9755,Reef Check site #9755,"Quang Nam, Vietnam",15.9080555555556,108.533333333333,,,,
GCBD9661,Reef Check site #9661,"Quang Nam, Vietnam",15.9081111111111,108.533388888889,,,,
GCBD9662,Reef Check site #9662,"Quang Nam, Vietnam",15.9299722222222,108.528805555556,,,,
GCBD9756,Reef Check site #9756,"Quang Nam, Vietnam",15.93,108.528611111111,,,,
GCBD9757,Reef Check site #9757,"Quang Nam, Vietnam",15.9316666666667,108.471388888889,,,,
GCBD9758,Reef Check site #9758,"Quang Nam, Vietnam",15.9336111111111,108.474444444444,,,,
GCBD9759,Reef Check site #9759,"Quang Nam, Vietnam",15.9380555555556,108.515277777778,,,,
GCBD9760,Reef Check site #9760,"Quang Nam, Vietnam",15.9455555555556,108.478055555556,,,,
GCBD9761,Reef Check site #9761,"Quang Nam, Vietnam",15.9455555555556,108.486388888889,,,,
GCBD9663,Reef Check site #9663,"Quang Nam, Vietnam",15.9456111111111,108.478083333333,,,,
GCBD9762,Reef Check site #9762,"Quang Nam, Vietnam",15.96,108.489444444444,,,,
GCBD9664,Reef Check site #9664,"Quang Nam, Vietnam",15.96,108.489527777778,,,,
GCBD9763,Reef Check site #9763,"Quang Nam, Vietnam",15.9630555555556,108.485,,,,
GCBD9665,Reef Check site #9665,"Quang Nam, Vietnam",15.96325,108.485055555556,,,,
GCBD9764,Reef Check site #9764,"Quang Nam, Vietnam",15.9675,108.445833333333,,,,
GCBD9765,Reef Check site #9765,"Quang Nam, Vietnam",15.9713888888889,108.491388888889,,,,
GCBD9766,Reef Check site #9766,"Quang Nam, Vietnam",15.9722222222222,108.421666666667,,,,
GCBD9767,Reef Check site #9767,"Quang Nam, Vietnam",15.9772222222222,108.500555555556,,,,
GCBD9768,Reef Check site #9768,"Quang Nam, Vietnam",15.9794444444444,108.448611111111,,,,
GCBD9666,Reef Check site #9666,"Da Nang, Vietnam",16.0888888888889,108.260833333333,,,,
GCBD9667,Reef Check site #9667,"Da Nang, Vietnam",16.0891666666667,108.263055555556,,,,
GCBD9668,Reef Check site #9668,"Da Nang, Vietnam",16.095,108.269444444444,,,,
GCBD9669,Reef Check site #9669,"Da Nang, Vietnam",16.0966666666667,108.302222222222,,,,
GCBD9670,Reef Check site #9670,"Da Nang, Vietnam",16.0969444444444,108.274722222222,,,,
GCBD9671,Reef Check site #9671,"Da Nang, Vietnam",16.1016666666667,108.299444444444,,,,
GCBD9672,Reef Check site #9672,"Da Nang, Vietnam",16.1052777777778,108.310277777778,,,,
GCBD9673,Reef Check site #9673,"Da Nang, Vietnam",16.1116666666667,108.311666666667,,,,
GCBD9674,Reef Check site #9674,"Da Nang, Vietnam",16.1158333333333,108.321111111111,,,,
GCBD9675,Reef Check site #9675,"Da Nang, Vietnam",16.1175,108.331388888889,,,,
GCBD9676,Reef Check site #9676,"Da Nang, Vietnam",16.1325,108.31,,,,
GCBD9677,Reef Check site #9677,"Da Nang, Vietnam",16.1366666666667,108.228055555556,,,,
GCBD9678,Reef Check site #9678,"Da Nang, Vietnam",16.1422222222222,108.230277777778,,,,
GCBD9679,Reef Check site #9679,"Da Nang, Vietnam",16.145,108.27,,,,
GCBD9680,Reef Check site #9680,"Da Nang, Vietnam",16.1469444444444,108.2625,,,,
GCBD9681,Reef Check site #9681,"Da Nang, Vietnam",16.1480555555556,108.234444444444,,,,
GCBD9682,Reef Check site #9682,"Da Nang, Vietnam",16.1927777777778,108.168611111111,,,,
GCBD9683,Reef Check site #9683,"Da Nang, Vietnam",16.1997222222222,108.185555555556,,,,
GCBD9684,Reef Check site #9684,"Da Nang, Vietnam",16.1997222222222,108.191111111111,,,,
GCBD7222,Donner site #7222,"Ilocos Region, Philippines",16.31,119.77,,,,
GCBD7226,Donner site #7226,"Ilocos Region, Philippines",16.37,119.87,,,,
GCBD7233,Donner site #7233,"Ilocos Region, Philippines",16.45,119.9167,,,,
GCBD7784,Reef Check site #7784,"Jizan Province, Saudi Arabia",16.7238888888889,41.8013888888889,,,,
GCBD6874,Donner site #6874,"Dhofar Governorate, Oman",16.8,54.0,,,,
GCBD6873,Donner site #6873,"Dhofar Governorate, Oman",16.94,54.81,,,,
GCBD2071,Reef Check site #2071,"Hainan, China",18.1845,109.484,,,,
GCBD2072,Reef Check site #2072,"Hainan, China",18.2091666666667,109.465833333333,,,,
GCBD2073,Reef Check site #2073,"Hainan, China",18.2091666666667,109.506666666667,,,,
GCBD2074,Reef Check site #2074,"Hainan, China",18.21,109.21,,,,
GCBD2075,Reef Check site #2075,"Hainan, China",18.2116666666667,109.496666666667,,,,
GCBD2076,Reef Check site #2076,"Hainan, China",18.213,109.51025,,,,
GCBD7785,Reef Check site #7785,"Makkah Province, Saudi Arabia",18.3766388888889,41.4478055555556,,,,
GCBD7786,Reef Check site #7786,"Makkah Province, Saudi Arabia",20.1479444444444,40.2324166666667,,,,
GCBD6878,Donner site #6878,"Ash Sharqiyah South Governorate, Oman",20.2646,58.4244,,,,
GCBD6884,Reef Check site #6884,"Ash Sharqiyah South Governorate, Oman",20.3726388888889,58.8059444444444,,,,
GCBD1373,Reef Check site #1373,"Cox's Bazar, Bangladesh",20.6222777777778,92.3128333333333,,,,
GCBD1374,Reef Check site #1374,"Cox's Bazar, Bangladesh",20.6293611111111,92.3291944444444,,,,
GCBD9769,Reef Check site #9769,"Hai Phong, Vietnam",20.7388888888889,107.058333333333,,,,
GCBD9770,Reef Check site #9770,"Hai Phong, Vietnam",20.7541666666667,107.104166666667,,,,
GCBD9771,Reef Check site #9771,"Hai Phong, Vietnam",20.7916666666667,107.125,,,,
GCBD9772,Reef Check site #9772,"Hai Phong, Vietnam",20.8041666666667,107.116111111111,,,,
GCBD9773,Reef Check site #9773,"Quang Ninh, Vietnam",20.8208333333333,107.155555555556,,,,
GCBD9774,Reef Check site #9774,"Quang Ninh, Vietnam",20.8458333333333,107.177777777778,,,,
GCBD9775,Reef Check site #9775,"Quang Ninh, Vietnam",20.9875,107.570833333333,,,,
GCBD9685,Reef Check site #9685,"Quang Ninh, Vietnam",21.0416666666667,107.579166666667,,,,
GCBD9686,Reef Check site #9686,"Quang Ninh, Vietnam",21.0666666666667,107.5875,,,,
GCBD9776,Reef Check site #9776,"Quang Ninh, Vietnam",21.1041666666667,107.619444444444,,,,
GCBD7787,Reef Check site #7787,"Jeddah, Saudi Arabia",21.6444444444444,39.1009444444444,,,,
GCBD7978,Reef Check site #7978,"Pingtung County, Taiwan",21.9333333333333,120.743333333333,,,,
GCBD7979,Reef Check site #7979,"Pingtung County, Taiwan",21.9366666666667,120.743333333333,,,,
GCBD7980,Reef Check site #7980,"Taitung County, Taiwan",21.95,121.783333333333,,,,
GCBD7981,Reef Check site #7981,"Pingtung County, Taiwan",21.9555833333333,120.711888888889,,,,
GCBD7982,Reef Check site #7982,"Taitung County, Taiwan",21.975,121.7,,,,
GCBD7983,Reef Check site #7983,"Taitung County, Taiwan",22.0236388888889,121.541222222222,,,,
GCBD7984,Reef Check site #7984,"Taitung County, Taiwan",22.025,121.533333333333,,,,
GCBD7985,Reef Check site #7985,"Taitung County, Taiwan",22.0378888888889,121.521694444444,,,,
GCBD7986,Reef Check site #7986,"Taitung County, Taiwan",22.0386111111111,121.576583333333,,,,
GCBD8055,Reef Check site #8055,"Taitung County, Taiwan",22.0398333333333,121.519833333333,,,,
GCBD7987,Reef Check site #7987,"Taitung County, Taiwan",22.0483055555556,121.507527777778,,,,
GCBD8056,Reef Check site #8056,"Taitung County, Taiwan",22.0510277777778,121.511055555556,,,,
GCBD7988,Reef Check site #7988,"Taitung County, Taiwan",22.0608055555556,121.505527777778,,,,
GCBD7989,Reef Check site #7989,"Taitung County, Taiwan",22.0661944444444,121.570861111111,,,,
GCBD7990,Reef Check site #7990,"Taitung County, Taiwan",22.0681944444444,121.516333333333,,,,
GCBD7991,Reef Check site #7991,"Taitung County, Taiwan",22.0705,121.50825,,,,
GCBD7992,Reef Check site #7992,"Taitung County, Taiwan",22.075,121.5,,,,
GCBD8057,Reef Check site #8057,"Taitung County, Taiwan",22.0811111111111,121.529722222222,,,,
GCBD7993,Reef Check site #7993,"Taitung County, Taiwan",22.0821388888889,121.517277777778,,,,
GCBD8058,Reef Check site #8058,"Taitung County, Taiwan",22.0822222222222,121.517777777778,,,,
GCBD8059,Reef Check site #8059,"Taitung County, Taiwan",22.0830555555556,121.557777777778,,,,
GCBD7994,Reef Check site #7994,"Taitung County, Taiwan",22.0842777777778,121.553277777778,,,,
GCBD15726,Lion Couple Rock South,"Taitung County, Taiwan",22.0854444444444,121.565722222222,,,,
GCBD7995,Reef Check site #7995,"Taitung County, Taiwan",22.0869444444444,121.565,,,,
GCBD7996,Reef Check site #7996,"Taitung County, Taiwan",22.0883333333333,121.524444444444,,,,
GCBD9831,Safaie site #9831,"Makkah Province, Saudi Arabia",22.2,38.9,,,,
GCBD2078,Reef Check site #2078,"Hong Kong, China",22.2558333333333,114.342166666667,,,,
GCBD2109,Reef Check site #2109,"Hong Kong, China",22.2585833333333,114.350916666667,,,,
GCBD2110,Reef Check site #2110,"Hong Kong, China",22.2599166666667,114.351055555556,,,,
GCBD2111,Reef Check site #2111,"Hong Kong, China",22.2637222222222,114.348944444444,,,,
GCBD2079,Reef Check site #2079,"Hong Kong, China",22.2699722222222,114.34725,,,,
GCBD2080,Reef Check site #2080,"Hong Kong, China",22.3166666666667,114.35,,,,
GCBD7997,Reef Check site #7997,"Pingtung County, Taiwan",22.3230555555556,120.365555555556,,,,
GCBD7998,Reef Check site #7998,"Pingtung County, Taiwan",22.32475,120.36825,,,,
GCBD2112,Reef Check site #2112,"Hong Kong, China",22.325,114.355,,,,
GCBD2081,Reef Check site #2081,"Hong Kong, China",22.3253611111111,114.354194444444,,,,
GCBD7999,Reef Check site #7999,"Pingtung County, Taiwan",22.3257777777778,120.368944444444,,,,
GCBD2082,Reef Check site #2082,"Hong Kong, China",22.3285,114.297333333333,,,,
GCBD2083,Reef Check site #2083,"Hong Kong, China",22.3291944444444,114.292861111111,,,,
GCBD2084,Reef Check site #2084,"Hong Kong, China",22.3333333333333,114.292777777778,,,,
GCBD8000,Reef Check site #8000,"Taitung County, Taiwan",22.3333333333333,121.35,,,,
GCBD8001,Reef Check site #8001,"Taitung County, Taiwan",22.3333333333333,121.366666666667,,,,
GCBD8002,Reef Check site #8002,"Pingtung County, Taiwan",22.3375,120.358055555556,,,,
GCBD2113,Reef Check site #2113,"Hong Kong, China",22.3379444444444,114.364472222222,,,,
GCBD8003,Reef Check site #8003,"Pingtung County, Taiwan",22.3422777777778,120.360777777778,,,,
GCBD2114,Reef Check site #2114,"Hong Kong, China",22.3430277777778,114.293388888889,,,,
GCBD8060,Reef Check site #8060,"Pingtung County, Taiwan",22.3449722222222,120.389805555556,,,,
GCBD8004,Reef Check site #8004,"Pingtung County, Taiwan",22.3492777777778,120.389888888889,,,,
GCBD2115,Reef Check site #2115,"Hong Kong, China",22.3520833333333,114.349611111111,,,,
GCBD2085,Reef Check site #2085,"Hong Kong, China",22.3526666666667,114.369166666667,,,,
GCBD2116,Reef Check site #2116,"Hong Kong, China",22.35275,114.365472222222,,,,
GCBD2086,Reef Check site #2086,"Hong Kong, China",22.3534722222222,114.347611111111,,,,
GCBD2117,Reef Check site #2117,"Hong Kong, China",22.3538055555556,114.369055555556,,,,
GCBD8005,Reef Check site #8005,"Pingtung County, Taiwan",22.3539166666667,120.368888888889,,,,
GCBD2118,Reef Check site #2118,"Hong Kong, China",22.3539722222222,114.36625,,,,
GCBD2119,Reef Check site #2119,"Hong Kong, China",22.3543888888889,114.295361111111,,,,
GCBD8061,Reef Check site #8061,"Pingtung County, Taiwan",22.3544444444444,120.371111111111,,,,
GCBD8006,Reef Check site #8006,"Pingtung County, Taiwan",22.3551944444444,120.371472222222,,,,
GCBD2120,Reef Check site #2120,"Hong Kong, China",22.3558333333333,114.2975,,,,
GCBD8007,Reef Check site #8007,"Pingtung County, Taiwan",22.3561944444444,120.377555555556,,,,
GCBD2121,Reef Check site #2121,"Hong Kong, China",22.3567222222222,114.293361111111,,,,
GCBD2087,Reef Check site #2087,"Hong Kong, China",22.358,114.337444444444,,,,
GCBD2122,Reef Check site #2122,"Hong Kong, China",22.3586111111111,114.293361111111,,,,
GCBD2123,Reef Check site #2123,"Hong Kong, China",22.3591388888889,114.335888888889,,,,
GCBD2124,Reef Check site #2124,"Hong Kong, China",22.3596388888889,114.3765,,,,
GCBD2125,Reef Check site #2125,"Hong Kong, China",22.3605833333333,114.296638888889,,,,
GCBD2126,Reef Check site #2126,"Hong Kong, China",22.3627777777778,114.274305555556,,,,
GCBD2127,Reef Check site #2127,"Hong Kong, China",22.3627777777778,114.292055555556,,,,
GCBD2128,Reef Check site #2128,"Hong Kong, China",22.36325,114.353166666667,,,,
GCBD2129,Reef Check site #2129,"Hong Kong, China",22.3637777777778,114.431,,,,
GCBD2130,Reef Check site #2130,"Hong Kong, China",22.3643055555556,114.290388888889,,,,
GCBD2131,Reef Check site #2131,"Hong Kong, China",22.3645833333333,114.295833333333,,,,
GCBD2088,Reef Check site #2088,"Hong Kong, China",22.3648055555556,114.289277777778,,,,
GCBD2132,Reef Check site #2132,"Hong Kong, China",22.3655555555556,114.303305555556,,,,
GCBD2133,Reef Check site #2133,"Hong Kong, China",22.3669166666667,114.385722222222,,,,
GCBD2134,Reef Check site #2134,"Hong Kong, China",22.3696388888889,114.384638888889,,,,
GCBD2089,Reef Check site #2089,"Hong Kong, China",22.3711666666667,114.3835,,,,
GCBD2135,Reef Check site #2135,"Hong Kong, China",22.3723333333333,114.383277777778,,,,
GCBD2136,Reef Check site #2136,"Hong Kong, China",22.3733055555556,114.381916666667,,,,
GCBD2137,Reef Check site #2137,"Hong Kong, China",22.3849166666667,114.298277777778,,,,
GCBD2138,Reef Check site #2138,"Hong Kong, China",22.3850833333333,114.294166666667,,,,
GCBD2090,Reef Check site #2090,"Hong Kong, China",22.3881111111111,114.296527777778,,,,
GCBD2139,Reef Check site #2139,"Hong Kong, China",22.4379166666667,114.290555555556,,,,
GCBD2140,Reef Check site #2140,"Hong Kong, China",22.4631944444444,114.336527777778,,,,
GCBD2141,Reef Check site #2141,"Hong Kong, China",22.4634166666667,114.33075,,,,
GCBD2091,Reef Check site #2091,"Hong Kong, China",22.4663888888889,114.330833333333,,,,
GCBD2092,Reef Check site #2092,"Hong Kong, China",22.4708333333333,114.331666666667,,,,
GCBD2142,Reef Check site #2142,"Hong Kong, China",22.4715277777778,114.330777777778,,,,
GCBD2143,Reef Check site #2143,"Hong Kong, China",22.4721111111111,114.31175,,,,
GCBD2144,Reef Check site #2144,"Hong Kong, China",22.4736111111111,114.330555555556,,,,
GCBD2145,Reef Check site #2145,"Hong Kong, China",22.4746111111111,114.323444444444,,,,
GCBD2146,Reef Check site #2146,"Hong Kong, China",22.4755555555556,114.322361111111,,,,
GCBD2093,Reef Check site #2093,"Hong Kong, China",22.4803333333333,114.333,,,,
GCBD8062,Reef Check site #8062,"Taitung County, Taiwan",22.49,121.11,,,,
GCBD2094,Reef Check site #2094,"Hong Kong, China",22.5016666666667,114.3565,,,,
GCBD2147,Reef Check site #2147,"Hong Kong, China",22.5055555555556,114.325555555556,,,,
GCBD2095,Reef Check site #2095,"Hong Kong, China",22.5066666666667,114.327,,,,
GCBD2148,Reef Check site #2148,"Hong Kong, China",22.5075833333333,114.323138888889,,,,
GCBD2149,Reef Check site #2149,"Hong Kong, China",22.5106388888889,114.331805555556,,,,
GCBD2150,Reef Check site #2150,"Hong Kong, China",22.5144444444444,114.279277777778,,,,
GCBD2096,Reef Check site #2096,"Hong Kong, China",22.5211666666667,114.316666666667,,,,
GCBD2151,Reef Check site #2151,"Hong Kong, China",22.5230833333333,114.315805555556,,,,
GCBD2152,Reef Check site #2152,"Hong Kong, China",22.5236388888889,114.314888888889,,,,
GCBD2153,Reef Check site #2153,"Guangdong, China",22.5241388888889,114.605055555556,,,,
GCBD2154,Reef Check site #2154,"Hong Kong, China",22.52625,114.284194444444,,,,
GCBD2097,Reef Check site #2097,"Hong Kong, China",22.5273333333333,114.280166666667,,,,
GCBD2155,Reef Check site #2155,"Hong Kong, China",22.5281666666667,114.277333333333,,,,
GCBD2156,Reef Check site #2156,"Guangdong, China",22.5285,114.609694444444,,,,
GCBD2157,Reef Check site #2157,"Hong Kong, China",22.52875,114.281861111111,,,,
GCBD2158,Reef Check site #2158,"Hong Kong, China",22.5298055555556,114.315916666667,,,,
GCBD2098,Reef Check site #2098,"Hong Kong, China",22.5306666666667,114.315166666667,,,,
GCBD2159,Reef Check site #2159,"Hong Kong, China",22.5315555555556,114.313583333333,,,,
GCBD2160,Reef Check site #2160,"Hong Kong, China",22.5333333333333,114.315888888889,,,,
GCBD2099,Reef Check site #2099,"Hong Kong, China",22.5335,114.312305555556,,,,
GCBD2161,Reef Check site #2161,"Hong Kong, China",22.5336944444444,114.312361111111,,,,
GCBD2100,Reef Check site #2100,"Hong Kong, China",22.5343888888889,114.311722222222,,,,
GCBD2162,Reef Check site #2162,"Hong Kong, China",22.5365,114.2675,,,,
GCBD2163,Reef Check site #2163,"Hong Kong, China",22.5365,114.447361111111,,,,
GCBD2101,Reef Check site #2101,"Hong Kong, China",22.5373333333333,114.2665,,,,
GCBD2102,Reef Check site #2102,"Hong Kong, China",22.5381111111111,114.265194444444,,,,
GCBD2103,Reef Check site #2103,"Hong Kong, China",22.5408333333333,114.268888888889,,,,
GCBD2104,Reef Check site #2104,"Hong Kong, China",22.5416666666667,114.439583333333,,,,
GCBD2164,Reef Check site #2164,"Hong Kong, China",22.5426388888889,114.439722222222,,,,
GCBD2165,Reef Check site #2165,"Hong Kong, China",22.5435,114.434166666667,,,,
GCBD2166,Reef Check site #2166,"Hong Kong, China",22.5445555555556,114.434055555556,,,,
GCBD2105,Reef Check site #2105,"Hong Kong, China",22.5450277777778,114.432916666667,,,,
GCBD2167,Reef Check site #2167,"Hong Kong, China",22.5461388888889,114.431055555556,,,,
GCBD2168,Reef Check site #2168,"Hong Kong, China",22.5471111111111,114.431,,,,
GCBD2106,Reef Check site #2106,"Hong Kong, China",22.5483333333333,114.430888888889,,,,
GCBD2169,Reef Check site #2169,"Hong Kong, China",22.5503888888889,114.314222222222,,,,
GCBD2170,Reef Check site #2170,"Hong Kong, China",22.5506388888889,114.309222222222,,,,
GCBD2107,Reef Check site #2107,"Hong Kong, China",22.5506666666667,114.304166666667,,,,
GCBD2171,Reef Check site #2171,"Hong Kong, China",22.5509444444444,114.302888888889,,,,
GCBD2108,Reef Check site #2108,"Hong Kong, China",22.551,114.302666666667,,,,
GCBD2172,Reef Check site #2172,"Hong Kong, China",22.5511388888889,114.303805555556,,,,
GCBD2173,Reef Check site #2173,"Hong Kong, China",22.5513611111111,114.305944444444,,,,
GCBD3805,Donner site #3805,"Gujarat, India",22.559,69.3347,,,,
GCBD7782,Donner site #7782,"Makkah Province, Saudi Arabia",22.6,38.8167,,,,
GCBD8008,Reef Check site #8008,"Taitung County, Taiwan",22.6375277777778,121.491055555556,,,,
GCBD8063,Reef Check site #8063,"Taitung County, Taiwan",22.6438888888889,121.48,,,,
GCBD8064,Reef Check site #8064,"Taitung County, Taiwan",22.653,121.509833333333,,,,
GCBD8009,Reef Check site #8009,"Taitung County, Taiwan",22.6533333333333,121.501666666667,,,,
GCBD8010,Reef Check site #8010,"Taitung County, Taiwan",22.6547222222222,121.469805555556,,,,
GCBD8065,Reef Check site #8065,"Taitung County, Taiwan",22.6548333333333,121.473527777778,,,,
GCBD15727,Chenshiang,"Taitung County, Taiwan",22.6568611111111,121.47375,,,,
GCBD8066,Reef Check site #8066,"Taitung County, Taiwan",22.6583333333333,121.471111111111,,,,
GCBD8011,Reef Check site #8011,"Taitung County, Taiwan",22.6666666666667,121.463333333333,,,,
GCBD8012,Reef Check site #8012,"Taitung County, Taiwan",22.675,121.473333333333,,,,
GCBD8013,Reef Check site #8013,"Taitung County, Taiwan",22.6774444444444,121.479111111111,,,,
GCBD8067,Reef Check site #8067,"Taitung County, Taiwan",22.6775,121.493055555556,,,,
GCBD8014,Reef Check site #8014,"Taitung County, Taiwan",22.6775,121.4975,,,,
GCBD8015,Reef Check site #8015,"Taitung County, Taiwan",22.6775555555556,121.493611111111,,,,
GCBD8068,Reef Check site #8068,"Taitung County, Taiwan",22.6776388888889,121.49825,,,,
GCBD8016,Reef Check site #8016,"Taitung County, Taiwan",22.6777777777778,121.482222222222,,,,
GCBD8069,Reef Check site #8069,"Taitung County, Taiwan",22.6787777777778,121.504388888889,,,,
GCBD8017,Reef Check site #8017,"Taitung County, Taiwan",22.6795833333333,121.482972222222,,,,
GCBD8018,Reef Check site #8018,"Taitung County, Taiwan",22.6797777777778,121.489083333333,,,,
GCBD8070,Reef Check site #8070,"Taitung County, Taiwan",22.6813888888889,121.483055555556,,,,
GCBD6885,Reef Check site #6885,"Al Sharqiyah Shouth, Oman",22.6918055555556,59.3803888888889,,,,
GCBD8019,Reef Check site #8019,"Taitung County, Taiwan",22.8271388888889,121.191805555556,,,,
GCBD8020,Reef Check site #8020,"Taitung County, Taiwan",22.8297222222222,121.188888888889,,,,
GCBD8021,Reef Check site #8021,"Taitung County, Taiwan",22.8312222222222,121.188138888889,,,,
GCBD8071,Reef Check site #8071,"Taitung County, Taiwan",22.8633611111111,121.210111111111,,,,
GCBD8050,Donner site #8050,"Taitung County, Taiwan",23.05,121.15,,,,
GCBD7788,Reef Check site #7788,"Makkah Province, Saudi Arabia",23.0514722222222,38.7801944444444,,,,
GCBD8022,Reef Check site #8022,"Taitung County, Taiwan",23.1163611111111,121.397083333333,,,,
GCBD15728,Dongi (Fishing) Port South,"Penghu County, Taiwan",23.2521666666667,119.665694444444,,,,
GCBD8023,Reef Check site #8023,"Penghu County, Taiwan",23.2527777777778,119.507972222222,,,,
GCBD8072,Reef Check site #8072,"Penghu County, Taiwan",23.2535277777778,119.512888888889,,,,
GCBD8024,Reef Check site #8024,"Penghu County, Taiwan",23.2538055555556,119.507055555556,,,,
GCBD8025,Reef Check site #8025,"Penghu County, Taiwan",23.2549444444444,119.51275,,,,
GCBD8073,Reef Check site #8073,"Penghu County, Taiwan",23.2552777777778,119.513611111111,,,,
GCBD8074,Reef Check site #8074,"Penghu County, Taiwan",23.2560555555556,119.517,,,,
GCBD8075,Reef Check site #8075,"Penghu County, Taiwan",23.25725,119.509777777778,,,,
GCBD8026,Reef Check site #8026,"Penghu County, Taiwan",23.2586111111111,119.512388888889,,,,
GCBD8027,Reef Check site #8027,"Penghu County, Taiwan",23.2587777777778,119.518611111111,,,,
GCBD8028,Reef Check site #8028,"Penghu County, Taiwan",23.2603055555556,119.519555555556,,,,
GCBD8029,Reef Check site #8029,"Penghu County, Taiwan",23.2643888888889,119.516333333333,,,,
GCBD15729,Xiyuping South,"Penghu County, Taiwan",23.2668055555556,119.508694444444,,,,
GCBD8076,Reef Check site #8076,"Penghu County, Taiwan",23.2734722222222,119.507416666667,,,,
GCBD8077,Reef Check site #8077,"Penghu County, Taiwan",23.2757222222222,119.504944444444,,,,
GCBD8030,Reef Check site #8030,"Taitung County, Taiwan",23.3333333333333,121.558333333333,,,,
GCBD8078,Reef Check site #8078,"Hualien County, Taiwan",23.4833888888889,121.514888888889,,,,
GCBD8031,Reef Check site #8031,"Hualien County, Taiwan",23.4840833333333,121.513777777778,,,,
GCBD15730,Shanshui Eastside Bay,"Penghu County, Taiwan",23.5116944444444,119.598861111111,,,,
GCBD8032,Reef Check site #8032,"Hualien County, Taiwan",23.5166666666667,121.515,,,,
GCBD8037,Donner site #8037,"Penghu County, Taiwan",23.5167,119.6,,,,
GCBD6886,Reef Check site #6886,"Muscat Governorate, Oman",23.5226111111111,58.7465833333333,,,,
GCBD8033,Reef Check site #8033,"Penghu County, Taiwan",23.5333333333333,119.533333333333,,,,
GCBD8034,Reef Check site #8034,"Penghu County, Taiwan",23.5333333333333,119.55,,,,
GCBD3795,Donner site #3795,"Gujarat, India",23.564,69.079,,,,
GCBD8035,Reef Check site #8035,"Penghu County, Taiwan",23.6,119.633333333333,,,,
GCBD7977,Donner site #7977,"Penghu County, Taiwan",23.61,119.5819,,,,
GCBD6887,Reef Check site #6887,"Muscat Governorate, Oman",23.6456111111111,58.4998333333333,,,,
GCBD8036,Reef Check site #8036,"Hualien County, Taiwan",23.6544444444444,121.543888888889,,,,
GCBD6888,Reef Check site #6888,"Muscat Governorate, Oman",23.6792777777778,58.5015,,,,
GCBD6889,Reef Check site #6889,"Muscat Governorate, Oman",23.6802222222222,58.4995,,,,
GCBD6877,Donner site #6877,"Muscat Governorate, Oman",23.853,58.095,,,,
GCBD4963,Kumagai site #4963,"Okinawa, Japan",24.06621472,123.7620699,,,,
GCBD4964,Kumagai site #4964,"Okinawa, Japan",24.0753053,123.7726593,,,,
GCBD8513,Muqaraq,"Abu Dhabi, United Arab Emirates",24.121,52.52,,,,
GCBD8512,Ruweis,"Abu Dhabi, United Arab Emirates",24.148,52.738,,,,
GCBD4965,Kumagai site #4965,"Okinawa, Japan",24.193424,123.556623,,,,
GCBD4966,Kumagai site #4966,"Okinawa, Japan",24.19541389,123.5594944,,,,
GCBD7780,Donner site #7780,"Al Madinah, Saudi Arabia",24.2,36.8,,,,
GCBD4770,Kumagai site #4770,"Okinawa, Japan",24.23115525,123.9934587,,,,
GCBD4771,Kumagai site #4771,"Okinawa, Japan",24.235372,123.985949,,,,
GCBD5258,Reef Check site #5258,"Okinawa, Japan",24.2477777777778,124.029333333333,,,,
GCBD4967,Kumagai site #4967,"Okinawa, Japan",24.26040278,123.9907222,,,,
GCBD4968,Kumagai site #4968,"Okinawa, Japan",24.261676,124.024315,,,,
GCBD4969,Kumagai site #4969,"Okinawa, Japan",24.26307167,123.9955231,,,,
GCBD4970,Kumagai site #4970,"Okinawa, Japan",24.26860278,124.0278722,,,,
GCBD4971,Kumagai site #4971,"Okinawa, Japan",24.28006382,123.7209892,,,,
GCBD5259,Reef Check site #5259,"Okinawa, Japan",24.2818888888889,123.733277777778,,,,
GCBD5260,Reef Check site #5260,"Okinawa, Japan",24.2833333333333,123.733333333333,,,,
GCBD4972,Kumagai site #4972,"Okinawa, Japan",24.28526332,123.7313318,,,,
GCBD5344,Reef Check site #5344,"Okinawa, Japan",24.2857027777778,123.731888888889,,,,
GCBD4973,Kumagai site #4973,"Okinawa, Japan",24.28647271,123.731761,,,,
GCBD4974,Kumagai site #4974,"Okinawa, Japan",24.287625,124.0147389,,,,
GCBD4975,Kumagai site #4975,"Okinawa, Japan",24.28952708,123.7390995,,,,
GCBD4976,Kumagai site #4976,"Okinawa, Japan",24.29693617,123.7252808,,,,
GCBD4772,Kumagai site #4772,"Okinawa, Japan",24.30029722,124.1454917,,,,
GCBD4773,Kumagai site #4773,"Okinawa, Japan",24.302595,124.07341,,,,
GCBD4774,Kumagai site #4774,"Okinawa, Japan",24.30939992,124.1032791,,,,
GCBD4775,Kumagai site #4775,"Okinawa, Japan",24.30979102,124.1065407,,,,
GCBD4977,Kumagai site #4977,"Okinawa, Japan",24.31165556,124.0700528,,,,
GCBD4776,Kumagai site #4776,"Okinawa, Japan",24.31237227,124.1044807,,,,
GCBD4777,Kumagai site #4777,"Okinawa, Japan",24.31249972,124.0713039,,,,
GCBD4778,Kumagai site #4778,"Okinawa, Japan",24.31252871,124.1029358,,,,
GCBD4978,Kumagai site #4978,"Okinawa, Japan",24.31260041,123.9155245,,,,
GCBD5345,Reef Check site #5345,"Okinawa, Japan",24.3221388888889,124.173361111111,,,,
GCBD4979,Kumagai site #4979,"Okinawa, Japan",24.32213889,124.1733611,,,,
GCBD4980,Kumagai site #4980,"Okinawa, Japan",24.32273583,124.1664934,,,,
GCBD4981,Kumagai site #4981,"Okinawa, Japan",24.32544977,124.163661,,,,
GCBD4982,Kumagai site #4982,"Okinawa, Japan",24.32802548,124.1730165,,,,
GCBD4779,Kumagai site #4779,"Okinawa, Japan",24.32935503,124.1924143,,,,
GCBD4983,Kumagai site #4983,"Okinawa, Japan",24.33199714,123.956809,,,,
GCBD4984,Kumagai site #4984,"Okinawa, Japan",24.33489727,124.23666,,,,
GCBD4780,Kumagai site #4780,"Okinawa, Japan",24.335953,123.691335,,,,
GCBD4985,Kumagai site #4985,"Okinawa, Japan",24.33777778,124.1955556,,,,
GCBD4986,Kumagai site #4986,"Okinawa, Japan",24.33803063,124.1996455,,,,
GCBD4781,Kumagai site #4781,"Okinawa, Japan",24.339394,123.714981,,,,
GCBD5261,Reef Check site #5261,"Okinawa, Japan",24.3401833333333,123.692925,,,,
GCBD4987,Kumagai site #4987,"Okinawa, Japan",24.34027,124.0748,,,,
GCBD4988,Kumagai site #4988,"Okinawa, Japan",24.3416227,124.0742683,,,,
GCBD4989,Kumagai site #4989,"Okinawa, Japan",24.34167744,124.08813,,,,
GCBD4782,Kumagai site #4782,"Okinawa, Japan",24.34288434,124.0624666,,,,
GCBD4990,Kumagai site #4990,"Okinawa, Japan",24.34310851,124.2049885,,,,
GCBD4991,Kumagai site #4991,"Okinawa, Japan",24.343695,124.21134,,,,
GCBD4783,Kumagai site #4783,"Okinawa, Japan",24.34584547,124.063797,,,,
GCBD4784,Kumagai site #4784,"Okinawa, Japan",24.34711111,124.0825,,,,
GCBD4785,Kumagai site #4785,"Okinawa, Japan",24.34776131,123.7370932,,,,
GCBD4786,Kumagai site #4786,"Okinawa, Japan",24.34797244,124.0921555,,,,
GCBD5266,Donner site #5266,"Okinawa, Japan",24.351,124.113,,,,
GCBD4992,Kumagai site #4992,"Okinawa, Japan",24.35252146,123.9532256,,,,
GCBD5346,Reef Check site #5346,"Okinawa, Japan",24.3546388888889,123.715305555556,,,,
GCBD4993,Kumagai site #4993,"Okinawa, Japan",24.35670802,123.9467239,,,,
GCBD4787,Kumagai site #4787,"Okinawa, Japan",24.35818,124.08433,,,,
GCBD4994,Kumagai site #4994,"Okinawa, Japan",24.35932415,124.2554677,,,,
GCBD4788,Kumagai site #4788,"Okinawa, Japan",24.36085861,124.0452576,,,,
GCBD4995,Kumagai site #4995,"Okinawa, Japan",24.36179687,123.9714432,,,,
GCBD4789,Kumagai site #4789,"Okinawa, Japan",24.36373593,124.0413094,,,,
GCBD8519,Dhabiya Reef,"Abu Dhabi, United Arab Emirates",24.3655,54.1008,,,,
GCBD4712,Kumagai site #4712,"Okinawa, Japan",24.36609715,124.0002823,,,,
GCBD4790,Kumagai site #4790,"Okinawa, Japan",24.36615189,124.2519894,,,,
GCBD4996,Kumagai site #4996,"Okinawa, Japan",24.36676955,124.2556286,,,,
GCBD4606,Kumagai site #4606,"Okinawa, Japan",24.36692592,124.0033722,,,,
GCBD4997,Kumagai site #4997,"Okinawa, Japan",24.36705492,124.2507899,,,,
GCBD5263,Reef Check site #5263,"Okinawa, Japan",24.3674611111111,123.976097222222,,,,
GCBD4791,Kumagai site #4791,"Okinawa, Japan",24.36753889,124.1088,,,,
GCBD4998,Kumagai site #4998,"Okinawa, Japan",24.36936136,124.2529464,,,,
GCBD5262,Donner site #5262,"Okinawa, Japan",24.37,123.98,,,,
GCBD4792,Kumagai site #4792,"Okinawa, Japan",24.37015622,123.9756918,,,,
GCBD5347,Reef Check site #5347,"Okinawa, Japan",24.3716666666667,123.974444444444,,,,
GCBD4793,Kumagai site #4793,"Okinawa, Japan",24.37209124,123.975563,,,,
GCBD4794,Kumagai site #4794,"Okinawa, Japan",24.37915347,123.9383984,,,,
GCBD5264,Reef Check site #5264,"Okinawa, Japan",24.3808333333333,123.982222222222,,,,
GCBD4795,Kumagai site #4795,"Okinawa, Japan",24.38106111,124.1166278,,,,
GCBD5257,Donner site #5257,"Okinawa, Japan",24.3833,124.2667,,,,
GCBD4796,Kumagai site #4796,"Okinawa, Japan",24.38837808,124.116497,,,,
GCBD4797,Kumagai site #4797,"Okinawa, Japan",24.39954833,124.0999746,,,,
GCBD5330,Donner site #5330,"Okinawa, Japan",24.4,124.0,,,,
GCBD4999,Kumagai site #4999,"Okinawa, Japan",24.40222222,123.8880556,,,,
GCBD5000,Kumagai site #5000,"Okinawa, Japan",24.40338617,123.8900757,,,,
GCBD4798,Kumagai site #4798,"Okinawa, Japan",24.4041678,124.1128922,,,,
GCBD4799,Kumagai site #4799,"Okinawa, Japan",24.41557894,124.1139221,,,,
GCBD4800,Kumagai site #4800,"Okinawa, Japan",24.41620417,124.1123772,,,,
GCBD4801,Kumagai site #4801,"Okinawa, Japan",24.41676,124.0792142,,,,
GCBD4802,Kumagai site #4802,"Okinawa, Japan",24.41831433,124.0818214,,,,
GCBD4730,Kumagai site #4730,"Okinawa, Japan",24.41861111,123.8482222,,,,
GCBD4803,Kumagai site #4803,"Okinawa, Japan",24.41864257,124.0662003,,,,
GCBD4804,Kumagai site #4804,"Okinawa, Japan",24.41995397,124.1139221,,,,
GCBD6890,Reef Check site #6890,"Muscat Governorate, Oman",24.4199722222222,56.6738055555556,,,,
GCBD4805,Kumagai site #4805,"Okinawa, Japan",24.420659,124.08886,,,,
GCBD4806,Kumagai site #4806,"Okinawa, Japan",24.42145605,124.0923786,,,,
GCBD4807,Kumagai site #4807,"Okinawa, Japan",24.42242167,124.0766428,,,,
GCBD5001,Kumagai site #5001,"Okinawa, Japan",24.42277778,123.8186111,,,,
GCBD5002,Kumagai site #5002,"Okinawa, Japan",24.42305556,123.8205556,,,,
GCBD4808,Kumagai site #4808,"Okinawa, Japan",24.42339419,124.0728092,,,,
GCBD4809,Kumagai site #4809,"Okinawa, Japan",24.42339419,124.0999317,,,,
GCBD4810,Kumagai site #4810,"Okinawa, Japan",24.423425,124.0770194,,,,
GCBD4811,Kumagai site #4811,"Okinawa, Japan",24.42362864,124.0777445,,,,
GCBD4812,Kumagai site #4812,"Okinawa, Japan",24.42386309,124.0751696,,,,
GCBD4813,Kumagai site #4813,"Okinawa, Japan",24.42425384,124.0769291,,,,
GCBD4814,Kumagai site #4814,"Okinawa, Japan",24.42466673,124.0734851,,,,
GCBD4815,Kumagai site #4815,"Okinawa, Japan",24.42499626,124.0762424,,,,
GCBD4816,Kumagai site #4816,"Okinawa, Japan",24.42636386,124.0718651,,,,
GCBD4817,Kumagai site #4817,"Okinawa, Japan",24.42714534,124.105854,,,,
GCBD5003,Kumagai site #5003,"Okinawa, Japan",24.42947959,123.7931748,,,,
GCBD5004,Kumagai site #5004,"Okinawa, Japan",24.4341003,123.8242865,,,,
GCBD5005,Kumagai site #5005,"Okinawa, Japan",24.43444444,123.8175,,,,
GCBD5006,Kumagai site #5006,"Okinawa, Japan",24.43468638,123.7988377,,,,
GCBD5007,Kumagai site #5007,"Okinawa, Japan",24.43484104,123.8213682,,,,
GCBD5008,Kumagai site #5008,"Okinawa, Japan",24.435,123.8166667,,,,
GCBD5009,Kumagai site #5009,"Okinawa, Japan",24.43583333,123.8172222,,,,
GCBD5327,Donner site #5327,"Okinawa, Japan",24.4363,122.9862,,,,
GCBD4818,Kumagai site #4818,"Okinawa, Japan",24.43669366,123.7763393,,,,
GCBD5010,Kumagai site #5010,"Okinawa, Japan",24.4375794,123.7849936,,,,
GCBD5011,Kumagai site #5011,"Okinawa, Japan",24.43886371,123.8079786,,,,
GCBD4713,Kumagai site #4713,"Okinawa, Japan",24.43976611,124.0759256,,,,
GCBD4819,Kumagai site #4819,"Okinawa, Japan",24.44291067,124.0734315,,,,
GCBD5012,Kumagai site #5012,"Okinawa, Japan",24.44555556,124.0747222,,,,
GCBD5265,Reef Check site #5265,"Okinawa, Japan",24.44575,124.179805555556,,,,
GCBD5267,Reef Check site #5267,"Okinawa, Japan",24.4459722222222,124.180861111111,,,,
GCBD5013,Kumagai site #5013,"Okinawa, Japan",24.44757933,124.074955,,,,
GCBD5014,Kumagai site #5014,"Okinawa, Japan",24.44778639,124.0754342,,,,
GCBD5015,Kumagai site #5015,"Okinawa, Japan",24.44824348,124.0776157,,,,
GCBD5016,Kumagai site #5016,"Okinawa, Japan",24.44832162,124.0775299,,,,
GCBD4820,Kumagai site #4820,"Okinawa, Japan",24.44833333,124.0794444,,,,
GCBD5017,Kumagai site #5017,"Okinawa, Japan",24.44886856,124.0774441,,,,
GCBD5018,Kumagai site #5018,"Okinawa, Japan",24.44902483,123.8066483,,,,
GCBD4821,Kumagai site #4821,"Okinawa, Japan",24.449181,124.173982,,,,
GCBD4822,Kumagai site #4822,"Okinawa, Japan",24.44950405,124.1738749,,,,
GCBD4823,Kumagai site #4823,"Okinawa, Japan",24.44950405,124.175849,,,,
GCBD4824,Kumagai site #4824,"Okinawa, Japan",24.4496287,124.1757363,,,,
GCBD8510,Donner site #8510,"Abu Dhabi, United Arab Emirates",24.45,54.3833,,,,
GCBD4825,Kumagai site #4825,"Okinawa, Japan",24.45008452,124.1736616,,,,
GCBD5268,Reef Check site #5268,"Okinawa, Japan",24.4502777777778,124.074527777778,,,,
GCBD4826,Kumagai site #4826,"Okinawa, Japan",24.45039949,124.1732915,,,,
GCBD5269,Reef Check site #5269,"Okinawa, Japan",24.4504722222222,124.07975,,,,
GCBD4827,Kumagai site #4827,"Okinawa, Japan",24.45126174,124.1740626,,,,
GCBD4828,Kumagai site #4828,"Okinawa, Japan",24.45163889,124.1831667,,,,
GCBD4829,Kumagai site #4829,"Okinawa, Japan",24.45173996,124.1835576,,,,
GCBD4830,Kumagai site #4830,"Okinawa, Japan",24.451759,124.075298,,,,
GCBD4831,Kumagai site #4831,"Okinawa, Japan",24.45178879,124.1833524,,,,
GCBD4832,Kumagai site #4832,"Okinawa, Japan",24.45212574,124.1838929,,,,
GCBD4833,Kumagai site #4833,"Okinawa, Japan",24.4522527,124.1818477,,,,
GCBD4834,Kumagai site #4834,"Okinawa, Japan",24.452599,124.183917,,,,
GCBD4835,Kumagai site #4835,"Okinawa, Japan",24.45297054,124.181385,,,,
GCBD4836,Kumagai site #4836,"Okinawa, Japan",24.4535956,124.0871859,,,,
GCBD4837,Kumagai site #4837,"Okinawa, Japan",24.45369944,124.0875119,,,,
GCBD4838,Kumagai site #4838,"Okinawa, Japan",24.454318,124.079483,,,,
GCBD4839,Kumagai site #4839,"Okinawa, Japan",24.45441597,124.0780878,,,,
GCBD4607,Kumagai site #4607,"Okinawa, Japan",24.45480663,124.1098022,,,,
GCBD4840,Kumagai site #4840,"Okinawa, Japan",24.455041,124.16379,,,,
GCBD5270,Reef Check site #5270,"Okinawa, Japan",24.4551111111111,124.103194444444,,,,
GCBD4841,Kumagai site #4841,"Okinawa, Japan",24.45522658,124.186492,,,,
GCBD4842,Kumagai site #4842,"Okinawa, Japan",24.45530666,124.1845608,,,,
GCBD4843,Kumagai site #4843,"Okinawa, Japan",24.45535354,124.0862846,,,,
GCBD4844,Kumagai site #4844,"Okinawa, Japan",24.45535354,124.0878725,,,,
GCBD4845,Kumagai site #4845,"Okinawa, Japan",24.45574419,124.1856551,,,,
GCBD4846,Kumagai site #4846,"Okinawa, Japan",24.45606892,124.1863646,,,,
GCBD4847,Kumagai site #4847,"Okinawa, Japan",24.45614949,124.1862009,,,,
GCBD4848,Kumagai site #4848,"Okinawa, Japan",24.4562911,124.1860642,,,,
GCBD4608,Kumagai site #4608,"Okinawa, Japan",24.45707239,124.0985584,,,,
GCBD4849,Kumagai site #4849,"Okinawa, Japan",24.45722865,124.1879082,,,,
GCBD4850,Kumagai site #4850,"Okinawa, Japan",24.45776579,124.164695,,,,
GCBD4851,Kumagai site #4851,"Okinawa, Japan",24.45812714,124.1952038,,,,
GCBD4852,Kumagai site #4852,"Okinawa, Japan",24.4582248,124.2052138,,,,
GCBD4853,Kumagai site #4853,"Okinawa, Japan",24.45832568,124.2053962,,,,
GCBD4854,Kumagai site #4854,"Okinawa, Japan",24.45910634,124.2053211,,,,
GCBD4855,Kumagai site #4855,"Okinawa, Japan",24.45992408,124.1942596,,,,
GCBD5276,"Yonehara Beach, Ishigaki","Okinawa, Japan",24.46,124.19,,,,
GCBD4609,Kumagai site #4609,"Okinawa, Japan",24.46340071,123.8021851,,,,
GCBD5271,Reef Check site #5271,"Okinawa, Japan",24.4653611111111,122.979083333333,,,,
GCBD5272,Reef Check site #5272,"Okinawa, Japan",24.4655,122.979277777778,,,,
GCBD4856,Kumagai site #4856,"Okinawa, Japan",24.46621319,124.1901398,,,,
GCBD4857,Kumagai site #4857,"Okinawa, Japan",24.46920833,124.2188222,,,,
GCBD5315,South-west and east Yonehara bommies,"Okinawa, Japan",24.47,124.19,,,,
GCBD4858,Kumagai site #4858,"Okinawa, Japan",24.47101,124.10551,,,,
GCBD5318,Donner site #5318,"Okinawa, Japan",24.4741,124.1373,,,,
GCBD4859,Kumagai site #4859,"Okinawa, Japan",24.47947396,124.2182279,,,,
GCBD4610,Kumagai site #4610,"Okinawa, Japan",24.48261807,124.1254234,,,,
GCBD4611,Kumagai site #4611,"Okinawa, Japan",24.48371165,124.1231918,,,,
GCBD4612,Kumagai site #4612,"Okinawa, Japan",24.48455417,124.1240642,,,,
GCBD4860,Kumagai site #4860,"Okinawa, Japan",24.48611111,124.2863889,,,,
GCBD4861,Kumagai site #4861,"Okinawa, Japan",24.49531085,124.2297935,,,,
GCBD4862,Kumagai site #4862,"Okinawa, Japan",24.49607238,124.2290372,,,,
GCBD4863,Kumagai site #4863,"Okinawa, Japan",24.49626764,124.2285061,,,,
GCBD4864,Kumagai site #4864,"Okinawa, Japan",24.4975466,124.2284793,,,,
GCBD5019,Kumagai site #5019,"Okinawa, Japan",24.50060239,124.2304319,,,,
GCBD4865,Kumagai site #4865,"Okinawa, Japan",24.50218889,124.290975,,,,
GCBD4866,Kumagai site #4866,"Okinawa, Japan",24.50223277,124.2291391,,,,
GCBD4867,Kumagai site #4867,"Okinawa, Japan",24.50464444,124.2836917,,,,
GCBD4613,Kumagai site #4613,"Okinawa, Japan",24.52822802,124.2524529,,,,
GCBD8506,Saddiyat,"Abu Dhabi, United Arab Emirates",24.544,54.385,,,,
GCBD4868,Kumagai site #4868,"Okinawa, Japan",24.56134444,124.2812639,,,,
GCBD15731,Saadiyat Reef,"Abu Dhabi, United Arab Emirates",24.5984722222222,54.4194722222222,,,,
GCBD8516,Saadiyat Reef,"Abu Dhabi, United Arab Emirates",24.5986,54.4319,,,,
GCBD8517,Donner site #8517,"Abu Dhabi, United Arab Emirates",24.6,54.5,,,,
GCBD4869,Kumagai site #4869,"Okinawa, Japan",24.60055,124.3412306,,,,
GCBD4870,Kumagai site #4870,"Okinawa, Japan",24.60902002,124.326219,,,,
GCBD4871,Kumagai site #4871,"Okinawa, Japan",24.60911756,124.3260795,,,,
GCBD4872,Kumagai site #4872,"Okinawa, Japan",24.60931265,124.3253982,,,,
GCBD4873,Kumagai site #4873,"Okinawa, Japan",24.6144043,124.3065262,,,,
GCBD4874,Kumagai site #4874,"Okinawa, Japan",24.64272648,124.7264528,,,,
GCBD5313,Donner site #5313,"Okinawa, Japan",24.7,125.4,,,,
GCBD5020,Kumagai site #5020,"Okinawa, Japan",24.71765563,125.3457642,,,,
GCBD5021,Kumagai site #5021,"Okinawa, Japan",24.7185849,125.3426756,,,,
GCBD5022,Kumagai site #5022,"Okinawa, Japan",24.7193513,125.3425241,,,,
GCBD5023,Kumagai site #5023,"Okinawa, Japan",24.72461398,125.2574444,,,,
GCBD5024,Kumagai site #5024,"Okinawa, Japan",24.72608333,125.3729167,,,,
GCBD5025,Kumagai site #5025,"Okinawa, Japan",24.72841667,125.4048056,,,,
GCBD4714,Kumagai site #4714,"Okinawa, Japan",24.74811744,125.4427314,,,,
GCBD5026,Kumagai site #5026,"Okinawa, Japan",24.76090021,125.4250288,,,,
GCBD5027,Kumagai site #5027,"Okinawa, Japan",24.76173806,125.426048,,,,
GCBD5028,Kumagai site #5028,"Okinawa, Japan",24.76282531,125.427196,,,,
GCBD5029,Kumagai site #5029,"Okinawa, Japan",24.76445421,125.4258335,,,,
GCBD4614,Kumagai site #4614,"Okinawa, Japan",24.76678452,125.2441406,,,,
GCBD5030,Kumagai site #5030,"Okinawa, Japan",24.773467,125.394516,,,,
GCBD4615,Kumagai site #4615,"Okinawa, Japan",24.799825,125.178566,,,,
GCBD5031,Kumagai site #5031,"Okinawa, Japan",24.81305041,125.1434505,,,,
GCBD5032,Kumagai site #5032,"Okinawa, Japan",24.813343,125.143008,,,,
GCBD4731,Kumagai site #4731,"Okinawa, Japan",24.81358943,125.1446857,,,,
GCBD4732,Kumagai site #4732,"Okinawa, Japan",24.8136425,125.1441801,,,,
GCBD5033,Kumagai site #5033,"Okinawa, Japan",24.81945809,125.1409078,,,,
GCBD4733,Kumagai site #4733,"Okinawa, Japan",24.86141632,125.2838373,,,,
GCBD5034,Kumagai site #5034,"Okinawa, Japan",24.9046497,125.2653462,,,,
GCBD5035,Kumagai site #5035,"Okinawa, Japan",24.90472268,125.2655339,,,,
GCBD8507,Ras Ghantoot,"Abu Dhabi, United Arab Emirates",24.911,54.857,,,,
GCBD8511,Jebel Ali Reef,"Abu Dhabi, United Arab Emirates",24.9209,54.9067,,,,
GCBD5348,Reef Check site #5348,"Okinawa, Japan",24.9231111111111,125.291166666667,,,,
GCBD5036,Kumagai site #5036,"Okinawa, Japan",24.92574992,125.275383,,,,
GCBD5037,Kumagai site #5037,"Okinawa, Japan",24.92639303,125.2376591,,,,
GCBD5038,Kumagai site #5038,"Okinawa, Japan",24.92647963,125.2379018,,,,
GCBD5039,Kumagai site #5039,"Okinawa, Japan",24.93128101,125.2326608,,,,
GCBD5040,Kumagai site #5040,"Okinawa, Japan",24.93443805,125.2308154,,,,
GCBD5041,Kumagai site #5041,"Okinawa, Japan",24.93499259,125.2309442,,,,
GCBD4734,Kumagai site #4734,"Okinawa, Japan",24.93700156,125.2333447,,,,
GCBD5042,Kumagai site #5042,"Okinawa, Japan",24.937542,125.245627,,,,
GCBD5043,Kumagai site #5043,"Okinawa, Japan",24.9375882,125.2457178,,,,
GCBD5044,Kumagai site #5044,"Okinawa, Japan",24.93863109,125.2446878,,,,
GCBD5349,Reef Check site #5349,"Okinawa, Japan",24.9841111111111,125.284694444444,,,,
GCBD5045,Kumagai site #5045,"Okinawa, Japan",24.98412222,125.2846917,,,,
GCBD5046,Kumagai site #5046,"Okinawa, Japan",24.98563889,125.2768056,,,,
GCBD5047,Kumagai site #5047,"Okinawa, Japan",24.98823634,125.287571,,,,
GCBD5048,Kumagai site #5048,"Okinawa, Japan",24.99191667,125.2793889,,,,
GCBD5350,Reef Check site #5350,"Okinawa, Japan",24.9984166666667,125.270416666667,,,,
GCBD7789,Reef Check site #7789,"Tabuk Province, Saudi Arabia",24.9984722222222,37.2806944444444,,,,
GCBD5351,Reef Check site #5351,"Okinawa, Japan",24.9993611111111,125.272694444444,,,,
GCBD8518,Donner site #8518,"Dubai, United Arab Emirates",25.0,55.0,,,,
GCBD5049,Kumagai site #5049,"Okinawa, Japan",25.00638889,125.2768056,,,,
GCBD5273,Reef Check site #5273,"Okinawa, Japan",25.0156666666667,125.247,,,,
GCBD5275,Reef Check site #5275,"Okinawa, Japan",25.0402777777778,125.223055555556,,,,
GCBD8509,Donner site #8509,"Dubai, United Arab Emirates",25.086,55.139,,,,
GCBD8079,Reef Check site #8079,"New Taipei City, Taiwan",25.1133888888889,121.919333333333,,,,
GCBD8038,Reef Check site #8038,"New Taipei City, Taiwan",25.1134444444444,121.919833333333,,,,
GCBD8039,Reef Check site #8039,"New Taipei City, Taiwan",25.1134722222222,121.920027777778,,,,
GCBD8080,Reef Check site #8080,"New Taipei City, Taiwan",25.1138055555556,121.920166666667,,,,
GCBD8040,Reef Check site #8040,"New Taipei City, Taiwan",25.1158055555556,121.917,,,,
GCBD8041,Reef Check site #8041,"New Taipei City, Taiwan",25.1256388888889,121.914916666667,,,,
GCBD8042,Reef Check site #8042,"New Taipei City, Taiwan",25.1263888888889,121.914388888889,,,,
GCBD8505,Donner site #8505,"Dubai, United Arab Emirates",25.133,54.91,,,,
GCBD15732,Shenao 2,"New Taipei City, Taiwan",25.1348611111111,121.826722222222,,,,
GCBD8043,Reef Check site #8043,"New Taipei City, Taiwan",25.135,121.820611111111,,,,
GCBD8081,Reef Check site #8081,"New Taipei City, Taiwan",25.1355277777778,121.820222222222,,,,
GCBD8044,Reef Check site #8044,"New Taipei City, Taiwan",25.1355555555556,121.821944444444,,,,
GCBD8045,Reef Check site #8045,"New Taipei City, Taiwan",25.1363055555556,121.822222222222,,,,
GCBD8046,Reef Check site #8046,"Keelung City, Taiwan",25.1452777777778,121.806111111111,,,,
GCBD8047,Reef Check site #8047,"New Taipei City, Taiwan",25.1930555555556,121.702222222222,,,,
GCBD8048,Reef Check site #8048,"New Taipei City, Taiwan",25.2073888888889,121.6955,,,,
GCBD8049,Reef Check site #8049,"New Taipei City, Taiwan",25.2078611111111,121.694555555556,,,,
GCBD8514,Donner site #8514,"Abu Dhabi, United Arab Emirates",25.211,54.23,,,,
GCBD8082,Reef Check site #8082,"New Taipei City, Taiwan",25.2115,121.698833333333,,,,
GCBD8515,Donner site #8515,"Dubai, United Arab Emirates",25.2281,55.2554,,,,
GCBD4382,Donner site #4382,"Sistan and Baluchestan Province, Iran",25.3205,60.6153,,,,
GCBD8508,Deira,"Dubai, United Arab Emirates",25.339,55.333,,,,
GCBD7762,Reef Check site #7762,"Tabuk Province, Saudi Arabia",25.3605555555556,36.9130555555556,,,,
GCBD7763,Reef Check site #7763,"Tabuk Province, Saudi Arabia",25.3611111111111,36.8844444444444,,,,
GCBD7764,Reef Check site #7764,"Tabuk Province, Saudi Arabia",25.4788888888889,36.9002777777778,,,,
GCBD8521,Reef Check site #8521,"Fujairah, United Arab Emirates",25.4917222222222,56.3639166666667,,,,
GCBD7765,Reef Check site #7765,"Tabuk Province, Saudi Arabia",25.5252777777778,36.685,,,,
GCBD7766,Reef Check site #7766,"Tabuk Province, Saudi Arabia",25.5302777777778,36.8566666666667,,,,
GCBD7767,Reef Check site #7767,"Tabuk Province, Saudi Arabia",25.5363888888889,36.8311111111111,,,,
GCBD7768,Reef Check site #7768,"Tabuk Province, Saudi Arabia",25.5369444444444,36.8752777777778,,,,
GCBD7769,Reef Check site #7769,"Tabuk Province, Saudi Arabia",25.5386111111111,36.5925,,,,
GCBD7770,Reef Check site #7770,"Tabuk Province, Saudi Arabia",25.5438888888889,36.815,,,,
GCBD7771,Reef Check site #7771,"Tabuk Province, Saudi Arabia",25.5677777777778,36.6841666666667,,,,
GCBD7772,Reef Check site #7772,"Tabuk Province, Saudi Arabia",25.5680555555556,36.7091666666667,,,,
GCBD7773,Reef Check site #7773,"Tabuk Province, Saudi Arabia",25.5780555555556,36.7772222222222,,,,
GCBD7774,Reef Check site #7774,"Tabuk Province, Saudi Arabia",25.5819444444444,36.8675,,,,
GCBD7775,Reef Check site #7775,"Tabuk Province, Saudi Arabia",25.5969444444444,36.7819444444444,,,,
GCBD8522,Reef Check site #8522,"Fujairah, United Arab Emirates",25.6034166666667,56.3507222222222,,,,
GCBD8523,Reef Check site #8523,"Fujairah, United Arab Emirates",25.6034722222222,56.3487222222222,,,,
GCBD8524,Reef Check site #8524,"Fujairah, United Arab Emirates",25.6042222222222,56.3517777777778,,,,
GCBD7776,Reef Check site #7776,"Tabuk Province, Saudi Arabia",25.6436111111111,36.8113888888889,,,,
GCBD7777,Reef Check site #7777,"Tabuk Province, Saudi Arabia",25.7061111111111,36.5372222222222,,,,
GCBD7778,Reef Check site #7778,"Tabuk Province, Saudi Arabia",25.7130555555556,36.6022222222222,,,,
GCBD6891,Reef Check site #6891,"Musandam Governorate, Oman",25.8338055555556,56.3641388888889,,,,
GCBD4386,Reef Check site #4386,"Hormozgan Province, Iran",25.8687777777778,55.0157777777778,,,,
GCBD4373,Reef Check site #4373,"Hormozgan Province, Iran",25.8753888888889,55.0079722222222,,,,
GCBD4387,Reef Check site #4387,"Hormozgan Province, Iran",25.8906388888889,55.0188333333333,,,,
GCBD4388,Reef Check site #4388,"Hormozgan Province, Iran",25.8930555555556,55.0258888888889,,,,
GCBD4389,Reef Check site #4389,"Hormozgan Province, Iran",25.8934722222222,54.5276666666667,,,,
GCBD4390,Reef Check site #4390,"Hormozgan Province, Iran",25.9004722222222,54.5535,,,,
GCBD4391,Reef Check site #4391,"Hormozgan Province, Iran",25.9038611111111,54.4930277777778,,,,
GCBD1361,Donner site #1361,"Muharraq Island, Bahrain",25.918,50.697,,,,
GCBD1365,Donner site #1365,Bahrain,25.988,50.884,,,,
GCBD1366,Donner site #1366,Bahrain,26.04,50.894,,,,
GCBD5317,Donner site #5317,"Okinawa, Japan",26.07,127.07,,,,
GCBD1362,Donner site #1362,"Muharraq Island, Bahrain",26.076,50.767,,,,
GCBD1363,Donner site #1363,"Muharraq Island, Bahrain",26.077,50.762,,,,
GCBD5050,Kumagai site #5050,"Okinawa, Japan",26.07894899,127.6569271,,,,
GCBD5051,Kumagai site #5051,"Okinawa, Japan",26.07900681,127.6632571,,,,
GCBD6892,Reef Check site #6892,"Musandam Governorate, Oman",26.0836111111111,56.4241666666667,,,,
GCBD6893,Reef Check site #6893,"Musandam Governorate, Oman",26.0840833333333,56.4253611111111,,,,
GCBD5052,Kumagai site #5052,"Okinawa, Japan",26.08471944,127.7071806,,,,
GCBD6894,Reef Check site #6894,"Musandam Governorate, Oman",26.0864444444444,56.4286388888889,,,,
GCBD5053,Kumagai site #5053,"Okinawa, Japan",26.08650378,127.7057648,,,,
GCBD5054,Kumagai site #5054,"Okinawa, Japan",26.08692776,127.7045631,,,,
GCBD5055,Kumagai site #5055,"Okinawa, Japan",26.08700485,127.7073956,,,,
GCBD5056,Kumagai site #5056,"Okinawa, Japan",26.08704339,127.7058935,,,,
GCBD5057,Kumagai site #5057,"Okinawa, Japan",26.08708193,127.7052498,,,,
GCBD4875,Kumagai site #4875,"Okinawa, Japan",26.08729392,127.7101636,,,,
GCBD5058,Kumagai site #5058,"Okinawa, Japan",26.08762154,127.719841,,,,
GCBD4876,Kumagai site #4876,"Okinawa, Japan",26.08772753,127.7108958,,,,
GCBD4877,Kumagai site #4877,"Okinawa, Japan",26.08802624,127.7103353,,,,
GCBD4878,Kumagai site #4878,"Okinawa, Japan",26.08828641,127.7122235,,,,
GCBD6895,Reef Check site #6895,"Musandam Governorate, Oman",26.0883055555556,56.4677777777778,,,,
GCBD4879,Kumagai site #4879,"Okinawa, Japan",26.08842131,127.707814,,,,
GCBD4880,Kumagai site #4880,"Okinawa, Japan",26.08868282,127.7071702,,,,
GCBD4881,Kumagai site #4881,"Okinawa, Japan",26.08877783,127.7077818,,,,
GCBD4882,Kumagai site #4882,"Okinawa, Japan",26.08898982,127.7073741,,,,
GCBD4883,Kumagai site #4883,"Okinawa, Japan",26.08943734,127.7085257,,,,
GCBD5278,Reef Check site #5278,"Okinawa, Japan",26.0985833333333,127.708388888889,,,,
GCBD5059,Kumagai site #5059,"Okinawa, Japan",26.10714206,127.7466416,,,,
GCBD5060,Kumagai site #5060,"Okinawa, Japan",26.10976254,127.6564336,,,,
GCBD4735,Kumagai site #4735,"Okinawa, Japan",26.10989741,127.653451,,,,
GCBD1349,Reef Check site #1349,"Muharraq Island, Bahrain",26.1105555555556,50.7677777777778,,,,
GCBD1350,Reef Check site #1350,"Muharraq Island, Bahrain",26.1247777777778,50.76425,,,,
GCBD1364,Donner site #1364,"Muharraq Island, Bahrain",26.127,50.679,,,,
GCBD5061,Kumagai site #5061,"Okinawa, Japan",26.12758405,127.7699554,,,,
GCBD5062,Kumagai site #5062,"Okinawa, Japan",26.12797898,127.769022,,,,
GCBD5063,Kumagai site #5063,"Okinawa, Japan",26.12939495,127.7986336,,,,
GCBD6896,Reef Check site #6896,"Musandam Governorate, Oman",26.1321666666667,56.4737777777778,,,,
GCBD6897,Reef Check site #6897,"Musandam Governorate, Oman",26.1343333333333,56.4733055555556,,,,
GCBD1351,Reef Check site #1351,"Muharraq Island, Bahrain",26.14085,50.7531333333333,,,,
GCBD1352,Reef Check site #1352,"Muharraq Island, Bahrain",26.1425833333333,50.7530555555556,,,,
GCBD6898,Reef Check site #6898,"Musandam Governorate, Oman",26.1442222222222,56.4734166666667,,,,
GCBD6899,Reef Check site #6899,"Musandam Governorate, Oman",26.1458333333333,56.4738055555556,,,,
GCBD5064,Kumagai site #5064,"Okinawa, Japan",26.14859068,127.8154671,,,,
GCBD1358,Donner site #1358,"Muharraq Island, Bahrain",26.15,50.7008,,,,
GCBD6900,Reef Check site #6900,"Musandam Governorate, Oman",26.1513333333333,56.3809444444444,,,,
GCBD6901,Reef Check site #6901,"Musandam Governorate, Oman",26.1625,56.3552777777778,,,,
GCBD5065,Kumagai site #5065,"Okinawa, Japan",26.16368115,127.2362709,,,,
GCBD5066,Kumagai site #5066,"Okinawa, Japan",26.16880395,127.3455119,,,,
GCBD5067,Kumagai site #5067,"Okinawa, Japan",26.172306,127.33573,,,,
GCBD5068,Kumagai site #5068,"Okinawa, Japan",26.172306,127.34073,,,,
GCBD5069,Kumagai site #5069,"Okinawa, Japan",26.17477304,127.3401153,,,,
GCBD5070,Kumagai site #5070,"Okinawa, Japan",26.17561956,127.2311318,,,,
GCBD5071,Kumagai site #5071,"Okinawa, Japan",26.17577442,127.2310835,,,,
GCBD5072,Kumagai site #5072,"Okinawa, Japan",26.18436356,127.2755814,,,,
GCBD6902,Reef Check site #6902,"Musandam Governorate, Oman",26.1860555555556,56.3876944444444,,,,
GCBD5352,Reef Check site #5352,"Okinawa, Japan",26.1863888888889,127.343388888889,,,,
GCBD4884,Kumagai site #4884,"Okinawa, Japan",26.18641427,127.7793431,,,,
GCBD6903,Reef Check site #6903,"Musandam Governorate, Oman",26.1891666666667,56.4713055555556,,,,
GCBD5073,Kumagai site #5073,"Okinawa, Japan",26.19266245,127.2874045,,,,
GCBD5074,Kumagai site #5074,"Okinawa, Japan",26.19279723,127.2869539,,,,
GCBD5281,Reef Check site #5281,"Okinawa, Japan",26.1979444444444,127.29125,,,,
GCBD5075,Kumagai site #5075,"Okinawa, Japan",26.2010121,127.2887993,,,,
GCBD5076,Kumagai site #5076,"Okinawa, Japan",26.20295342,127.2880912,,,,
GCBD4885,Kumagai site #4885,"Okinawa, Japan",26.20401712,127.6412791,,,,
GCBD4736,Kumagai site #4736,"Okinawa, Japan",26.20954724,127.6342249,,,,
GCBD4737,Kumagai site #4737,"Okinawa, Japan",26.21307502,127.6428241,,,,
GCBD5077,Kumagai site #5077,"Okinawa, Japan",26.21366699,127.2930479,,,,
GCBD5078,Kumagai site #5078,"Okinawa, Japan",26.21474503,127.2917175,,,,
GCBD5353,Reef Check site #5353,"Okinawa, Japan",26.2149444444444,127.287638888889,,,,
GCBD4738,Kumagai site #4738,"Okinawa, Japan",26.215765,127.646563,,,,
GCBD5079,Kumagai site #5079,"Okinawa, Japan",26.21597706,127.2873831,,,,
GCBD5080,Kumagai site #5080,"Okinawa, Japan",26.21986559,127.2869539,,,,
GCBD5081,Kumagai site #5081,"Okinawa, Japan",26.22079275,127.6657873,,,,
GCBD5082,Kumagai site #5082,"Okinawa, Japan",26.22092432,127.3089266,,,,
GCBD5282,Reef Check site #5282,"Okinawa, Japan",26.2217222222222,127.360174722222,,,,
GCBD5083,Kumagai site #5083,"Okinawa, Japan",26.22234878,127.2898293,,,,
GCBD5084,Kumagai site #5084,"Okinawa, Japan",26.22423521,127.289207,,,,
GCBD5085,Kumagai site #5085,"Okinawa, Japan",26.22527465,127.3527056,,,,
GCBD4886,Kumagai site #4886,"Okinawa, Japan",26.22737276,127.3627853,,,,
GCBD6904,Reef Check site #6904,"Musandam Governorate, Oman",26.2302777777778,56.4358333333333,,,,
GCBD6905,Reef Check site #6905,"Musandam Governorate, Oman",26.2310555555556,56.4822222222222,,,,
GCBD4723,Kumagai site #4723,"Okinawa, Japan",26.23282381,127.3109436,,,,
GCBD6906,Reef Check site #6906,"Musandam Governorate, Oman",26.2336944444444,56.4591666666667,,,,
GCBD5283,Reef Check site #5283,"Okinawa, Japan",26.2346111111111,127.293944444444,,,,
GCBD5086,Kumagai site #5086,"Okinawa, Japan",26.23530289,127.2897005,,,,
GCBD6907,Reef Check site #6907,"Musandam Governorate, Oman",26.2355555555556,56.46,,,,
GCBD4392,Reef Check site #4392,"Hormozgan Province, Iran",26.2431111111111,55.1564722222222,,,,
GCBD4616,Kumagai site #4616,"Okinawa, Japan",26.2453014,127.6679671,,,,
GCBD4617,Kumagai site #4617,"Okinawa, Japan",26.24621556,127.6679134,,,,
GCBD4618,Kumagai site #4618,"Okinawa, Japan",26.24757236,127.6681709,,,,
GCBD4619,Kumagai site #4619,"Okinawa, Japan",26.2478899,127.6679349,,,,
GCBD1368,Donner site #1368,Bahrain,26.25,50.929,,,,
GCBD6879,Donner site #6879,"Musandam Governorate, Oman",26.25,56.3333,,,,
GCBD4620,Kumagai site #4620,"Okinawa, Japan",26.25089211,127.6683426,,,,
GCBD5087,Kumagai site #5087,"Okinawa, Japan",26.25585712,127.4062157,,,,
GCBD4887,Kumagai site #4887,"Okinawa, Japan",26.256242,127.6909161,,,,
GCBD5088,Kumagai site #5088,"Okinawa, Japan",26.25672309,127.4027154,,,,
GCBD4888,Kumagai site #4888,"Okinawa, Japan",26.25747359,127.6821613,,,,
GCBD4889,Kumagai site #4889,"Okinawa, Japan",26.25751208,127.6819897,,,,
GCBD4890,Kumagai site #4890,"Okinawa, Japan",26.25755057,127.6837063,,,,
GCBD4891,Kumagai site #4891,"Okinawa, Japan",26.25762754,127.683717,,,,
GCBD4892,Kumagai site #4892,"Okinawa, Japan",26.25766603,127.6819468,,,,
GCBD4893,Kumagai site #4893,"Okinawa, Japan",26.25797392,127.6839638,,,,
GCBD4894,Kumagai site #4894,"Okinawa, Japan",26.25801241,127.6815605,,,,
GCBD4895,Kumagai site #4895,"Okinawa, Japan",26.25816636,127.680788,,,,
GCBD4896,Kumagai site #4896,"Okinawa, Japan",26.25822409,127.6823866,,,,
GCBD4897,Kumagai site #4897,"Okinawa, Japan",26.25841652,127.6813889,,,,
GCBD4898,Kumagai site #4898,"Okinawa, Japan",26.25842615,127.682054,,,,
GCBD4899,Kumagai site #4899,"Okinawa, Japan",26.25947491,127.6922035,,,,
GCBD6908,Reef Check site #6908,"Musandam Governorate, Oman",26.2638888888889,56.4105555555556,,,,
GCBD6909,Reef Check site #6909,"Musandam Governorate, Oman",26.26425,56.40925,,,,
GCBD4900,Kumagai site #4900,"Okinawa, Japan",26.26486289,127.6918602,,,,
GCBD4393,Reef Check site #4393,"Hormozgan Province, Iran",26.2655555555556,55.28575,,,,
GCBD5322,Donner site #5322,"Okinawa, Japan",26.269,127.6995,,,,
GCBD4901,Kumagai site #4901,"Okinawa, Japan",26.27304059,127.7050996,,,,
GCBD5089,Kumagai site #5089,"Okinawa, Japan",26.27371402,127.96875,,,,
GCBD1367,Donner site #1367,Bahrain,26.275,50.94,,,,
GCBD4621,Kumagai site #4621,"Okinawa, Japan",26.27517632,127.7140689,,,,
GCBD4902,Kumagai site #4902,"Okinawa, Japan",26.2756862,127.7014518,,,,
GCBD4903,Kumagai site #4903,"Okinawa, Japan",26.27620569,127.7004433,,,,
GCBD4904,Kumagai site #4904,"Okinawa, Japan",26.27625379,127.7018487,,,,
GCBD4394,Reef Check site #4394,"Hormozgan Province, Iran",26.2795277777778,55.3005,,,,
GCBD4905,Kumagai site #4905,"Okinawa, Japan",26.28695099,127.7214289,,,,
GCBD1359,Donner site #1359,Bahrain,26.2923,50.9617,,,,
GCBD6910,Reef Check site #6910,"Musandam Governorate, Oman",26.2963888888889,56.3347222222222,,,,
GCBD6911,Reef Check site #6911,"Musandam Governorate, Oman",26.29725,56.3342777777778,,,,
GCBD6912,Reef Check site #6912,"Musandam Governorate, Oman",26.2977222222222,56.3325833333333,,,,
GCBD6913,Reef Check site #6913,"Musandam Governorate, Oman",26.298,56.331,,,,
GCBD5284,Reef Check site #5284,"Okinawa, Japan",26.3016944444444,126.777777777778,,,,
GCBD4906,Kumagai site #4906,"Okinawa, Japan",26.30341667,127.7209167,,,,
GCBD5090,Kumagai site #5090,"Okinawa, Japan",26.30484158,127.8366137,,,,
GCBD5285,Reef Check site #5285,"Okinawa, Japan",26.3050555555556,126.772416666667,,,,
GCBD5091,Kumagai site #5091,"Okinawa, Japan",26.30833333,127.8597222,,,,
GCBD5092,Kumagai site #5092,"Okinawa, Japan",26.30834242,127.8600883,,,,
GCBD5093,Kumagai site #5093,"Okinawa, Japan",26.308425,127.860825,,,,
GCBD5094,Kumagai site #5094,"Okinawa, Japan",26.30869943,127.8630924,,,,
GCBD4907,Kumagai site #4907,"Okinawa, Japan",26.31634396,126.7725277,,,,
GCBD4908,Kumagai site #4908,"Okinawa, Japan",26.31803652,127.7380371,,,,
GCBD5286,Reef Check site #5286,"Okinawa, Japan",26.3207777777778,126.870555555556,,,,
GCBD5287,Reef Check site #5287,"Okinawa, Japan",26.3222222222222,126.873888888889,,,,
GCBD5288,Reef Check site #5288,"Okinawa, Japan",26.3246111111111,127.743777777778,,,,
GCBD4739,Kumagai site #4739,"Okinawa, Japan",26.3268836,127.7442169,,,,
GCBD4740,Kumagai site #4740,"Okinawa, Japan",26.32688895,127.7450234,,,,
GCBD4741,Kumagai site #4741,"Okinawa, Japan",26.32690764,127.7442947,,,,
GCBD4742,Kumagai site #4742,"Okinawa, Japan",26.32708434,127.7448224,,,,
GCBD4743,Kumagai site #4743,"Okinawa, Japan",26.32709035,127.7438816,,,,
GCBD4744,Kumagai site #4744,"Okinawa, Japan",26.32734036,127.7442706,,,,
GCBD4745,Kumagai site #4745,"Okinawa, Japan",26.32773943,127.7429456,,,,
GCBD4909,Kumagai site #4909,"Okinawa, Japan",26.32788367,126.7602539,,,,
GCBD6914,Reef Check site #6914,"Musandam Governorate, Oman",26.3284444444444,56.4606111111111,,,,
GCBD6875,Reef Check site #6875,"Musandam Governorate, Oman",26.3295,56.4603055555556,,,,
GCBD4746,Kumagai site #4746,"Okinawa, Japan",26.33179729,127.7417171,,,,
GCBD4747,Kumagai site #4747,"Okinawa, Japan",26.3323848,127.7423152,,,,
GCBD4748,Kumagai site #4748,"Okinawa, Japan",26.33264538,127.7416044,,,,
GCBD6915,Reef Check site #6915,"Musandam Governorate, Oman",26.3426944444444,56.4696388888889,,,,
GCBD6876,Reef Check site #6876,"Musandam Governorate, Oman",26.3458055555556,56.4803333333333,,,,
GCBD6916,Reef Check site #6916,"Musandam Governorate, Oman",26.3472222222222,56.4808333333333,,,,
GCBD4910,Kumagai site #4910,"Okinawa, Japan",26.35146,127.74382,,,,
GCBD4715,Kumagai site #4715,"Okinawa, Japan",26.3550359,127.1426725,,,,
GCBD5095,Kumagai site #5095,"Okinawa, Japan",26.35535277,126.8536377,,,,
GCBD6917,Reef Check site #6917,"Musandam Governorate, Oman",26.3557222222222,56.4990555555556,,,,
GCBD4749,Kumagai site #4749,"Okinawa, Japan",26.35749698,127.739346,,,,
GCBD6918,Reef Check site #6918,"Musandam Governorate, Oman",26.3581666666667,56.4980555555556,,,,
GCBD4750,Kumagai site #4750,"Okinawa, Japan",26.35865059,127.7390456,,,,
GCBD4911,Kumagai site #4911,"Okinawa, Japan",26.359208,126.82379,,,,
GCBD4912,Kumagai site #4912,"Okinawa, Japan",26.360766,126.818898,,,,
GCBD4751,Kumagai site #4751,"Okinawa, Japan",26.36203445,127.7372485,,,,
GCBD6919,Reef Check site #6919,"Musandam Governorate, Oman",26.3654722222222,56.4520277777778,,,,
GCBD6920,Reef Check site #6920,"Musandam Governorate, Oman",26.3655555555556,56.4522222222222,,,,
GCBD1353,Reef Check site #1353,"Muharraq Island, Bahrain",26.3661111111111,50.4088888888889,,,,
GCBD6921,Reef Check site #6921,"Musandam Governorate, Oman",26.3683055555556,56.5345,,,,
GCBD5289,Reef Check site #5289,"Okinawa, Japan",26.3714166666667,126.796944444444,,,,
GCBD6922,Reef Check site #6922,"Musandam Governorate, Oman",26.3738888888889,56.4150833333333,,,,
GCBD6923,Reef Check site #6923,"Musandam Governorate, Oman",26.3745833333333,56.3891388888889,,,,
GCBD6924,Reef Check site #6924,"Musandam Governorate, Oman",26.375,56.3836111111111,,,,
GCBD6925,Reef Check site #6925,"Musandam Governorate, Oman",26.3754722222222,56.3853888888889,,,,
GCBD6926,Reef Check site #6926,"Musandam Governorate, Oman",26.3758333333333,56.4163888888889,,,,
GCBD6927,Reef Check site #6927,"Musandam Governorate, Oman",26.3765833333333,56.4486666666667,,,,
GCBD4913,Kumagai site #4913,"Okinawa, Japan",26.38148973,126.790123,,,,
GCBD6928,Reef Check site #6928,"Musandam Governorate, Oman",26.3819444444444,56.4183333333333,,,,
GCBD6929,Reef Check site #6929,"Musandam Governorate, Oman",26.3830555555556,56.41925,,,,
GCBD6930,Reef Check site #6930,"Musandam Governorate, Oman",26.3838611111111,56.3993888888889,,,,
GCBD6931,Reef Check site #6931,"Musandam Governorate, Oman",26.3844444444444,56.3794444444444,,,,
GCBD6932,Reef Check site #6932,"Musandam Governorate, Oman",26.3850277777778,56.42075,,,,
GCBD4914,Kumagai site #4914,"Okinawa, Japan",26.40626549,127.7149916,,,,
GCBD4915,Kumagai site #4915,"Okinawa, Japan",26.42000614,127.7111721,,,,
GCBD4916,Kumagai site #4916,"Okinawa, Japan",26.436316,127.713156,,,,
GCBD4917,Kumagai site #4917,"Okinawa, Japan",26.4377945,127.7136612,,,,
GCBD4918,Kumagai site #4918,"Okinawa, Japan",26.43824602,127.7130765,,,,
GCBD4919,Kumagai site #4919,"Okinawa, Japan",26.43887526,127.7122128,,,,
GCBD5293,Donner site #5293,"Okinawa, Japan",26.44,127.774,,,,
GCBD4622,Kumagai site #4622,"Okinawa, Japan",26.440547,127.777154,,,,
GCBD4920,Kumagai site #4920,"Okinawa, Japan",26.441085,127.711719,,,,
GCBD4921,Kumagai site #4921,"Okinawa, Japan",26.44178125,127.7124301,,,,
GCBD4922,Kumagai site #4922,"Okinawa, Japan",26.44198779,127.710228,,,,
GCBD4923,Kumagai site #4923,"Okinawa, Japan",26.44269866,127.7668118,,,,
GCBD4623,Kumagai site #4623,"Okinawa, Japan",26.44352481,127.7726698,,,,
GCBD4624,Kumagai site #4624,"Okinawa, Japan",26.44361111,127.7727778,,,,
GCBD4625,Kumagai site #4625,"Okinawa, Japan",26.44401953,127.7726591,,,,
GCBD4626,Kumagai site #4626,"Okinawa, Japan",26.44424528,127.7726591,,,,
GCBD4924,Kumagai site #4924,"Okinawa, Japan",26.44433174,127.7661467,,,,
GCBD4925,Kumagai site #4925,"Okinawa, Japan",26.44476017,127.7695128,,,,
GCBD4926,Kumagai site #4926,"Okinawa, Japan",26.44496575,127.7697515,,,,
GCBD5290,Reef Check site #5290,"Okinawa, Japan",26.4453055555556,127.772138888889,,,,
GCBD4927,Kumagai site #4927,"Okinawa, Japan",26.44588794,127.7717471,,,,
GCBD5325,Donner site #5325,"Okinawa, Japan",26.4478,127.7746,,,,
GCBD5096,Kumagai site #5096,"Okinawa, Japan",26.44782836,127.7885056,,,,
GCBD5097,Kumagai site #5097,"Okinawa, Japan",26.44817417,127.9047525,,,,
GCBD5323,Donner site #5323,"Okinawa, Japan",26.4648,127.9899,,,,
GCBD5098,Kumagai site #5098,"Okinawa, Japan",26.49327478,127.8402025,,,,
GCBD5099,Kumagai site #5099,"Okinawa, Japan",26.49419179,127.8402293,,,,
GCBD5100,Kumagai site #5100,"Okinawa, Japan",26.49494555,127.8398833,,,,
GCBD5101,Kumagai site #5101,"Okinawa, Japan",26.49516639,127.8393817,,,,
GCBD4752,Kumagai site #4752,"Okinawa, Japan",26.49561289,127.8388962,,,,
GCBD4395,Reef Check site #4395,"Hormozgan Province, Iran",26.4959722222222,54.0465277777778,,,,
GCBD5102,Kumagai site #5102,"Okinawa, Japan",26.49607858,127.8377938,,,,
GCBD4396,Reef Check site #4396,"Hormozgan Province, Iran",26.4969444444444,54.0476111111111,,,,
GCBD5256,Donner site #5256,"Okinawa, Japan",26.5,128.0,,,,
GCBD4374,Reef Check site #4374,"Hormozgan Province, Iran",26.5011666666667,54.0534444444444,,,,
GCBD5103,Kumagai site #5103,"Okinawa, Japan",26.50239648,127.8420103,,,,
GCBD5104,Kumagai site #5104,"Okinawa, Japan",26.50365666,127.8435552,,,,
GCBD5105,Kumagai site #5105,"Okinawa, Japan",26.50402871,127.8438234,,,,
GCBD5291,Reef Check site #5291,"Okinawa, Japan",26.5040555555556,128.066833333333,,,,
GCBD5106,Kumagai site #5106,"Okinawa, Japan",26.50416667,127.8438889,,,,
GCBD4375,Reef Check site #4375,"Hormozgan Province, Iran",26.5045,54.0488333333333,,,,
GCBD5107,Kumagai site #5107,"Okinawa, Japan",26.50521446,127.8496921,,,,
GCBD5108,Kumagai site #5108,"Okinawa, Japan",26.50600655,127.8492308,,,,
GCBD5292,Reef Check site #5292,"Okinawa, Japan",26.5067777777778,128.066944444444,,,,
GCBD4376,Reef Check site #4376,"Hormozgan Province, Iran",26.5068333333333,54.0463333333333,,,,
GCBD4928,Kumagai site #4928,"Okinawa, Japan",26.50700506,127.8534365,,,,
GCBD4929,Kumagai site #4929,"Okinawa, Japan",26.50717788,127.8535223,,,,
GCBD4627,Kumagai site #4627,"Okinawa, Japan",26.50744671,127.8846359,,,,
GCBD4930,Kumagai site #4930,"Okinawa, Japan",26.50745631,127.8548527,,,,
GCBD4931,Kumagai site #4931,"Okinawa, Japan",26.50763873,127.890569,,,,
GCBD4932,Kumagai site #4932,"Okinawa, Japan",26.51067259,127.859745,,,,
GCBD5109,Kumagai site #5109,"Okinawa, Japan",26.511675,128.06695,,,,
GCBD4381,Simorgh,"Hormozgan Province, Iran",26.5154,54.0491,,,,
GCBD5110,Kumagai site #5110,"Okinawa, Japan",26.52324884,127.8928542,,,,
GCBD5355,Reef Check site #5355,"Okinawa, Japan",26.5245555555556,128.065805555556,,,,
GCBD4933,Kumagai site #4933,"Okinawa, Japan",26.52808696,127.9242039,,,,
GCBD5111,Kumagai site #5111,"Okinawa, Japan",26.52927778,128.0766111,,,,
GCBD4628,Kumagai site #4628,"Okinawa, Japan",26.5305,128.0756667,,,,
GCBD4629,Kumagai site #4629,"Okinawa, Japan",26.53055556,128.0757778,,,,
GCBD4630,Kumagai site #4630,"Okinawa, Japan",26.53055556,128.0765,,,,
GCBD4631,Kumagai site #4631,"Okinawa, Japan",26.53161111,128.0774444,,,,
GCBD4632,Kumagai site #4632,"Okinawa, Japan",26.53188889,128.0757778,,,,
GCBD4633,Kumagai site #4633,"Okinawa, Japan",26.53263692,128.0747509,,,,
GCBD5112,Kumagai site #5112,"Okinawa, Japan",26.53624604,128.0665541,,,,
GCBD5113,Kumagai site #5113,"Okinawa, Japan",26.53787817,128.0800188,,,,
GCBD5114,Kumagai site #5114,"Okinawa, Japan",26.53816667,128.0796111,,,,
GCBD5115,Kumagai site #5115,"Okinawa, Japan",26.5445965,128.0411911,,,,
GCBD5116,Kumagai site #5116,"Okinawa, Japan",26.54463889,128.0486389,,,,
GCBD4377,Reef Check site #4377,"Hormozgan Province, Iran",26.5455555555556,53.8938888888889,,,,
GCBD5117,Kumagai site #5117,"Okinawa, Japan",26.54920338,128.0622518,,,,
GCBD5118,Kumagai site #5118,"Okinawa, Japan",26.55081667,128.1139444,,,,
GCBD4753,Kumagai site #4753,"Okinawa, Japan",26.55298473,127.9686642,,,,
GCBD4754,Kumagai site #4754,"Okinawa, Japan",26.55322946,127.9695788,,,,
GCBD4934,Kumagai site #4934,"Okinawa, Japan",26.5544051,128.1313938,,,,
GCBD4935,Kumagai site #4935,"Okinawa, Japan",26.55904998,127.9632568,,,,
GCBD5119,Kumagai site #5119,"Okinawa, Japan",26.5756702,127.2066593,,,,
GCBD4936,Kumagai site #4936,"Okinawa, Japan",26.59144375,127.9598343,,,,
GCBD4937,Kumagai site #4937,"Okinawa, Japan",26.59963669,127.9385805,,,,
GCBD1360,Donner site #1360,Bahrain,26.6,50.8,,,,
GCBD4938,Kumagai site #4938,"Okinawa, Japan",26.60315736,127.9305285,,,,
GCBD5279,Donner site #5279,"Okinawa, Japan",26.627,127.872,,,,
GCBD9961,Sesoko Point,"Okinawa, Japan",26.62734,127.859476,,,,
GCBD4939,Kumagai site #4939,"Okinawa, Japan",26.62866222,127.8594446,,,,
GCBD9962,Sesoko Channel,"Okinawa, Japan",26.628729,127.861213,,,,
GCBD4940,Kumagai site #4940,"Okinawa, Japan",26.62939112,127.8589296,,,,
GCBD5120,Kumagai site #5120,"Okinawa, Japan",26.63113663,127.8852475,,,,
GCBD4716,Kumagai site #4716,"Tokyo, Japan",26.63211487,142.1668625,,,,
GCBD9963,Sesoko Station,"Okinawa, Japan",26.635598,127.865439,,,,
GCBD5121,Kumagai site #5121,"Okinawa, Japan",26.63585032,127.8656512,,,,
GCBD5122,Kumagai site #5122,"Okinawa, Japan",26.63598938,127.8830051,,,,
GCBD5123,Kumagai site #5123,"Okinawa, Japan",26.63610446,127.8657532,,,,
GCBD5319,Donner site #5319,"Okinawa, Japan",26.639,127.857,,,,
GCBD5326,Donner site #5326,"Okinawa, Japan",26.6393,127.8574,,,,
GCBD4941,Kumagai site #4941,"Okinawa, Japan",26.64158993,127.8124309,,,,
GCBD4942,Kumagai site #4942,"Okinawa, Japan",26.64283659,127.8120232,,,,
GCBD4943,Kumagai site #4943,"Okinawa, Japan",26.64575,127.8544444,,,,
GCBD5124,Kumagai site #5124,"Okinawa, Japan",26.649669,127.8798562,,,,
GCBD4944,Kumagai site #4944,"Okinawa, Japan",26.65166831,127.820617,,,,
GCBD4945,Kumagai site #4945,"Okinawa, Japan",26.65209022,127.8569824,,,,
GCBD5294,Reef Check site #5294,"Tokyo, Japan",26.6541666666667,142.184805555556,,,,
GCBD4946,Kumagai site #4946,"Okinawa, Japan",26.6575078,127.8476429,,,,
GCBD4397,Reef Check site #4397,"Hormozgan Province, Iran",26.6605555555556,55.9128611111111,,,,
GCBD4947,Kumagai site #4947,"Okinawa, Japan",26.66310729,127.8866959,,,,
GCBD4948,Kumagai site #4948,"Okinawa, Japan",26.67210042,127.8826618,,,,
GCBD4949,Kumagai site #4949,"Okinawa, Japan",26.67995205,127.8814495,,,,
GCBD5125,Kumagai site #5125,"Okinawa, Japan",26.68046014,128.0192292,,,,
GCBD5126,Kumagai site #5126,"Okinawa, Japan",26.69437885,128.0223727,,,,
GCBD4950,Kumagai site #4950,"Okinawa, Japan",26.69529904,127.8761977,,,,
GCBD5127,Kumagai site #5127,"Okinawa, Japan",26.6977097,128.0136341,,,,
GCBD4951,Kumagai site #4951,"Okinawa, Japan",26.70010114,127.8752321,,,,
GCBD4952,Kumagai site #4952,"Okinawa, Japan",26.70354204,127.8793681,,,,
GCBD5128,Kumagai site #5128,"Tokyo, Japan",26.70417142,142.1350408,,,,
GCBD5129,Kumagai site #5129,"Okinawa, Japan",26.70594028,127.8918624,,,,
GCBD5130,Kumagai site #5130,"Okinawa, Japan",26.70727995,127.9401577,,,,
GCBD4953,Kumagai site #4953,"Okinawa, Japan",26.70926866,127.8837749,,,,
GCBD5131,Kumagai site #5131,"Okinawa, Japan",26.70966639,127.8796256,,,,
GCBD4954,Kumagai site #4954,"Okinawa, Japan",26.70989108,127.8813028,,,,
GCBD4955,Kumagai site #4955,"Okinawa, Japan",26.7099635,127.8807521,,,,
GCBD9964,Bise,"Okinawa, Japan",26.711927,127.880479,,,,
GCBD4755,Kumagai site #4755,"Okinawa, Japan",26.71290575,128.0220401,,,,
GCBD4756,Kumagai site #4756,"Okinawa, Japan",26.71368203,128.0220723,,,,
GCBD4757,Kumagai site #4757,"Okinawa, Japan",26.71460206,128.0223942,,,,
GCBD4758,Kumagai site #4758,"Okinawa, Japan",26.71471946,128.0143744,,,,
GCBD4759,Kumagai site #4759,"Okinawa, Japan",26.71550291,128.0182958,,,,
GCBD5132,Kumagai site #5132,"Okinawa, Japan",26.73425634,127.7885324,,,,
GCBD5133,Kumagai site #5133,"Okinawa, Japan",26.73457254,127.7890205,,,,
GCBD5134,Kumagai site #5134,"Okinawa, Japan",26.77511123,128.2030517,,,,
GCBD5135,Kumagai site #5135,"Okinawa, Japan",26.7793209,128.2110232,,,,
GCBD5136,Kumagai site #5136,"Okinawa, Japan",26.82146652,128.3145618,,,,
GCBD4760,Kumagai site #4760,"Okinawa, Japan",26.84743702,128.2879584,,,,
GCBD1354,Reef Check site #1354,Bahrain,26.8837777777778,50.9724722222222,,,,
GCBD1355,Reef Check site #1355,Bahrain,26.8875555555556,50.9712222222222,,,,
GCBD1356,Reef Check site #1356,Bahrain,26.8877777777778,50.9725,,,,
GCBD4378,Reef Check site #4378,"Hormozgan Province, Iran",26.89,56.3963888888889,,,,
GCBD1357,Donner site #1357,Bahrain,26.9029,50.9448,,,,
GCBD5137,Kumagai site #5137,"Okinawa, Japan",26.90795,127.927551,,,,
GCBD5295,Reef Check site #5295,"Kagoshima, Japan",27.0275,128.409166666667,,,,
GCBD5296,Reef Check site #5296,"Kagoshima, Japan",27.0275833333333,128.409111111111,,,,
GCBD5297,Reef Check site #5297,"Kagoshima, Japan",27.0305555555556,128.407111111111,,,,
GCBD4956,Kumagai site #4956,"Kagoshima, Japan",27.03605902,128.4010148,,,,
GCBD4957,Kumagai site #4957,"Tokyo, Japan",27.04446833,142.1875906,,,,
GCBD5298,Reef Check site #5298,"Kagoshima, Japan",27.0567222222222,128.411277777778,,,,
GCBD4958,Kumagai site #4958,"Kagoshima, Japan",27.05912578,128.4127522,,,,
GCBD5274,Donner site #5274,"Kagoshima, Japan",27.06,128.41,,,,
GCBD5356,Reef Check site #5356,"Tokyo, Japan",27.0913333333333,142.201805555556,,,,
GCBD5357,Reef Check site #5357,"Tokyo, Japan",27.0937777777778,142.203027777778,,,,
GCBD5138,Kumagai site #5138,"Tokyo, Japan",27.0942181,142.2028363,,,,
GCBD5139,Kumagai site #5139,"Tokyo, Japan",27.09550316,142.2021174,,,,
GCBD5140,Kumagai site #5140,"Tokyo, Japan",27.10320126,142.2076321,,,,
GCBD5141,Kumagai site #5141,"Tokyo, Japan",27.10488217,142.2050464,,,,
GCBD7781,Donner site #7781,"Eastern Province, Saudi Arabia",27.3107,49.5072,,,,
GCBD4379,Reef Check site #4379,"Bushehr Province, Iran",27.40125,52.5894722222222,,,,
GCBD4380,Reef Check site #4380,"Bushehr Province, Iran",27.4027222222222,52.5893055555556,,,,
GCBD7779,Donner site #7779,"Eastern Province, Saudi Arabia",27.5,49.7,,,,
GCBD7790,Reef Check site #7790,"Tabuk Province, Saudi Arabia",27.5453333333333,35.5316666666667,,,,
GCBD5142,Kumagai site #5142,"Kagoshima, Japan",27.86922194,128.8875461,,,,
GCBD5143,Kumagai site #5143,"Kagoshima, Japan",28.07064966,129.3275249,,,,
GCBD4724,Kumagai site #4724,"Kagoshima, Japan",28.07292696,129.331516,,,,
GCBD5299,Reef Check site #5299,"Kagoshima, Japan",28.1069444444444,129.348888888889,,,,
GCBD4725,Kumagai site #4725,"Kagoshima, Japan",28.10705556,129.3489167,,,,
GCBD4726,Kumagai site #4726,"Kagoshima, Japan",28.10736111,129.3491667,,,,
GCBD4959,Kumagai site #4959,"Kagoshima, Japan",28.11011387,129.216283,,,,
GCBD5144,Kumagai site #5144,"Kagoshima, Japan",28.1112329,129.3336967,,,,
GCBD5145,Kumagai site #5145,"Kagoshima, Japan",28.11892469,129.3043613,,,,
GCBD5146,Kumagai site #5146,"Kagoshima, Japan",28.16617485,129.2701739,,,,
GCBD5147,Kumagai site #5147,"Kagoshima, Japan",28.17543418,129.2820722,,,,
GCBD5148,Kumagai site #5148,"Kagoshima, Japan",28.1886,129.2435167,,,,
GCBD5320,Donner site #5320,"Kagoshima, Japan",28.2,129.4,,,,
GCBD5149,Kumagai site #5149,"Kagoshima, Japan",28.20432304,129.2715794,,,,
GCBD5280,Donner site #5280,"Kagoshima, Japan",28.2667,129.35,,,,
GCBD5150,Kumagai site #5150,"Kagoshima, Japan",28.33528333,129.5666667,,,,
GCBD4960,Kumagai site #4960,"Kagoshima, Japan",28.37203107,129.4036674,,,,
GCBD4961,Kumagai site #4961,"Kagoshima, Japan",28.40068733,129.6131372,,,,
GCBD5151,Kumagai site #5151,"Kagoshima, Japan",28.40246157,129.4537067,,,,
GCBD5152,Kumagai site #5152,"Kagoshima, Japan",28.40795,129.6816833,,,,
GCBD7791,Reef Check site #7791,"Tabuk Province, Saudi Arabia",28.4149722222222,34.7452222222222,,,,
GCBD4727,Kumagai site #4727,"Kagoshima, Japan",28.43639297,129.6290588,,,,
GCBD5153,Kumagai site #5153,"Kagoshima, Japan",28.45961667,129.72745,,,,
GCBD4962,Kumagai site #4962,"Kagoshima, Japan",28.46808768,129.6259689,,,,
GCBD5445,Reef Check site #5445,"Al Ahmadi Governorate, Kuwait",28.6773611111111,48.6501944444444,,,,
GCBD5450,Reef Check site #5450,"Qaruh Island, Kuwait",28.8157777777778,48.7739444444444,,,,
GCBD5446,Reef Check site #5446,Kuwait,28.9468055555556,48.4306111111111,,,,
GCBD5448,Donner site #5448,"Al Ahmadi Governorate, Kuwait",29.0722,48.4933,,,,
GCBD7792,Reef Check site #7792,"Al Jowf, Saudi Arabia",29.3540277777778,34.9558333333333,,,,
GCBD5363,Reef Check site #5363,"Aqaba, Jordan",29.4010277777778,34.9667888888889,,,,
GCBD5364,Reef Check site #5364,"Aqaba, Jordan",29.4285,34.9730277777778,,,,
GCBD5365,Reef Check site #5365,"Aqaba, Jordan",29.4502777777778,34.9696944444444,,,,
GCBD4399,Reef Check site #4399,"Eliat, Israel",29.495,34.925,,,,
GCBD4400,Reef Check site #4400,"Eliat, Israel",29.4952777777778,34.9083333333333,,,,
GCBD4401,Reef Check site #4401,"Eliat, Israel",29.5,34.9166666666667,,,,
GCBD5447,Donner site #5447,Kuwait,29.5,49.0,,,,
GCBD4402,Reef Check site #4402,"Eliat, Israel",29.5055555555556,34.9222222222222,,,,
GCBD4403,Reef Check site #4403,"Eliat, Israel",29.5103611111111,34.9238333333333,,,,
GCBD5154,Kumagai site #5154,"Kagoshima, Japan",29.78344946,129.9243164,,,,
GCBD5155,Kumagai site #5155,"Kagoshima, Japan",30.22110185,130.4296875,,,,
GCBD5277,Donner site #5277,"Kagoshima, Japan",30.2667,130.4167,,,,
GCBD5156,Kumagai site #5156,"Kagoshima, Japan",30.27198889,130.4134333,,,,
GCBD5316,Donner site #5316,"Kagoshima, Japan",30.3,130.5,,,,
GCBD5157,Kumagai site #5157,"Kagoshima, Japan",30.30105669,130.6537324,,,,
GCBD4717,Kumagai site #4717,"Kagoshima, Japan",30.40708062,130.433979,,,,
GCBD4761,Kumagai site #4761,"Kagoshima, Japan",30.454542,130.498835,,,,
GCBD4722,Kumagai site #4722,"Kagoshima, Japan",30.45666462,130.4981804,,,,
GCBD4634,Kumagai site #4634,"Kagoshima, Japan",30.45762645,130.4899406,,,,
GCBD4635,Kumagai site #4635,"Kagoshima, Japan",30.45770737,130.488786,,,,
GCBD4636,Kumagai site #4636,"Kagoshima, Japan",30.45781141,130.4893827,,,,
GCBD4637,Kumagai site #4637,"Kagoshima, Japan",30.45794089,130.4889429,,,,
GCBD4638,Kumagai site #4638,"Kagoshima, Japan",30.45810505,130.4888932,,,,
GCBD4639,Kumagai site #4639,"Kagoshima, Japan",30.45811661,130.4889295,,,,
GCBD4640,Kumagai site #4640,"Kagoshima, Japan",30.4581351,130.4889375,,,,
GCBD4641,Kumagai site #4641,"Kagoshima, Japan",30.4581351,130.4891333,,,,
GCBD5158,Kumagai site #5158,"Kagoshima, Japan",30.468975,130.2303139,,,,
GCBD5159,Kumagai site #5159,"Kagoshima, Japan",30.4693156,130.2314186,,,,
GCBD5328,Donner site #5328,"Kagoshima, Japan",30.5,131.0,,,,
GCBD4718,Kumagai site #4718,"Kagoshima, Japan",30.77989336,130.2850628,,,,
GCBD5160,Kumagai site #5160,"Kagoshima, Japan",30.81601652,130.4164876,,,,
GCBD5161,Kumagai site #5161,"Kagoshima, Japan",30.82338429,131.0385275,,,,
GCBD5329,Donner site #5329,"Kagoshima, Japan",31.5969,130.5879,,,,
GCBD5162,Kumagai site #5162,"Miyazaki, Japan",31.71181291,131.4651489,,,,
GCBD5163,Kumagai site #5163,"Kagoshima, Japan",32.01464431,130.1786703,,,,
GCBD5164,Kumagai site #5164,"Kagoshima, Japan",32.03654209,130.1981807,,,,
GCBD5165,Kumagai site #5165,"Kumamoto, Japan",32.20440591,129.9966288,,,,
GCBD5166,Kumagai site #5166,"Kumamoto, Japan",32.204536,129.996253,,,,
GCBD4719,Kumagai site #4719,"Kumamoto, Japan",32.2170855,129.9981308,,,,
GCBD4398,Donner site #4398,"Tel-Aviv District, Israel",32.2411,34.7604,,,,
GCBD5167,Kumagai site #5167,"Kumamoto, Japan",32.321737,129.9601936,,,,
GCBD5168,Kumagai site #5168,"Kumamoto, Japan",32.34400159,129.9651718,,,,
GCBD5169,Kumagai site #5169,"Kumamoto, Japan",32.34443667,129.9658585,,,,
GCBD5321,Donner site #5321,"Kumamoto, Japan",32.4181,129.994,,,,
GCBD5170,Kumagai site #5170,"Nagasaki, Japan",32.58110107,128.7221718,,,,
GCBD5171,Kumagai site #5171,"Nagasaki, Japan",32.63975432,129.7969115,,,,
GCBD5172,Kumagai site #5172,"Nagasaki, Japan",32.65859835,128.6600304,,,,
GCBD5173,Kumagai site #5173,"Nagasaki, Japan",32.66472225,129.7575045,,,,
GCBD5174,Kumagai site #5174,"Nagasaki, Japan",32.6940624,129.7922337,,,,
GCBD5175,Kumagai site #5175,"Nagasaki, Japan",32.69539417,129.7911447,,,,
GCBD5176,Kumagai site #5176,"Kochi, Japan",32.76576922,132.8727722,,,,
GCBD5177,Kumagai site #5177,"Kochi, Japan",32.76702227,132.6299943,,,,
GCBD4642,Kumagai site #4642,"Kochi, Japan",32.76881853,132.638948,,,,
GCBD4643,Kumagai site #4643,"Kochi, Japan",32.7688907,132.6389265,,,,
GCBD5300,Reef Check site #5300,"Kochi, Japan",32.77,132.628333333333,,,,
GCBD5301,Reef Check site #5301,"Kochi, Japan",32.7706666666667,132.627388888889,,,,
GCBD4644,Kumagai site #4644,"Kochi, Japan",32.77341033,132.6247323,,,,
GCBD4645,Kumagai site #4645,"Kochi, Japan",32.77352761,132.627039,,,,
GCBD4646,Kumagai site #4646,"Kochi, Japan",32.77356369,132.6266098,,,,
GCBD4647,Kumagai site #4647,"Kochi, Japan",32.77363586,132.6272106,,,,
GCBD5312,Nishidomari,"Kochi, Japan",32.7765,132.7321,,,,
GCBD4648,Kumagai site #4648,"Kochi, Japan",32.77726673,132.8702617,,,,
GCBD4762,Kumagai site #4762,"Kochi, Japan",32.77792072,132.7321172,,,,
GCBD4763,Kumagai site #4763,"Kochi, Japan",32.77836516,132.7325451,,,,
GCBD4764,Kumagai site #4764,"Kochi, Japan",32.7787506,132.7325919,,,,
GCBD5178,Kumagai site #5178,"Kochi, Japan",32.78467685,132.8545761,,,,
GCBD5179,Kumagai site #5179,"Kochi, Japan",32.79752019,132.7091467,,,,
GCBD5180,Kumagai site #5180,"Oita, Japan",32.80286803,131.9653058,,,,
GCBD4649,Kumagai site #4649,"Nagasaki, Japan",32.81339143,129.0541649,,,,
GCBD4650,Kumagai site #4650,"Nagasaki, Japan",32.82319681,129.719004,,,,
GCBD4651,Kumagai site #4651,"Kochi, Japan",32.856509,132.6616716,,,,
GCBD5302,Reef Check site #5302,"Ehime, Japan",32.9402777777778,132.425277777778,,,,
GCBD5303,Reef Check site #5303,"Ehime, Japan",32.9444444444444,132.450833333333,,,,
GCBD5181,Kumagai site #5181,"Ehime, Japan",33.04213076,132.4856758,,,,
GCBD5182,Kumagai site #5182,"Ehime, Japan",33.043259,132.484946,,,,
GCBD5183,Kumagai site #5183,"Ehime, Japan",33.04368665,132.4850106,,,,
GCBD4765,Kumagai site #4765,"Ehime, Japan",33.06214388,132.4060249,,,,
GCBD5184,Kumagai site #5184,"Tokyo, Japan",33.06759263,139.84231,,,,
GCBD5185,Kumagai site #5185,"Ehime, Japan",33.11103149,132.4208736,,,,
GCBD5304,Reef Check site #5304,"Tokyo, Japan",33.1251944444444,139.818888888889,,,,
GCBD5186,Kumagai site #5186,"Tokyo, Japan",33.14551057,139.7391307,,,,
GCBD5187,Kumagai site #5187,"Kochi, Japan",33.29064681,134.1065025,,,,
GCBD5305,Reef Check site #5305,"Wakayama, Japan",33.3444444444444,135.696666666667,,,,
GCBD5306,Reef Check site #5306,"Wakayama, Japan",33.3461111111111,135.6975,,,,
GCBD5188,Kumagai site #5188,"Kochi, Japan",33.39653278,133.3415151,,,,
GCBD4652,Kumagai site #4652,"Wakayama, Japan",33.45321401,135.7498169,,,,
GCBD5189,Kumagai site #5189,"Nagasaki, Japan",33.45582556,129.7450027,,,,
GCBD5190,Kumagai site #5190,"Nagasaki, Japan",33.45597102,129.744823,,,,
GCBD4653,Kumagai site #4653,"Wakayama, Japan",33.45629326,135.7611465,,,,
GCBD4654,Kumagai site #4654,"Wakayama, Japan",33.457081,135.760911,,,,
GCBD4655,Kumagai site #4655,"Wakayama, Japan",33.45808347,135.7585716,,,,
GCBD4656,Kumagai site #4656,"Wakayama, Japan",33.481093,135.746373,,,,
GCBD4657,Kumagai site #4657,"Wakayama, Japan",33.48214029,135.6952286,,,,
GCBD5191,Kumagai site #5191,"Wakayama, Japan",33.48273984,135.7540226,,,,
GCBD4658,Kumagai site #4658,"Wakayama, Japan",33.48345496,135.6931794,,,,
GCBD4659,Kumagai site #4659,"Wakayama, Japan",33.48348181,135.6932116,,,,
GCBD4660,Kumagai site #4660,"Wakayama, Japan",33.48357054,135.6929541,,,,
GCBD4661,Kumagai site #4661,"Wakayama, Japan",33.49138357,135.6680739,,,,
GCBD5314,Donner site #5314,"Wakayama, Japan",33.5,135.8,,,,
GCBD5192,Kumagai site #5192,"Kochi, Japan",33.51928655,133.75506,,,,
GCBD4662,Kumagai site #4662,"Kochi, Japan",33.52106633,133.7537169,,,,
GCBD4663,Kumagai site #4663,"Kochi, Japan",33.52124522,133.7535775,,,,
GCBD4664,Kumagai site #4664,"Kochi, Japan",33.52133909,133.75363,,,,
GCBD5193,Kumagai site #5193,"Tokushima, Japan",33.5394631,134.3193626,,,,
GCBD5194,Kumagai site #5194,"Tokushima, Japan",33.54222222,134.3141667,,,,
GCBD5195,Kumagai site #5195,"Tokushima, Japan",33.54430556,134.3131667,,,,
GCBD5196,Kumagai site #5196,"Tokushima, Japan",33.63670319,134.4856167,,,,
GCBD4665,Kumagai site #4665,"Wakayama, Japan",33.68652778,135.3304631,,,,
GCBD4666,Kumagai site #4666,"Wakayama, Japan",33.69006708,135.3314781,,,,
GCBD4667,Kumagai site #4667,"Wakayama, Japan",33.6906027,135.3360057,,,,
GCBD5358,Reef Check site #5358,"Wakayama, Japan",33.6923888888889,135.324694444444,,,,
GCBD4668,Kumagai site #4668,"Wakayama, Japan",33.6924,135.3247,,,,
GCBD4669,Kumagai site #4669,"Wakayama, Japan",33.694236,135.339825,,,,
GCBD4670,Kumagai site #4670,"Wakayama, Japan",33.69478037,135.3404045,,,,
GCBD4671,Kumagai site #4671,"Fukuoka, Japan",33.70639289,130.4159653,,,,
GCBD5197,Kumagai site #5197,"Wakayama, Japan",33.71918775,135.3246975,,,,
GCBD5359,Reef Check site #5359,"Wakayama, Japan",33.7198611111111,135.324944444444,,,,
GCBD5198,Kumagai site #5198,"Wakayama, Japan",33.72462521,135.3326797,,,,
GCBD5199,Kumagai site #5199,"Nagasaki, Japan",33.76905194,129.6546578,,,,
GCBD5200,Kumagai site #5200,"Nagasaki, Japan",33.80646671,129.6676397,,,,
GCBD5201,Kumagai site #5201,"Tokyo, Japan",33.85218396,139.6092367,,,,
GCBD5202,Kumagai site #5202,"Tokyo, Japan",33.89378141,139.5838308,,,,
GCBD5203,Kumagai site #5203,"Mie, Japan",33.93410289,136.2018013,,,,
GCBD5204,Kumagai site #5204,"Wakayama, Japan",33.93894517,135.0863457,,,,
GCBD5205,Kumagai site #5205,"Wakayama, Japan",33.97639232,135.0700378,,,,
GCBD5206,Kumagai site #5206,"Wakayama, Japan",33.97909699,135.0719261,,,,
GCBD5207,Kumagai site #5207,"Mie, Japan",34.01240007,136.2605953,,,,
GCBD5307,Reef Check site #5307,"Tokyo, Japan",34.0525,139.483611111111,,,,
GCBD5208,Kumagai site #5208,"Tokyo, Japan",34.05452967,139.4805229,,,,
GCBD5209,Kumagai site #5209,"Tokyo, Japan",34.05587366,139.4807482,,,,
GCBD5210,Kumagai site #5210,"Tokyo, Japan",34.05606684,139.4805765,,,,
GCBD5360,Reef Check site #5360,"Tokyo, Japan",34.0561111111111,139.481111111111,,,,
GCBD5211,Kumagai site #5211,"Tokyo, Japan",34.05619721,139.480378,,,,
GCBD5212,Kumagai site #5212,"Tokyo, Japan",34.07219539,139.477551,,,,
GCBD5308,Reef Check site #5308,"Tokyo, Japan",34.0941666666667,139.488611111111,,,,
GCBD5361,Reef Check site #5361,"Tokyo, Japan",34.0975,139.485,,,,
GCBD5362,Reef Check site #5362,"Tokyo, Japan",34.0980555555556,139.486388888889,,,,
GCBD5309,Reef Check site #5309,"Tokyo, Japan",34.0980555555556,139.488,,,,
GCBD5213,Kumagai site #5213,"Tokyo, Japan",34.09897374,139.4859624,,,,
GCBD5214,Kumagai site #5214,"Nagasaki, Japan",34.10562184,129.1740274,,,,
GCBD5215,Kumagai site #5215,"Tokyo, Japan",34.12235602,139.5165932,,,,
GCBD5216,Kumagai site #5216,"Tokyo, Japan",34.12244484,139.5166039,,,,
GCBD5217,Kumagai site #5217,"Hiroshima, Japan",34.1609659,132.7721786,,,,
GCBD5218,Kumagai site #5218,"Tokyo, Japan",34.2397987,139.1368032,,,,
GCBD5219,Kumagai site #5219,"Tokyo, Japan",34.24009627,139.1368085,,,,
GCBD5220,Kumagai site #5220,"Tokyo, Japan",34.2401721,139.1369171,,,,
GCBD5221,Kumagai site #5221,"Mie, Japan",34.25547838,136.7963719,,,,
GCBD5222,Kumagai site #5222,"Mie, Japan",34.26028457,136.7771459,,,,
GCBD5223,Kumagai site #5223,"Nagasaki, Japan",34.3231654,129.2459965,,,,
GCBD5224,Kumagai site #5224,"Tokyo, Japan",34.32862337,139.2058754,,,,
GCBD5225,Kumagai site #5225,"Tokyo, Japan",34.32968657,139.2048454,,,,
GCBD5226,Kumagai site #5226,"Tokyo, Japan",34.33067888,139.2071629,,,,
GCBD4720,Kumagai site #4720,"Tokyo, Japan",34.33556936,139.2076778,,,,
GCBD5227,Kumagai site #5227,"Tokyo, Japan",34.34797149,139.2077637,,,,
GCBD5228,Kumagai site #5228,"Nagasaki, Japan",34.42362014,129.2664242,,,,
GCBD5229,Kumagai site #5229,"Shizuoka, Japan",34.60099798,138.8438416,,,,
GCBD4766,Kumagai site #4766,"Shizuoka, Japan",34.6037,138.844957,,,,
GCBD5230,Kumagai site #5230,"Shizuoka, Japan",34.60812739,138.8239717,,,,
GCBD5231,Kumagai site #5231,"Shizuoka, Japan",34.60820392,138.8237572,,,,
GCBD5232,Kumagai site #5232,"Shizuoka, Japan",34.60820392,138.8239288,,,,
GCBD5233,Kumagai site #5233,"Shizuoka, Japan",34.61071172,138.8169336,,,,
GCBD5234,Kumagai site #5234,"Shizuoka, Japan",34.61158885,138.8219976,,,,
GCBD4728,Kumagai site #4728,"Shizuoka, Japan",34.66012822,138.7877941,,,,
GCBD4729,Kumagai site #4729,"Shizuoka, Japan",34.66025177,138.7883949,,,,
GCBD5235,Kumagai site #5235,"Shizuoka, Japan",34.662723,138.785402,,,,
GCBD5236,Kumagai site #5236,"Shizuoka, Japan",34.66349926,138.9877796,,,,
GCBD5237,Kumagai site #5237,"Nagasaki, Japan",34.70267094,129.4417334,,,,
GCBD4672,Kumagai site #4672,"Tokyo, Japan",34.72584688,139.3498135,,,,
GCBD5238,Kumagai site #5238,"Shizuoka, Japan",34.7315085,138.7435806,,,,
GCBD5239,Kumagai site #5239,"Tokyo, Japan",34.78668593,139.4095194,,,,
GCBD5240,Kumagai site #5240,"Tokyo, Japan",34.78669914,139.4096857,,,,
GCBD5241,Kumagai site #5241,"Tokyo, Japan",34.78671111,139.4105972,,,,
GCBD5242,Kumagai site #5242,"Tokyo, Japan",34.78675201,139.4085217,,,,
GCBD5243,Kumagai site #5243,"Tokyo, Japan",34.78680965,139.4095248,,,,
GCBD5244,Kumagai site #5244,"Tokyo, Japan",34.78702039,139.408232,,,,
GCBD5245,Kumagai site #5245,"Tokyo, Japan",34.787541,139.402696,,,,
GCBD5246,Kumagai site #5246,"Tokyo, Japan",34.7877253,139.4096804,,,,
GCBD5247,Kumagai site #5247,"Tokyo, Japan",34.79519767,139.3590832,,,,
GCBD5310,Reef Check site #5310,"Shizuoka, Japan",34.8026666666667,138.763333333333,,,,
GCBD4673,Kumagai site #4673,"Shizuoka, Japan",34.80296815,138.7482047,,,,
GCBD5311,Reef Check site #5311,"Shizuoka, Japan",34.803,138.764,,,,
GCBD5248,Kumagai site #5248,"Shizuoka, Japan",34.80599862,138.7600386,,,,
GCBD4674,Kumagai site #4674,"Shizuoka, Japan",34.80744333,138.7631607,,,,
GCBD5249,Kumagai site #5249,"Shizuoka, Japan",34.81066743,138.7450933,,,,
GCBD4675,Kumagai site #4675,"Shizuoka, Japan",34.8218627,139.0778482,,,,
GCBD4676,Kumagai site #4676,"Shizuoka, Japan",34.82192435,139.0777463,,,,
GCBD4677,Kumagai site #4677,"Shizuoka, Japan",34.82192435,139.077749,,,,
GCBD4678,Kumagai site #4678,"Shizuoka, Japan",34.82197059,139.0777302,,,,
GCBD4679,Kumagai site #4679,"Shizuoka, Japan",34.8219772,139.0777034,,,,
GCBD4680,Kumagai site #4680,"Shizuoka, Japan",34.82199481,139.077816,,,,
GCBD4681,Kumagai site #4681,"Shizuoka, Japan",34.82199481,139.0778267,,,,
GCBD4682,Kumagai site #4682,"Shizuoka, Japan",34.82213574,139.0781057,,,,
GCBD4683,Kumagai site #4683,"Shizuoka, Japan",34.82218858,139.0784597,,,,
GCBD4684,Kumagai site #4684,"Shizuoka, Japan",34.82222381,139.0797043,,,,
GCBD4685,Kumagai site #4685,"Shizuoka, Japan",34.82225904,139.078331,,,,
GCBD4686,Kumagai site #4686,"Shizuoka, Japan",34.82606384,138.7653923,,,,
GCBD4687,Kumagai site #4687,"Shizuoka, Japan",34.82648658,139.0797043,,,,
GCBD4688,Kumagai site #4688,"Shizuoka, Japan",34.82997414,139.0767431,,,,
GCBD4689,Kumagai site #4689,"Shizuoka, Japan",34.8315065,139.077065,,,,
GCBD4690,Kumagai site #4690,"Shizuoka, Japan",34.83236954,139.0766358,,,,
GCBD4691,Kumagai site #4691,"Shizuoka, Japan",34.83261612,138.7584078,,,,
GCBD4692,Kumagai site #4692,"Shizuoka, Japan",34.83719537,138.7569809,,,,
GCBD4693,Kumagai site #4693,"Shizuoka, Japan",34.8378294,138.7589979,,,,
GCBD4694,Kumagai site #4694,"Shizuoka, Japan",34.838463,138.755007,,,,
GCBD4695,Kumagai site #4695,"Shizuoka, Japan",34.84392288,138.7618732,,,,
GCBD4767,Kumagai site #4767,"Shizuoka, Japan",34.86945423,139.1032219,,,,
GCBD4768,Kumagai site #4768,"Shizuoka, Japan",34.86948944,139.1029215,,,,
GCBD4769,Kumagai site #4769,"Shizuoka, Japan",34.86959507,139.1036769,,,,
GCBD4696,Kumagai site #4696,"Shizuoka, Japan",34.88417077,139.1329193,,,,
GCBD4697,Kumagai site #4697,"Shizuoka, Japan",34.88902876,139.1370392,,,,
GCBD4721,Kumagai site #4721,"Shizuoka, Japan",34.89416806,139.1366959,,,,
GCBD4698,Kumagai site #4698,"Shizuoka, Japan",34.89533844,139.1345286,,,,
GCBD5250,Kumagai site #5250,"Shimane, Japan",34.90247475,132.0498276,,,,
GCBD5251,Kumagai site #5251,"Chiba, Japan",34.97600151,139.7840309,,,,
GCBD4699,Kumagai site #4699,"Chiba, Japan",34.9916072,139.8257017,,,,
GCBD4700,Kumagai site #4700,"Shizuoka, Japan",35.00050677,138.7774354,,,,
GCBD5252,Kumagai site #5252,"Shizuoka, Japan",35.02532244,138.786335,,,,
GCBD4701,Kumagai site #4701,"Shizuoka, Japan",35.02746616,138.7849188,,,,
GCBD4702,Kumagai site #4702,"Shizuoka, Japan",35.03449433,138.7765503,,,,
GCBD5253,Kumagai site #5253,"Shizuoka, Japan",35.05775328,138.8776588,,,,
GCBD4703,Kumagai site #4703,"Kanagawa, Japan",35.12889434,139.1473389,,,,
GCBD5254,Kumagai site #5254,"Kanagawa, Japan",35.135352,139.629385,,,,
GCBD4704,Kumagai site #4704,"Kanagawa, Japan",35.13682627,139.634943,,,,
GCBD4705,Kumagai site #4705,"Kanagawa, Japan",35.19462306,139.5997283,,,,
GCBD4706,Kumagai site #4706,"Kanagawa, Japan",35.19661547,139.5996773,,,,
GCBD4707,Kumagai site #4707,"Kanagawa, Japan",35.19665712,139.5997202,,,,
GCBD4708,Kumagai site #4708,"Kanagawa, Japan",35.23440285,139.5957184,,,,
GCBD4709,Kumagai site #4709,"Kanagawa, Japan",35.24114154,139.5948386,,,,
GCBD4710,Kumagai site #4710,"Kanagawa, Japan",35.30559966,139.5056391,,,,
GCBD4711,Kumagai site #4711,"Kyoto, Japan",35.74456173,135.1129532,,,,
GCBD5324,Donner site #5324,"Toyama, Japan",36.75,137.4333,,,,
