site_id,pixel_lat,pixel_lon,pixel_km,dhw_now,dhw_max_12w,ssta_mean_30d,sst_mean_30d,alert_level,as_of
GCBD6194,-0.675,73.175,1.9,0.0,0.46,1.084,29.639333333333337,1.0,2026-10-04
GCBD6137,-0.675,73.125,3.0,0.0,0.46,1.0516666666666667,29.615999999999996,1.0,2026-10-04
GCBD6138,-0.675,73.175,2.9,0.0,0.46,1.084,29.639333333333337,1.0,2026-10-04
GCBD6139,-0.675,73.225,2.6,0.0,0.46,1.1086666666666667,29.66133333333333,1.0,2026-10-04
GCBD6140,-0.625,73.175,2.7,0.0,0.46,1.0866666666666667,29.642,1.0,2026-10-04
GCBD4114,-1.125,100.325,3.3,0.15,0.15,1.4703333333333335,29.651666666666667,0.0,2026-10-04
GCBD4325,-0.975,100.325,2.7,0.0,0.0,1.438666666666667,29.602333333333334,0.0,2026-10-04
GCBD4334,,,,,,,,,
GCBD4104,-1.925,99.325,3.1,0.0,1.41,1.4186666666666663,29.27833333333334,1.0,2026-10-04
GCBD4105,-1.725,99.275,2.4,0.0,1.13,1.4216666666666666,29.291666666666668,0.0,2026-10-04
GCBD4126,-0.225,99.725,3.2,0.0,1.4,1.392,29.732666666666663,1.0,2026-10-04
GCBD3856,-1.075,117.125,1.9,1.26,4.25,1.201,29.382999999999996,1.0,2026-10-04
GCBD4118,-0.775,119.875,3.7,0.0,0.0,0.6936666666666668,29.576999999999998,1.0,2026-10-04
GCBD4332,-0.725,119.775,1.3,0.0,0.0,0.747,29.63266666666667,1.0,2026-10-04
GCBD4119,-0.725,119.825,3.3,0.0,0.0,0.7256666666666668,29.611666666666668,1.0,2026-10-04
GCBD4333,-0.725,119.825,3.6,0.0,0.0,0.7256666666666668,29.611666666666668,1.0,2026-10-04
GCBD4120,-0.625,119.725,2.3,0.0,0.0,0.882,29.757666666666672,1.0,2026-10-04
GCBD4121,-0.625,119.725,2.5,0.0,0.0,0.882,29.757666666666672,1.0,2026-10-04
GCBD4127,-0.125,119.825,3.2,0.0,0.0,0.514,29.455,1.0,2026-10-04
GCBD4335,-0.125,119.775,2.4,0.0,0.0,0.5800000000000001,29.51566666666667,1.0,2026-10-04
GCBD4336,-0.025,119.725,2.4,0.0,0.16,0.455,29.34766666666667,1.0,2026-10-04
GCBD4337,-0.025,119.775,2.5,0.0,0.15,0.39333333333333337,29.299,1.0,2026-10-04
GCBD4324,-1.075,121.325,0.6,0.0,2.03,0.3243333333333334,29.580666666666666,0.0,2026-10-04
GCBD4326,-0.925,121.675,1.7,0.0,2.0,0.3396666666666667,29.515666666666668,0.0,2026-10-04
GCBD4327,-0.875,121.475,3.0,0.0,1.92,0.26500000000000007,29.540999999999997,0.0,2026-10-04
GCBD4328,-0.875,121.675,0.7,0.0,2.2,0.2953333333333334,29.52566666666667,0.0,2026-10-04
GCBD4329,-0.875,121.675,1.5,0.0,2.2,0.2953333333333334,29.52566666666667,0.0,2026-10-04
GCBD4330,-0.875,121.675,2.5,0.0,2.2,0.2953333333333334,29.52566666666667,0.0,2026-10-04
GCBD4115,-0.825,121.575,2.5,0.0,1.94,0.23866666666666667,29.534666666666666,0.0,2026-10-04
GCBD4174,-0.825,120.175,2.9,0.0,3.12,0.6509999999999999,29.758,0.0,2026-10-04
GCBD4331,-0.825,121.575,1.9,0.0,1.94,0.23866666666666667,29.534666666666666,0.0,2026-10-04
GCBD4116,-0.825,121.625,1.5,0.0,2.09,0.24766666666666662,29.535666666666664,0.0,2026-10-04
GCBD4117,-0.825,121.625,1.6,0.0,2.09,0.24766666666666662,29.535666666666664,0.0,2026-10-04
GCBD4123,-0.425,121.025,0.3,0.0,3.54,0.5826666666666666,29.79200000000001,0.0,2026-10-04
GCBD4124,-0.325,121.925,2.7,0.0,2.9,0.21733333333333332,29.473666666666663,0.0,2026-10-04
GCBD4122,-0.425,122.025,0.4,0.0,2.97,0.263,29.544,0.0,2026-10-04
GCBD4190,-0.325,121.975,2.9,0.0,3.06,0.21133333333333332,29.460333333333335,0.0,2026-10-04
GCBD4125,-0.275,122.025,3.0,0.0,3.06,0.15466666666666667,29.36733333333333,0.0,2026-10-04
GCBD4106,-1.625,124.775,2.4,0.0,0.81,-0.42233333333333334,27.252000000000002,0.0,2026-10-04
GCBD4107,-1.625,124.825,2.7,0.0,0.96,-0.39199999999999996,27.272333333333336,0.0,2026-10-04
GCBD4108,-1.625,124.775,2.8,0.0,0.81,-0.42233333333333334,27.252000000000002,0.0,2026-10-04
GCBD4109,-1.375,124.525,2.2,0.0,2.32,-0.411,27.245,0.0,2026-10-04
GCBD4110,-1.375,124.575,1.9,0.0,2.31,-0.38066666666666665,27.312,0.0,2026-10-04
GCBD4111,-1.375,124.575,2.5,0.0,2.31,-0.38066666666666665,27.312,0.0,2026-10-04
GCBD4112,-1.375,124.525,1.6,0.0,2.32,-0.411,27.245,0.0,2026-10-04
GCBD4113,-1.375,124.525,1.6,0.0,2.32,-0.411,27.245,0.0,2026-10-04
GCBD15541,-0.575,130.525,1.3,0.0,1.22,0.18366666666666667,28.646333333333327,0.0,2026-10-04
GCBD15542,-0.575,130.525,1.4,0.0,1.22,0.18366666666666667,28.646333333333327,0.0,2026-10-04
GCBD15543,-0.525,130.525,2.7,0.0,2.63,0.22966666666666663,28.709666666666667,0.0,2026-10-04
GCBD15544,-0.525,130.525,2.6,0.0,2.63,0.22966666666666663,28.709666666666667,0.0,2026-10-04
GCBD4102,-2.075,118.375,2.6,0.0,3.84,0.8846666666666666,29.401666666666664,1.0,2026-10-04
GCBD4103,-2.075,118.425,2.8,0.0,4.17,0.885,29.421,1.0,2026-10-04
GCBD4099,-2.375,99.825,1.7,0.0,1.42,1.2190000000000003,29.128333333333334,0.0,2026-10-04
GCBD4100,-2.225,99.525,1.7,0.0,0.33,1.2233333333333332,29.064999999999994,0.0,2026-10-04
GCBD4323,-2.725,120.825,1.6,0.0,1.38,1.0173333333333334,29.475666666666665,0.0,2026-10-04
GCBD4095,-3.475,127.975,1.3,0.0,0.16,-0.48433333333333334,26.36133333333333,0.0,2026-10-04
GCBD4088,-3.975,122.975,3.4,0.0,0.0,-0.216,27.28933333333334,0.0,2026-10-04
GCBD4089,-3.975,122.975,2.4,0.0,0.0,-0.216,27.28933333333334,0.0,2026-10-04
GCBD4313,-3.975,122.625,3.6,0.0,0.3,0.09599999999999999,27.733333333333338,0.0,2026-10-04
GCBD4314,-3.925,122.675,3.1,0.0,0.3,0.03533333333333333,27.644333333333332,0.0,2026-10-04
GCBD4315,-3.925,122.675,2.4,0.0,0.3,0.03533333333333333,27.644333333333332,0.0,2026-10-04
GCBD4091,-3.925,122.675,3.1,0.0,0.3,0.03533333333333333,27.644333333333332,0.0,2026-10-04
GCBD4092,-3.925,122.675,2.9,0.0,0.3,0.03533333333333333,27.644333333333332,0.0,2026-10-04
GCBD4093,-3.875,122.575,2.6,0.0,0.15,0.18333333333333332,27.864,0.0,2026-10-04
GCBD4316,-3.875,122.825,0.9,0.0,0.16,-0.10533333333333332,27.435999999999996,0.0,2026-10-04
GCBD4317,-3.875,122.825,1.1,0.0,0.16,-0.10533333333333332,27.435999999999996,0.0,2026-10-04
GCBD4318,-3.875,122.825,0.5,0.0,0.16,-0.10533333333333332,27.435999999999996,0.0,2026-10-04
GCBD4319,-3.875,122.825,0.5,0.0,0.16,-0.10533333333333332,27.435999999999996,0.0,2026-10-04
GCBD4094,-3.575,122.575,2.3,0.0,0.14,0.183,27.848666666666663,0.0,2026-10-04
GCBD4090,-3.975,128.225,1.3,0.0,0.0,-0.44800000000000006,26.33266666666667,0.0,2026-10-04
GCBD4096,-3.275,135.075,2.5,0.16,0.16,1.3756666666666664,29.903666666666666,1.0,2026-10-04
GCBD4097,-3.225,135.075,0.8,0.16,0.3,1.3483333333333332,29.935,1.0,2026-10-04
GCBD4320,-3.125,135.625,2.6,1.37,2.48,1.3416666666666663,30.11533333333334,2.0,2026-10-04
GCBD4321,-3.075,135.575,2.2,1.21,2.85,1.3413333333333335,30.107666666666667,2.0,2026-10-04
GCBD4098,-3.025,135.075,3.4,0.33,1.68,1.274,29.974333333333334,1.0,2026-10-04
GCBD4322,-2.925,135.675,2.0,2.29,3.76,1.3969999999999998,30.15066666666667,2.0,2026-10-04
GCBD3934,-5.975,105.875,3.2,0.0,1.41,0.10466666666666669,28.808333333333334,0.0,2026-10-04
GCBD3935,-5.975,105.875,2.7,0.0,1.41,0.10466666666666669,28.808333333333334,0.0,2026-10-04
GCBD3936,-5.925,105.875,2.5,0.0,1.57,0.152,28.87,0.0,2026-10-04
GCBD3937,-5.925,105.525,1.3,0.0,1.27,0.34900000000000003,28.886666666666663,1.0,2026-10-04
GCBD3938,-5.925,105.525,1.2,0.0,1.27,0.34900000000000003,28.886666666666663,1.0,2026-10-04
GCBD4018,-5.675,105.225,1.8,0.0,3.5,0.6686666666666665,29.07933333333333,1.0,2026-10-04
GCBD4166,-5.875,106.625,1.3,0.0,2.05,0.17233333333333337,28.815333333333335,0.0,2026-10-04
GCBD3966,-5.875,106.625,1.9,0.0,2.05,0.17233333333333337,28.815333333333335,0.0,2026-10-04
GCBD3967,-5.875,106.625,2.6,0.0,2.05,0.17233333333333337,28.815333333333335,0.0,2026-10-04
GCBD3969,-5.825,106.625,2.1,0.0,1.79,0.16999999999999998,28.78666666666667,0.0,2026-10-04
GCBD4003,-5.775,106.075,3.0,0.0,2.56,0.18266666666666667,28.89966666666667,0.0,2026-10-04
GCBD4005,-5.725,106.625,3.2,0.0,1.93,0.15633333333333338,28.754,0.0,2026-10-04
GCBD4006,-5.725,106.625,2.5,0.0,1.93,0.15633333333333338,28.754,0.0,2026-10-04
GCBD4008,-5.725,106.575,2.8,0.0,1.93,0.153,28.752999999999997,0.0,2026-10-04
GCBD4010,-5.725,106.575,1.3,0.0,1.93,0.153,28.752999999999997,0.0,2026-10-04
GCBD4011,-5.725,106.575,1.2,0.0,1.93,0.153,28.752999999999997,0.0,2026-10-04
GCBD4013,-5.725,106.575,1.1,0.0,1.93,0.153,28.752999999999997,0.0,2026-10-04
GCBD4014,-5.725,106.575,1.1,0.0,1.93,0.153,28.752999999999997,0.0,2026-10-04
GCBD4019,-5.625,106.575,2.2,0.0,1.85,0.14500000000000002,28.756666666666668,0.0,2026-10-04
GCBD4262,-5.625,106.575,2.1,0.0,1.85,0.14500000000000002,28.756666666666668,0.0,2026-10-04
GCBD4021,-5.625,106.575,1.9,0.0,1.85,0.14500000000000002,28.756666666666668,0.0,2026-10-04
GCBD4022,-5.625,106.575,2.2,0.0,1.85,0.14500000000000002,28.756666666666668,0.0,2026-10-04
GCBD4024,-5.625,106.625,3.1,0.0,1.89,0.14833333333333334,28.758333333333333,0.0,2026-10-04
GCBD4263,-5.575,106.575,3.3,0.0,1.25,0.14633333333333332,28.777333333333335,0.0,2026-10-04
GCBD4032,-5.525,106.525,1.9,0.0,1.22,0.157,28.810666666666673,0.0,2026-10-04
GCBD3853,-5.525,106.475,1.3,0.0,1.2,0.155,28.82066666666667,0.0,2026-10-04
GCBD3939,-5.925,110.425,1.1,0.0,0.0,-0.13266666666666665,28.229999999999997,0.0,2026-10-04
GCBD9886,-5.925,110.425,3.4,0.0,0.0,-0.13266666666666665,28.229999999999997,0.0,2026-10-04
GCBD3857,-5.925,110.525,3.5,0.0,0.0,-0.13799999999999998,28.226000000000003,0.0,2026-10-04
GCBD9887,-5.875,110.225,3.4,0.0,0.0,-0.10066666666666665,28.266,0.0,2026-10-04
GCBD3942,-5.875,110.425,3.0,0.0,0.0,-0.13499999999999995,28.217666666666663,0.0,2026-10-04
GCBD9888,-5.875,110.425,2.7,0.0,0.0,-0.13499999999999995,28.217666666666663,0.0,2026-10-04
GCBD3943,-5.875,110.425,2.4,0.0,0.0,-0.13499999999999995,28.217666666666663,0.0,2026-10-04
GCBD3944,-5.875,110.425,2.6,0.0,0.0,-0.13499999999999995,28.217666666666663,0.0,2026-10-04
GCBD3945,-5.875,110.425,2.3,0.0,0.0,-0.13499999999999995,28.217666666666663,0.0,2026-10-04
GCBD3946,-5.875,110.425,1.9,0.0,0.0,-0.13499999999999995,28.217666666666663,0.0,2026-10-04
GCBD3948,-5.875,110.425,2.6,0.0,0.0,-0.13499999999999995,28.217666666666663,0.0,2026-10-04
GCBD3949,-5.875,110.425,2.7,0.0,0.0,-0.13499999999999995,28.217666666666663,0.0,2026-10-04
GCBD3950,-5.875,110.425,2.0,0.0,0.0,-0.13499999999999995,28.217666666666663,0.0,2026-10-04
GCBD3951,-5.875,110.325,2.4,0.0,0.0,-0.12033333333333333,28.24,0.0,2026-10-04
GCBD3953,-5.875,110.325,1.8,0.0,0.0,-0.12033333333333333,28.24,0.0,2026-10-04
GCBD3954,-5.875,110.425,2.6,0.0,0.0,-0.13499999999999995,28.217666666666663,0.0,2026-10-04
GCBD3955,-5.875,110.425,2.6,0.0,0.0,-0.13499999999999995,28.217666666666663,0.0,2026-10-04
GCBD3956,-5.875,110.425,2.7,0.0,0.0,-0.13499999999999995,28.217666666666663,0.0,2026-10-04
GCBD9889,-5.875,110.375,1.8,0.0,0.0,-0.13599999999999998,28.22433333333333,0.0,2026-10-04
GCBD3958,-5.875,110.425,1.2,0.0,0.0,-0.13499999999999995,28.217666666666663,0.0,2026-10-04
GCBD3959,-5.875,110.375,1.6,0.0,0.0,-0.13599999999999998,28.22433333333333,0.0,2026-10-04
GCBD3960,-5.875,110.325,2.6,0.0,0.0,-0.12033333333333333,28.24,0.0,2026-10-04
GCBD3961,-5.875,110.425,2.3,0.0,0.0,-0.13499999999999995,28.217666666666663,0.0,2026-10-04
GCBD3962,-5.875,110.375,2.3,0.0,0.0,-0.13599999999999998,28.22433333333333,0.0,2026-10-04
GCBD3963,-5.875,110.375,2.4,0.0,0.0,-0.13599999999999998,28.22433333333333,0.0,2026-10-04
GCBD3964,-5.875,110.375,2.6,0.0,0.0,-0.13599999999999998,28.22433333333333,0.0,2026-10-04
GCBD3965,-5.875,110.375,2.7,0.0,0.0,-0.13599999999999998,28.22433333333333,0.0,2026-10-04
GCBD3852,-5.875,110.325,1.3,0.0,0.0,-0.12033333333333333,28.24,0.0,2026-10-04
GCBD9890,-5.875,110.475,1.6,0.0,0.0,-0.13966666666666666,28.213000000000005,0.0,2026-10-04
GCBD9891,-5.875,110.475,2.0,0.0,0.0,-0.13966666666666666,28.213000000000005,0.0,2026-10-04
GCBD4242,-5.825,110.575,2.7,0.0,0.0,-0.14966666666666667,28.195666666666668,0.0,2026-10-04
GCBD4173,-5.825,110.575,2.2,0.0,0.0,-0.14966666666666667,28.195666666666668,0.0,2026-10-04
GCBD3970,-5.825,110.425,1.9,0.0,0.0,-0.13766666666666663,28.205666666666666,0.0,2026-10-04
GCBD3971,-5.825,110.425,1.1,0.0,0.0,-0.13766666666666663,28.205666666666666,0.0,2026-10-04
GCBD4243,-5.825,110.375,1.1,0.0,0.0,-0.12933333333333333,28.214,0.0,2026-10-04
GCBD9892,-5.825,110.475,1.8,0.0,0.0,-0.14266666666666666,28.2,0.0,2026-10-04
GCBD3973,-5.825,110.375,0.9,0.0,0.0,-0.12933333333333333,28.214,0.0,2026-10-04
GCBD9893,-5.825,110.375,1.1,0.0,0.0,-0.12933333333333333,28.214,0.0,2026-10-04
GCBD3974,-5.825,110.375,0.6,0.0,0.0,-0.12933333333333333,28.214,0.0,2026-10-04
GCBD3976,-5.825,110.525,2.1,0.0,0.0,-0.14266666666666666,28.201666666666664,0.0,2026-10-04
GCBD9894,-5.825,110.425,1.6,0.0,0.0,-0.13766666666666663,28.205666666666666,0.0,2026-10-04
GCBD3977,-5.825,110.425,2.3,0.0,0.0,-0.13766666666666663,28.205666666666666,0.0,2026-10-04
GCBD3979,-5.825,110.525,1.9,0.0,0.0,-0.14266666666666666,28.201666666666664,0.0,2026-10-04
GCBD3981,-5.825,110.375,1.5,0.0,0.0,-0.12933333333333333,28.214,0.0,2026-10-04
GCBD9895,-5.825,110.525,2.3,0.0,0.0,-0.14266666666666666,28.201666666666664,0.0,2026-10-04
GCBD3984,-5.825,110.375,2.3,0.0,0.0,-0.12933333333333333,28.214,0.0,2026-10-04
GCBD9896,-5.825,110.575,2.9,0.0,0.0,-0.14966666666666667,28.195666666666668,0.0,2026-10-04
GCBD9897,-5.825,110.175,2.7,0.0,0.0,-0.104,28.25833333333333,0.0,2026-10-04
GCBD9898,-5.775,110.525,3.2,0.0,0.0,-0.14600000000000002,28.19033333333334,0.0,2026-10-04
GCBD9899,-5.775,110.325,3.6,0.0,0.0,-0.11800000000000001,28.223666666666663,0.0,2026-10-04
GCBD3985,-5.775,110.325,3.6,0.0,0.0,-0.11800000000000001,28.223666666666663,0.0,2026-10-04
GCBD4245,-5.775,110.325,3.7,0.0,0.0,-0.11800000000000001,28.223666666666663,0.0,2026-10-04
GCBD3986,-5.775,110.325,2.9,0.0,0.0,-0.11800000000000001,28.223666666666663,0.0,2026-10-04
GCBD3987,-5.775,110.325,2.7,0.0,0.0,-0.11800000000000001,28.223666666666663,0.0,2026-10-04
GCBD3988,-5.775,110.325,2.5,0.0,0.0,-0.11800000000000001,28.223666666666663,0.0,2026-10-04
GCBD3989,-5.775,110.525,2.1,0.0,0.0,-0.14600000000000002,28.19033333333334,0.0,2026-10-04
GCBD9900,-5.775,110.525,1.3,0.0,0.0,-0.14600000000000002,28.19033333333334,0.0,2026-10-04
GCBD4247,-5.775,110.225,1.4,0.0,0.0,-0.09533333333333333,28.24466666666667,0.0,2026-10-04
GCBD9901,-5.775,110.325,0.9,0.0,0.0,-0.11800000000000001,28.223666666666663,0.0,2026-10-04
GCBD9902,-5.725,110.175,3.1,0.0,0.14,-0.09700000000000002,28.23866666666667,0.0,2026-10-04
GCBD9903,-5.725,110.425,2.1,0.0,0.0,-0.13066666666666665,28.194333333333336,0.0,2026-10-04
GCBD4023,-5.625,119.475,2.8,0.0,0.0,-1.0343333333333333,25.860000000000003,0.0,2026-10-04
GCBD4038,-5.475,119.225,0.5,0.0,0.0,-0.22633333333333336,27.009666666666657,0.0,2026-10-04
GCBD4042,-5.475,119.225,2.3,0.0,0.0,-0.22633333333333336,27.009666666666657,0.0,2026-10-04
GCBD4053,-5.425,119.225,2.2,0.0,0.0,-0.12066666666666667,27.189999999999998,0.0,2026-10-04
GCBD4059,-5.325,119.325,2.2,0.0,0.0,0.131,27.577333333333332,0.0,2026-10-04
GCBD4069,-5.125,119.325,2.1,0.0,0.0,0.22100000000000003,27.934000000000005,0.0,2026-10-04
GCBD4070,-5.125,119.325,1.6,0.0,0.0,0.22100000000000003,27.934000000000005,0.0,2026-10-04
GCBD4298,-5.075,119.325,1.8,0.0,0.0,0.21066666666666667,27.996333333333332,0.0,2026-10-04
GCBD4071,-5.075,119.325,1.6,0.0,0.0,0.21066666666666667,27.996333333333332,0.0,2026-10-04
GCBD4072,-5.075,119.325,0.6,0.0,0.0,0.21066666666666667,27.996333333333332,0.0,2026-10-04
GCBD4299,-5.075,119.325,0.7,0.0,0.0,0.21066666666666667,27.996333333333332,0.0,2026-10-04
GCBD4300,-5.075,119.325,2.5,0.0,0.0,0.21066666666666667,27.996333333333332,0.0,2026-10-04
GCBD4073,-5.025,119.325,2.8,0.0,0.0,0.20466666666666666,28.048333333333336,0.0,2026-10-04
GCBD4074,-5.025,119.325,2.8,0.0,0.0,0.20466666666666666,28.048333333333336,0.0,2026-10-04
GCBD4075,-5.025,119.325,2.7,0.0,0.0,0.20466666666666666,28.048333333333336,0.0,2026-10-04
GCBD4076,-5.025,119.325,2.5,0.0,0.0,0.20466666666666666,28.048333333333336,0.0,2026-10-04
GCBD4301,-5.025,119.325,1.9,0.0,0.0,0.20466666666666666,28.048333333333336,0.0,2026-10-04
GCBD4077,-5.025,119.075,2.8,0.0,0.0,0.09166666666666663,27.997333333333337,0.0,2026-10-04
GCBD4078,-4.975,119.075,0.9,0.0,0.0,0.09966666666666667,28.060999999999996,0.0,2026-10-04
GCBD9904,-4.975,119.275,1.1,0.0,0.0,0.08533333333333333,27.99433333333333,0.0,2026-10-04
GCBD4177,-4.975,119.275,1.1,0.0,0.0,0.08533333333333333,27.99433333333333,0.0,2026-10-04
GCBD4170,-4.975,119.275,1.8,0.0,0.0,0.08533333333333333,27.99433333333333,0.0,2026-10-04
GCBD9905,-4.925,119.325,1.0,0.0,0.0,0.13766666666666666,28.11133333333333,0.0,2026-10-04
GCBD4079,-4.725,118.975,3.7,0.0,0.29,0.11733333333333333,28.319333333333336,0.0,2026-10-04
GCBD4080,-4.675,118.975,2.8,0.0,0.29,0.11566666666666665,28.334000000000003,0.0,2026-10-04
GCBD4081,-4.675,119.425,2.7,0.0,0.0,0.39666666666666667,28.618,0.0,2026-10-04
GCBD4259,-5.625,124.025,3.3,0.0,0.0,-0.45300000000000007,26.867,0.0,2026-10-04
GCBD4260,-5.625,124.025,3.2,0.0,0.0,-0.45300000000000007,26.867,0.0,2026-10-04
GCBD4261,-5.625,124.025,3.1,0.0,0.0,-0.45300000000000007,26.867,0.0,2026-10-04
GCBD4239,-5.975,123.775,2.4,0.0,0.0,-0.4673333333333334,26.80433333333333,0.0,2026-10-04
GCBD3941,-5.925,123.975,1.9,0.0,0.0,-0.5073333333333334,26.773,0.0,2026-10-04
GCBD4240,-5.875,123.725,2.1,0.0,0.0,-0.40066666666666667,26.863999999999997,0.0,2026-10-04
GCBD3952,-5.875,123.975,1.7,0.0,0.0,-0.49666666666666676,26.790333333333333,0.0,2026-10-04
GCBD3957,-5.875,123.675,2.5,0.0,0.0,-0.40733333333333327,26.867,0.0,2026-10-04
GCBD4241,-5.875,123.825,1.6,0.0,0.0,-0.4349999999999999,26.828333333333333,0.0,2026-10-04
GCBD3968,-5.875,123.725,3.2,0.0,0.0,-0.40066666666666667,26.863999999999997,0.0,2026-10-04
GCBD3975,-5.825,123.975,1.9,0.0,0.0,-0.4776666666666666,26.80933333333333,0.0,2026-10-04
GCBD3978,-5.825,123.625,1.0,0.0,0.0,-0.33399999999999996,26.950000000000003,0.0,2026-10-04
GCBD4244,-5.825,123.825,2.6,0.0,0.0,-0.41466666666666663,26.85333333333334,0.0,2026-10-04
GCBD3980,-5.825,123.825,1.4,0.0,0.0,-0.41466666666666663,26.85333333333334,0.0,2026-10-04
GCBD3982,-5.825,123.825,1.8,0.0,0.0,-0.41466666666666663,26.85333333333334,0.0,2026-10-04
GCBD3990,-5.775,123.925,2.4,0.0,0.0,-0.4596666666666667,26.827333333333332,0.0,2026-10-04
GCBD3991,-5.775,123.875,0.6,0.0,0.0,-0.43333333333333335,26.84366666666666,0.0,2026-10-04
GCBD3992,-5.775,123.875,2.1,0.0,0.0,-0.43333333333333335,26.84366666666666,0.0,2026-10-04
GCBD4246,-5.775,123.875,2.0,0.0,0.0,-0.43333333333333335,26.84366666666666,0.0,2026-10-04
GCBD3993,-5.775,123.875,1.6,0.0,0.0,-0.43333333333333335,26.84366666666666,0.0,2026-10-04
GCBD3994,-5.775,123.675,2.0,0.0,0.0,-0.2806666666666667,26.997999999999998,0.0,2026-10-04
GCBD3995,-5.775,123.875,1.4,0.0,0.0,-0.43333333333333335,26.84366666666666,0.0,2026-10-04
GCBD3996,-5.775,123.675,2.3,0.0,0.0,-0.2806666666666667,26.997999999999998,0.0,2026-10-04
GCBD3997,-5.775,123.875,1.3,0.0,0.0,-0.43333333333333335,26.84366666666666,0.0,2026-10-04
GCBD4248,-5.775,123.775,1.0,0.0,0.0,-0.358,26.911666666666672,0.0,2026-10-04
GCBD4249,-5.775,123.875,1.2,0.0,0.0,-0.43333333333333335,26.84366666666666,0.0,2026-10-04
GCBD3998,-5.775,123.775,1.3,0.0,0.0,-0.358,26.911666666666672,0.0,2026-10-04
GCBD3999,-5.775,123.775,2.7,0.0,0.0,-0.358,26.911666666666672,0.0,2026-10-04
GCBD4250,-5.775,123.875,2.0,0.0,0.0,-0.43333333333333335,26.84366666666666,0.0,2026-10-04
GCBD4251,-5.775,123.875,1.3,0.0,0.0,-0.43333333333333335,26.84366666666666,0.0,2026-10-04
GCBD4000,-5.775,123.875,2.2,0.0,0.0,-0.43333333333333335,26.84366666666666,0.0,2026-10-04
GCBD4252,-5.775,123.875,2.2,0.0,0.0,-0.43333333333333335,26.84366666666666,0.0,2026-10-04
GCBD4253,-5.775,123.875,3.2,0.0,0.0,-0.43333333333333335,26.84366666666666,0.0,2026-10-04
GCBD4254,-5.775,123.875,2.7,0.0,0.0,-0.43333333333333335,26.84366666666666,0.0,2026-10-04
GCBD4001,-5.775,123.875,2.9,0.0,0.0,-0.43333333333333335,26.84366666666666,0.0,2026-10-04
GCBD4255,-5.775,123.975,3.0,0.0,0.0,-0.4733333333333333,26.82366666666666,0.0,2026-10-04
GCBD4002,-5.775,123.875,3.0,0.0,0.0,-0.43333333333333335,26.84366666666666,0.0,2026-10-04
GCBD4004,-5.725,123.875,2.9,0.0,0.0,-0.4563333333333333,26.84066666666667,0.0,2026-10-04
GCBD4256,-5.725,123.875,2.3,0.0,0.0,-0.4563333333333333,26.84066666666667,0.0,2026-10-04
GCBD4007,-5.725,123.725,1.5,0.0,0.0,-0.31899999999999995,26.967999999999996,0.0,2026-10-04
GCBD4009,-5.725,123.875,2.1,0.0,0.0,-0.4563333333333333,26.84066666666667,0.0,2026-10-04
GCBD4257,-5.725,123.875,2.0,0.0,0.0,-0.4563333333333333,26.84066666666667,0.0,2026-10-04
GCBD4012,-5.725,123.875,1.8,0.0,0.0,-0.4563333333333333,26.84066666666667,0.0,2026-10-04
GCBD4258,-5.725,123.875,1.9,0.0,0.0,-0.4563333333333333,26.84066666666667,0.0,2026-10-04
GCBD4015,-5.725,123.875,2.5,0.0,0.0,-0.4563333333333333,26.84066666666667,0.0,2026-10-04
GCBD4016,-5.725,123.875,2.1,0.0,0.0,-0.4563333333333333,26.84066666666667,0.0,2026-10-04
GCBD4017,-5.725,123.925,2.2,0.0,0.0,-0.461,26.836000000000002,0.0,2026-10-04
GCBD4020,-5.625,123.525,1.6,0.0,0.0,-0.35100000000000003,26.984333333333332,0.0,2026-10-04
GCBD4264,-5.575,123.775,1.8,0.0,0.0,-0.383,26.942333333333334,0.0,2026-10-04
GCBD4026,-5.575,123.525,1.7,0.0,0.0,-0.37266666666666665,26.98,0.0,2026-10-04
GCBD4027,-5.575,123.775,1.3,0.0,0.0,-0.383,26.942333333333334,0.0,2026-10-04
GCBD4028,-5.575,123.775,0.5,0.0,0.0,-0.383,26.942333333333334,0.0,2026-10-04
GCBD4029,-5.575,123.775,1.2,0.0,0.0,-0.383,26.942333333333334,0.0,2026-10-04
GCBD4265,-5.575,123.775,1.5,0.0,0.0,-0.383,26.942333333333334,0.0,2026-10-04
GCBD4030,-5.575,123.725,3.5,0.0,0.0,-0.3826666666666666,26.95,0.0,2026-10-04
GCBD4031,-5.525,123.725,3.4,0.0,0.0,-0.38500000000000006,26.959333333333333,0.0,2026-10-04
GCBD4266,-5.525,123.725,0.9,0.0,0.0,-0.38500000000000006,26.959333333333333,0.0,2026-10-04
GCBD4267,-5.525,123.725,3.7,0.0,0.0,-0.38500000000000006,26.959333333333333,0.0,2026-10-04
GCBD4033,-5.475,123.675,3.3,0.0,0.0,-0.41366666666666674,26.947333333333333,0.0,2026-10-04
GCBD4034,-5.475,123.675,2.9,0.0,0.0,-0.41366666666666674,26.947333333333333,0.0,2026-10-04
GCBD4268,-5.475,123.725,2.8,0.0,0.0,-0.3903333333333334,26.964,0.0,2026-10-04
GCBD4269,-5.475,123.725,2.8,0.0,0.0,-0.3903333333333334,26.964,0.0,2026-10-04
GCBD4270,-5.475,123.775,2.5,0.0,0.0,-0.388,26.965333333333334,0.0,2026-10-04
GCBD4271,-5.475,123.725,1.9,0.0,0.0,-0.3903333333333334,26.964,0.0,2026-10-04
GCBD4272,-5.475,123.775,2.0,0.0,0.0,-0.388,26.965333333333334,0.0,2026-10-04
GCBD4035,-5.475,123.775,1.8,0.0,0.0,-0.388,26.965333333333334,0.0,2026-10-04
GCBD4273,-5.475,123.725,1.4,0.0,0.0,-0.3903333333333334,26.964,0.0,2026-10-04
GCBD4036,-5.475,123.725,0.7,0.0,0.0,-0.3903333333333334,26.964,0.0,2026-10-04
GCBD4037,-5.475,123.775,1.9,0.0,0.0,-0.388,26.965333333333334,0.0,2026-10-04
GCBD4274,-5.475,123.775,1.6,0.0,0.0,-0.388,26.965333333333334,0.0,2026-10-04
GCBD4275,-5.475,123.775,2.1,0.0,0.0,-0.388,26.965333333333334,0.0,2026-10-04
GCBD4276,-5.475,123.725,0.5,0.0,0.0,-0.3903333333333334,26.964,0.0,2026-10-04
GCBD4277,-5.475,123.725,0.4,0.0,0.0,-0.3903333333333334,26.964,0.0,2026-10-04
GCBD4278,-5.475,123.675,0.7,0.0,0.0,-0.41366666666666674,26.947333333333333,0.0,2026-10-04
GCBD4039,-5.475,123.725,1.9,0.0,0.0,-0.3903333333333334,26.964,0.0,2026-10-04
GCBD4040,-5.475,123.725,0.8,0.0,0.0,-0.3903333333333334,26.964,0.0,2026-10-04
GCBD4279,-5.475,123.725,0.9,0.0,0.0,-0.3903333333333334,26.964,0.0,2026-10-04
GCBD4041,-5.475,123.725,1.5,0.0,0.0,-0.3903333333333334,26.964,0.0,2026-10-04
GCBD4043,-5.475,123.475,1.8,0.0,0.0,-0.40166666666666667,26.996333333333332,0.0,2026-10-04
GCBD4044,-5.475,123.325,2.3,0.0,0.0,-0.3833333333333334,27.040000000000006,0.0,2026-10-04
GCBD4045,-5.475,123.725,2.1,0.0,0.0,-0.3903333333333334,26.964,0.0,2026-10-04
GCBD4046,-5.475,123.775,2.8,0.0,0.0,-0.388,26.965333333333334,0.0,2026-10-04
GCBD4047,-5.475,123.775,2.9,0.0,0.0,-0.388,26.965333333333334,0.0,2026-10-04
GCBD4048,-5.475,123.775,3.0,0.0,0.0,-0.388,26.965333333333334,0.0,2026-10-04
GCBD4280,-5.475,123.725,2.1,0.0,0.0,-0.3903333333333334,26.964,0.0,2026-10-04
GCBD4049,-5.475,123.725,2.8,0.0,0.0,-0.3903333333333334,26.964,0.0,2026-10-04
GCBD4281,-5.475,123.775,3.3,0.0,0.0,-0.388,26.965333333333334,0.0,2026-10-04
GCBD4050,-5.425,123.775,2.9,0.0,0.0,-0.4173333333333334,26.946,0.0,2026-10-04
GCBD4051,-5.425,123.725,3.7,0.0,0.0,-0.4216666666666667,26.948999999999998,0.0,2026-10-04
GCBD4282,-5.425,123.775,2.9,0.0,0.0,-0.4173333333333334,26.946,0.0,2026-10-04
GCBD4054,-5.425,123.775,3.2,0.0,0.0,-0.4173333333333334,26.946,0.0,2026-10-04
GCBD4055,-5.425,123.575,2.3,0.0,0.0,-0.4386666666666667,26.956333333333326,0.0,2026-10-04
GCBD4056,-5.375,123.575,2.3,0.0,0.0,-0.4536666666666667,26.960999999999995,0.0,2026-10-04
GCBD4057,-5.375,123.525,0.8,0.0,0.0,-0.45400000000000007,26.971000000000004,0.0,2026-10-04
GCBD4058,-5.375,123.475,1.4,0.0,0.0,-0.44666666666666666,26.986000000000004,0.0,2026-10-04
GCBD4158,-5.375,123.525,2.7,0.0,0.0,-0.45400000000000007,26.971000000000004,0.0,2026-10-04
GCBD4283,-5.325,123.525,2.2,0.0,0.0,-0.4600000000000001,26.981999999999996,0.0,2026-10-04
GCBD4284,-5.325,123.475,2.6,0.0,0.0,-0.45566666666666666,26.99466666666667,0.0,2026-10-04
GCBD4060,-5.325,123.525,2.7,0.0,0.0,-0.4600000000000001,26.981999999999996,0.0,2026-10-04
GCBD4061,-5.325,123.525,2.5,0.0,0.0,-0.4600000000000001,26.981999999999996,0.0,2026-10-04
GCBD4062,-5.325,123.475,2.4,0.0,0.0,-0.45566666666666666,26.99466666666667,0.0,2026-10-04
GCBD4063,-5.325,123.475,1.6,0.0,0.0,-0.45566666666666666,26.99466666666667,0.0,2026-10-04
GCBD4285,-5.325,123.475,1.7,0.0,0.0,-0.45566666666666666,26.99466666666667,0.0,2026-10-04
GCBD4064,-5.325,123.475,1.3,0.0,0.0,-0.45566666666666666,26.99466666666667,0.0,2026-10-04
GCBD4286,-5.325,123.475,0.4,0.0,0.0,-0.45566666666666666,26.99466666666667,0.0,2026-10-04
GCBD4287,-5.325,123.475,0.4,0.0,0.0,-0.45566666666666666,26.99466666666667,0.0,2026-10-04
GCBD4065,-5.325,123.525,1.3,0.0,0.0,-0.4600000000000001,26.981999999999996,0.0,2026-10-04
GCBD4288,-5.275,123.525,2.8,0.0,0.0,-0.4613333333333333,26.989666666666672,0.0,2026-10-04
GCBD4289,-5.275,123.525,2.7,0.0,0.0,-0.4613333333333333,26.989666666666672,0.0,2026-10-04
GCBD4290,-5.275,123.525,0.6,0.0,0.0,-0.4613333333333333,26.989666666666672,0.0,2026-10-04
GCBD4291,-5.275,123.525,0.6,0.0,0.0,-0.4613333333333333,26.989666666666672,0.0,2026-10-04
GCBD4292,-5.275,123.525,0.9,0.0,0.0,-0.4613333333333333,26.989666666666672,0.0,2026-10-04
GCBD4067,-5.275,123.525,0.8,0.0,0.0,-0.4613333333333333,26.989666666666672,0.0,2026-10-04
GCBD4293,-5.275,123.525,1.0,0.0,0.0,-0.4613333333333333,26.989666666666672,0.0,2026-10-04
GCBD4068,-5.275,123.525,0.5,0.0,0.0,-0.4613333333333333,26.989666666666672,0.0,2026-10-04
GCBD4294,-5.275,123.525,2.0,0.0,0.0,-0.4613333333333333,26.989666666666672,0.0,2026-10-04
GCBD4295,-5.225,123.525,3.6,0.0,0.0,-0.4463333333333333,27.00466666666667,0.0,2026-10-04
GCBD4296,-5.225,123.575,3.0,0.0,0.0,-0.46099999999999997,26.989000000000008,0.0,2026-10-04
GCBD4297,-5.225,123.575,2.6,0.0,0.0,-0.46099999999999997,26.989000000000008,0.0,2026-10-04
GCBD4085,-4.075,122.775,2.9,0.0,0.29,-0.11933333333333333,27.474,0.0,2026-10-04
GCBD4086,-4.025,122.675,1.6,0.0,0.31,0.03266666666666665,27.649333333333335,0.0,2026-10-04
GCBD4087,-4.025,122.775,1.3,0.0,0.3,-0.08066666666666666,27.50433333333334,0.0,2026-10-04
GCBD15522,-4.625,130.025,3.7,0.0,0.17,-0.23566666666666664,26.637666666666668,0.0,2026-10-04
GCBD15523,-4.575,130.025,2.0,0.0,0.31,-0.22266666666666668,26.649333333333335,0.0,2026-10-04
GCBD4303,-4.575,130.025,1.2,0.0,0.31,-0.22266666666666668,26.649333333333335,0.0,2026-10-04
GCBD15538,-4.475,130.025,1.9,0.0,0.16,-0.1916666666666667,26.671,0.0,2026-10-04
GCBD4302,-4.575,129.675,2.6,0.0,0.16,-0.2263333333333333,26.649333333333335,0.0,2026-10-04
GCBD15524,-4.575,129.475,2.2,0.0,0.31,-0.21,26.668,0.0,2026-10-04
GCBD15525,-4.575,129.875,1.4,0.0,0.16,-0.24466666666666667,26.630333333333336,0.0,2026-10-04
GCBD15526,-4.575,129.875,2.8,0.0,0.16,-0.24466666666666667,26.630333333333336,0.0,2026-10-04
GCBD15527,-4.525,129.975,3.5,0.0,0.16,-0.21366666666666667,26.64966666666667,0.0,2026-10-04
GCBD15528,-4.525,129.975,3.1,0.0,0.16,-0.21366666666666667,26.64966666666667,0.0,2026-10-04
GCBD15529,-4.525,129.975,2.7,0.0,0.16,-0.21366666666666667,26.64966666666667,0.0,2026-10-04
GCBD4304,-4.525,129.975,2.6,0.0,0.16,-0.21366666666666667,26.64966666666667,0.0,2026-10-04
GCBD4082,-4.525,129.975,2.4,0.0,0.16,-0.21366666666666667,26.64966666666667,0.0,2026-10-04
GCBD15530,-4.525,129.925,1.9,0.0,0.17,-0.21633333333333332,26.647,0.0,2026-10-04
GCBD15531,-4.525,129.775,1.2,0.0,0.17,-0.21033333333333334,26.661666666666665,0.0,2026-10-04
GCBD15532,-4.525,129.975,2.7,0.0,0.16,-0.21366666666666667,26.64966666666667,0.0,2026-10-04
GCBD15533,-4.525,129.925,2.7,0.0,0.17,-0.21633333333333332,26.647,0.0,2026-10-04
GCBD4305,-4.525,129.775,1.1,0.0,0.17,-0.21033333333333334,26.661666666666665,0.0,2026-10-04
GCBD15534,-4.525,129.925,2.3,0.0,0.17,-0.21633333333333332,26.647,0.0,2026-10-04
GCBD15535,-4.525,129.925,2.5,0.0,0.17,-0.21633333333333332,26.647,0.0,2026-10-04
GCBD15536,-4.525,129.925,2.5,0.0,0.17,-0.21633333333333332,26.647,0.0,2026-10-04
GCBD4306,-4.525,129.925,2.6,0.0,0.17,-0.21633333333333332,26.647,0.0,2026-10-04
GCBD4307,-4.525,129.925,2.3,0.0,0.17,-0.21633333333333332,26.647,0.0,2026-10-04
GCBD4308,-4.525,129.925,2.0,0.0,0.17,-0.21633333333333332,26.647,0.0,2026-10-04
GCBD4372,-4.525,129.875,1.6,0.0,0.17,-0.21333333333333332,26.65066666666667,0.0,2026-10-04
GCBD4309,-4.525,129.925,2.9,0.0,0.17,-0.21633333333333332,26.647,0.0,2026-10-04
GCBD4083,-4.525,129.875,2.2,0.0,0.17,-0.21333333333333332,26.65066666666667,0.0,2026-10-04
GCBD15537,-4.525,129.875,3.3,0.0,0.17,-0.21333333333333332,26.65066666666667,0.0,2026-10-04
GCBD4310,-4.475,129.925,3.0,0.0,0.17,-0.19466666666666668,26.666333333333338,0.0,2026-10-04
GCBD4311,-4.475,129.925,2.9,0.0,0.17,-0.19466666666666668,26.666333333333338,0.0,2026-10-04
GCBD4312,-4.475,129.925,2.6,0.0,0.17,-0.19466666666666668,26.666333333333338,0.0,2026-10-04
GCBD4084,-4.475,129.925,1.5,0.0,0.17,-0.19466666666666668,26.666333333333338,0.0,2026-10-04
GCBD15539,-4.375,129.325,3.1,0.0,0.31,-0.25433333333333336,26.610000000000003,0.0,2026-10-04
GCBD15540,-4.325,129.725,1.7,0.0,0.17,-0.15866666666666665,26.694,0.0,2026-10-04
GCBD3929,-6.625,105.575,2.0,0.0,1.63,0.21533333333333335,28.18133333333333,0.0,2026-10-04
GCBD3920,-7.725,108.675,1.5,0.0,0.0,-0.5730000000000001,25.33966666666667,0.0,2026-10-04
GCBD3921,-7.725,108.625,3.4,0.0,0.0,-0.4986666666666667,25.42166666666667,0.0,2026-10-04
GCBD3922,-7.725,108.675,3.3,0.0,0.0,-0.5730000000000001,25.33966666666667,0.0,2026-10-04
GCBD3926,-6.975,106.525,3.0,0.0,0.0,-0.5836666666666666,26.01766666666667,0.0,2026-10-04
GCBD4237,-6.575,110.625,0.5,0.0,0.0,-0.07300000000000001,28.567666666666664,0.0,2026-10-04
GCBD4238,-6.575,110.625,0.4,0.0,0.0,-0.07300000000000001,28.567666666666664,0.0,2026-10-04
GCBD4234,-7.725,113.825,2.0,0.0,1.12,0.049666666666666665,28.288666666666664,0.0,2026-10-04
GCBD3923,-7.675,113.825,2.3,0.0,1.44,0.06433333333333333,28.30566666666666,0.0,2026-10-04
GCBD3924,-7.675,113.825,2.2,0.0,1.44,0.06433333333333333,28.30566666666666,0.0,2026-10-04
GCBD3925,-7.675,113.925,1.9,0.0,1.05,0.07066666666666667,28.276333333333337,0.0,2026-10-04
GCBD4235,-7.675,113.825,1.7,0.0,1.44,0.06433333333333333,28.30566666666666,0.0,2026-10-04
GCBD4236,-7.675,113.825,1.4,0.0,1.44,0.06433333333333333,28.30566666666666,0.0,2026-10-04
GCBD3911,-7.825,114.475,2.1,0.0,1.2,0.15433333333333332,27.939666666666668,0.0,2026-10-04
GCBD3912,-7.825,114.475,2.0,0.0,1.2,0.15433333333333332,27.939666666666668,0.0,2026-10-04
GCBD3913,-7.825,114.475,1.4,0.0,1.2,0.15433333333333332,27.939666666666668,0.0,2026-10-04
GCBD3914,-7.825,114.475,2.6,0.0,1.2,0.15433333333333332,27.939666666666668,0.0,2026-10-04
GCBD3915,-7.775,114.425,2.8,0.0,0.29,0.08766666666666664,27.93733333333334,0.0,2026-10-04
GCBD3916,-7.775,114.425,1.7,0.0,0.29,0.08766666666666664,27.93733333333334,0.0,2026-10-04
GCBD3917,-7.775,114.425,1.0,0.0,0.29,0.08766666666666664,27.93733333333334,0.0,2026-10-04
GCBD4233,-7.775,114.425,1.0,0.0,0.29,0.08766666666666664,27.93733333333334,0.0,2026-10-04
GCBD3918,-7.725,114.375,2.7,0.0,0.15,0.06333333333333334,27.945,0.0,2026-10-04
GCBD3919,-7.725,114.325,3.2,0.0,0.15,0.03833333333333334,27.949666666666666,0.0,2026-10-04
GCBD3851,-7.675,113.975,2.9,0.0,0.44,0.035333333333333335,28.215333333333334,0.0,2026-10-04
GCBD3927,-6.925,121.275,1.7,0.0,0.0,-0.158,27.358333333333338,0.0,2026-10-04
GCBD3930,-6.625,120.875,1.4,0.0,0.0,-0.2786666666666667,27.262999999999998,0.0,2026-10-04
GCBD3931,-6.575,120.975,2.7,0.0,0.0,-0.26,27.27766666666667,0.0,2026-10-04
GCBD3932,-6.575,120.975,3.2,0.0,0.0,-0.26,27.27766666666667,0.0,2026-10-04
GCBD3933,-6.525,121.025,2.4,0.0,0.0,-0.2826666666666667,27.25733333333334,0.0,2026-10-04
GCBD4207,-8.475,112.675,4.0,0.0,0.0,-1.777666666666666,23.733999999999998,0.0,2026-10-04
GCBD4208,-8.425,112.725,3.5,0.0,0.0,-1.8189999999999997,23.712666666666667,0.0,2026-10-04
GCBD4209,-8.425,112.725,3.0,0.0,0.0,-1.8189999999999997,23.712666666666667,0.0,2026-10-04
GCBD15500,-8.775,115.525,2.2,0.0,1.83,0.5923333333333333,27.022000000000002,0.0,2026-10-04
GCBD4185,-8.775,115.175,2.9,0.0,0.0,0.2553333333333333,26.235000000000003,0.0,2026-10-04
GCBD15501,-8.725,115.875,3.5,0.0,1.44,0.36800000000000005,27.257666666666662,0.0,2026-10-04
GCBD15502,-8.725,115.875,3.1,0.0,1.44,0.36800000000000005,27.257666666666662,0.0,2026-10-04
GCBD9851,-8.725,115.925,1.0,0.0,1.41,0.37999999999999995,27.254333333333328,0.0,2026-10-04
GCBD15503,-8.725,115.925,1.6,0.0,1.41,0.37999999999999995,27.254333333333328,0.0,2026-10-04
GCBD9852,-8.725,115.925,1.6,0.0,1.41,0.37999999999999995,27.254333333333328,0.0,2026-10-04
GCBD4184,-8.725,115.925,1.9,0.0,1.41,0.37999999999999995,27.254333333333328,0.0,2026-10-04
GCBD4199,-8.725,115.425,3.8,0.0,0.75,0.5776666666666668,26.94133333333333,0.0,2026-10-04
GCBD4178,-8.725,115.625,2.2,0.0,3.88,0.5676666666666665,27.351,0.0,2026-10-04
GCBD15504,-8.725,115.925,1.5,0.0,1.41,0.37999999999999995,27.254333333333328,0.0,2026-10-04
GCBD9855,-8.725,115.925,1.9,0.0,1.41,0.37999999999999995,27.254333333333328,0.0,2026-10-04
GCBD3861,-8.725,115.275,2.0,0.0,0.0,0.6343333333333333,26.811666666666667,0.0,2026-10-04
GCBD15505,-8.725,115.575,2.4,0.0,3.39,0.5760000000000002,27.292000000000005,0.0,2026-10-04
GCBD4200,-8.675,115.475,1.9,0.0,2.42,0.571,27.15966666666666,0.0,2026-10-04
GCBD15506,-8.675,115.575,1.3,0.0,3.34,0.5443333333333334,27.331000000000007,0.0,2026-10-04
GCBD15507,-8.675,115.475,1.5,0.0,2.42,0.571,27.15966666666666,0.0,2026-10-04
GCBD15508,-8.675,115.475,1.6,0.0,2.42,0.571,27.15966666666666,0.0,2026-10-04
GCBD3862,-8.675,115.475,1.2,0.0,2.42,0.571,27.15966666666666,0.0,2026-10-04
GCBD3863,-8.675,115.275,0.3,0.0,0.15,0.6143333333333334,26.889999999999993,0.0,2026-10-04
GCBD15509,-8.675,115.525,0.4,0.0,3.11,0.5559999999999999,27.263666666666666,0.0,2026-10-04
GCBD15510,-8.675,115.525,0.6,0.0,3.11,0.5559999999999999,27.263666666666666,0.0,2026-10-04
GCBD15511,-8.675,115.525,0.2,0.0,3.11,0.5559999999999999,27.263666666666666,0.0,2026-10-04
GCBD15512,-8.675,115.425,1.6,0.0,1.54,0.6023333333333334,27.083666666666662,0.0,2026-10-04
GCBD15513,-8.675,115.525,0.8,0.0,3.11,0.5559999999999999,27.263666666666666,0.0,2026-10-04
GCBD15514,-8.675,115.425,1.6,0.0,1.54,0.6023333333333334,27.083666666666662,0.0,2026-10-04
GCBD15515,-8.675,115.425,1.6,0.0,1.54,0.6023333333333334,27.083666666666662,0.0,2026-10-04
GCBD15516,-8.675,115.425,1.6,0.0,1.54,0.6023333333333334,27.083666666666662,0.0,2026-10-04
GCBD15437,-8.675,115.525,0.6,0.0,3.11,0.5559999999999999,27.263666666666666,0.0,2026-10-04
GCBD15438,-8.675,115.425,1.6,0.0,1.54,0.6023333333333334,27.083666666666662,0.0,2026-10-04
GCBD15439,-8.675,115.525,0.9,0.0,3.11,0.5559999999999999,27.263666666666666,0.0,2026-10-04
GCBD4201,-8.675,115.425,2.0,0.0,1.54,0.6023333333333334,27.083666666666662,0.0,2026-10-04
GCBD15440,-8.675,115.525,1.2,0.0,3.11,0.5559999999999999,27.263666666666666,0.0,2026-10-04
GCBD4202,-8.675,115.425,1.8,0.0,1.54,0.6023333333333334,27.083666666666662,0.0,2026-10-04
GCBD15441,-8.675,115.525,2.4,0.0,3.11,0.5559999999999999,27.263666666666666,0.0,2026-10-04
GCBD3850,-8.675,115.475,1.3,0.0,2.42,0.571,27.15966666666666,0.0,2026-10-04
GCBD15442,-8.675,115.475,1.4,0.0,2.42,0.571,27.15966666666666,0.0,2026-10-04
GCBD4179,-8.675,115.475,3.1,0.0,2.42,0.571,27.15966666666666,0.0,2026-10-04
GCBD3864,-8.625,115.475,1.2,0.0,2.24,0.527,27.192333333333337,0.0,2026-10-04
GCBD3866,-8.525,115.525,1.5,0.0,1.48,0.37800000000000006,27.26566666666666,0.0,2026-10-04
GCBD3867,-8.525,115.525,1.4,0.0,1.48,0.37800000000000006,27.26566666666666,0.0,2026-10-04
GCBD3873,-8.425,115.825,1.8,0.0,3.19,0.331,27.668,0.0,2026-10-04
GCBD15447,-8.375,115.725,2.9,0.0,2.8000000000000003,0.32566666666666666,27.73166666666667,0.0,2026-10-04
GCBD4172,-8.375,115.725,2.6,0.0,2.8000000000000003,0.32566666666666666,27.73166666666667,0.0,2026-10-04
GCBD15452,-8.375,115.675,2.9,0.0,3.08,0.3373333333333334,27.753333333333334,0.0,2026-10-04
GCBD3884,-8.325,115.675,2.1,0.0,3.22,0.297,27.795,0.0,2026-10-04
GCBD3885,-8.325,115.675,2.1,0.0,3.22,0.297,27.795,0.0,2026-10-04
GCBD15518,-8.325,115.675,2.2,0.0,3.22,0.297,27.795,0.0,2026-10-04
GCBD3887,-8.325,115.675,2.9,0.0,3.22,0.297,27.795,0.0,2026-10-04
GCBD4222,-8.325,115.675,2.6,0.0,3.22,0.297,27.795,0.0,2026-10-04
GCBD3888,-8.325,115.675,2.4,0.0,3.22,0.297,27.795,0.0,2026-10-04
GCBD3854,-8.325,115.625,2.9,0.0,2.9,0.28099999999999997,27.819000000000003,0.0,2026-10-04
GCBD3891,-8.275,115.625,2.6,0.0,2.75,0.25133333333333335,27.84,0.0,2026-10-04
GCBD3892,-8.275,115.625,2.7,0.0,2.75,0.25133333333333335,27.84,0.0,2026-10-04
GCBD3893,-8.275,115.575,2.7,0.0,2.31,0.2406666666666667,27.861666666666665,0.0,2026-10-04
GCBD3894,-8.275,115.575,2.6,0.0,2.31,0.2406666666666667,27.861666666666665,0.0,2026-10-04
GCBD4224,-8.275,115.575,2.2,0.0,2.31,0.2406666666666667,27.861666666666665,0.0,2026-10-04
GCBD3895,-8.275,115.575,2.2,0.0,2.31,0.2406666666666667,27.861666666666665,0.0,2026-10-04
GCBD3896,-8.275,115.575,2.3,0.0,2.31,0.2406666666666667,27.861666666666665,0.0,2026-10-04
GCBD3897,-8.275,115.575,2.1,0.0,2.31,0.2406666666666667,27.861666666666665,0.0,2026-10-04
GCBD3898,-8.275,115.575,1.9,0.0,2.31,0.2406666666666667,27.861666666666665,0.0,2026-10-04
GCBD3900,-8.275,115.575,2.0,0.0,2.31,0.2406666666666667,27.861666666666665,0.0,2026-10-04
GCBD4225,-8.275,115.675,3.8,0.0,2.9,0.24966666666666668,27.814999999999994,0.0,2026-10-04
GCBD15519,-8.175,115.425,2.5,0.0,1.2,0.1906666666666667,27.95433333333333,0.0,2026-10-04
GCBD4156,-8.175,115.025,2.6,0.0,3.3000000000000003,0.3553333333333333,28.02733333333333,0.0,2026-10-04
GCBD3902,-8.125,114.675,1.9,0.0,3.47,0.49100000000000005,28.046333333333333,0.0,2026-10-04
GCBD4189,-8.125,114.425,2.3,0.0,0.76,0.223,27.394333333333332,0.0,2026-10-04
GCBD4226,-8.125,115.375,2.8,0.0,0.75,0.196,27.981999999999992,0.0,2026-10-04
GCBD3903,-8.125,115.375,2.5,0.0,0.75,0.196,27.981999999999992,0.0,2026-10-04
GCBD15520,-8.125,115.375,1.1,0.0,0.75,0.196,27.981999999999992,0.0,2026-10-04
GCBD4227,-8.125,115.375,2.0,0.0,0.75,0.196,27.981999999999992,0.0,2026-10-04
GCBD15521,-8.125,115.375,2.4,0.0,0.75,0.196,27.981999999999992,0.0,2026-10-04
GCBD3904,-8.125,115.375,2.4,0.0,0.75,0.196,27.981999999999992,0.0,2026-10-04
GCBD4228,-8.125,115.375,2.5,0.0,0.75,0.196,27.981999999999992,0.0,2026-10-04
GCBD4157,-8.125,114.625,2.2,0.0,3.62,0.46266666666666667,27.995666666666672,0.0,2026-10-04
GCBD4169,-8.125,114.625,0.8,0.0,3.62,0.46266666666666667,27.995666666666672,0.0,2026-10-04
GCBD4171,-8.125,115.325,2.6,0.0,0.74,0.18466666666666667,27.981999999999996,0.0,2026-10-04
GCBD4229,-8.125,115.325,1.4,0.0,0.74,0.18466666666666667,27.981999999999996,0.0,2026-10-04
GCBD4230,-8.125,115.325,1.5,0.0,0.74,0.18466666666666667,27.981999999999996,0.0,2026-10-04
GCBD3905,-8.125,115.325,2.0,0.0,0.74,0.18466666666666667,27.981999999999996,0.0,2026-10-04
GCBD4231,-8.125,115.325,2.1,0.0,0.74,0.18466666666666667,27.981999999999996,0.0,2026-10-04
GCBD4232,-8.125,115.325,2.3,0.0,0.74,0.18466666666666667,27.981999999999996,0.0,2026-10-04
GCBD4176,-8.125,115.075,3.1,0.0,2.97,0.3070000000000001,28.023,0.0,2026-10-04
GCBD3855,-8.075,114.925,3.9,0.0,3.93,0.3833333333333334,28.081333333333326,0.0,2026-10-04
GCBD3906,-8.075,114.525,2.5,0.0,3.23,0.37100000000000005,27.862000000000002,0.0,2026-10-04
GCBD3907,-8.075,114.525,3.3,0.0,3.23,0.37100000000000005,27.862000000000002,0.0,2026-10-04
GCBD3908,-8.075,115.275,2.1,0.0,0.74,0.2056666666666667,28.013333333333332,0.0,2026-10-04
GCBD3909,-8.075,114.475,3.2,0.0,2.46,0.2993333333333333,27.730333333333338,0.0,2026-10-04
GCBD4186,-8.075,114.425,2.1,0.0,1.79,0.25366666666666665,27.604666666666663,0.0,2026-10-04
GCBD3910,-8.075,114.475,3.2,0.0,2.46,0.2993333333333333,27.730333333333338,0.0,2026-10-04
GCBD15443,-8.575,119.625,2.0,0.0,0.6,0.28533333333333327,27.084333333333333,0.0,2026-10-04
GCBD3865,-8.575,119.825,1.8,0.0,1.05,0.4900000000000001,27.395000000000003,0.0,2026-10-04
GCBD15444,-8.525,119.625,3.2,0.0,1.1,0.324,27.282666666666668,0.0,2026-10-04
GCBD15445,-8.525,119.625,2.2,0.0,1.1,0.324,27.282666666666668,0.0,2026-10-04
GCBD3868,-8.525,119.825,0.4,0.0,1.65,0.4753333333333334,27.56033333333334,0.0,2026-10-04
GCBD4203,-8.525,119.725,3.0,0.0,1.51,0.38166666666666665,27.389,0.0,2026-10-04
GCBD3870,-8.475,119.825,1.3,0.0,1.53,0.41700000000000004,27.644333333333336,0.0,2026-10-04
GCBD4210,-8.425,119.875,2.1,0.0,1.08,0.35633333333333334,27.755,0.0,2026-10-04
GCBD4211,-8.375,119.775,3.2,0.0,1.37,0.19800000000000004,27.652,0.0,2026-10-04
GCBD9853,-8.725,116.025,0.7,0.0,1.24,0.426,27.275,0.0,2026-10-04
GCBD3859,-8.725,116.775,0.9,0.0,0.0,-0.08600000000000001,26.624666666666666,0.0,2026-10-04
GCBD9854,-8.725,116.025,2.3,0.0,1.24,0.426,27.275,0.0,2026-10-04
GCBD3860,-8.725,116.775,1.3,0.0,0.0,-0.08600000000000001,26.624666666666666,0.0,2026-10-04
GCBD4204,-8.525,116.875,2.6,0.0,2.2,0.07266666666666668,27.34499999999999,0.0,2026-10-04
GCBD4205,-8.475,116.875,2.4,0.0,2.54,0.06433333333333334,27.396999999999995,0.0,2026-10-04
GCBD3869,-8.475,116.875,2.3,0.0,2.54,0.06433333333333334,27.396999999999995,0.0,2026-10-04
GCBD4206,-8.475,116.875,2.2,0.0,2.54,0.06433333333333334,27.396999999999995,0.0,2026-10-04
GCBD3871,-8.475,116.875,0.7,0.0,2.54,0.06433333333333334,27.396999999999995,0.0,2026-10-04
GCBD3872,-8.475,116.825,2.2,0.0,2.87,0.08233333333333333,27.394666666666662,0.0,2026-10-04
GCBD3874,-8.425,116.925,1.2,0.0,2.83,0.018666666666666668,27.434666666666672,0.0,2026-10-04
GCBD3928,-8.375,116.025,2.9,0.0,2.2,0.14333333333333337,27.583333333333332,0.0,2026-10-04
GCBD4180,-8.375,116.075,1.0,0.0,1.72,0.09133333333333334,27.562333333333335,0.0,2026-10-04
GCBD15446,-8.375,116.075,1.5,0.0,1.72,0.09133333333333334,27.562333333333335,0.0,2026-10-04
GCBD4066,-8.375,116.075,1.9,0.0,1.72,0.09133333333333334,27.562333333333335,0.0,2026-10-04
GCBD3875,-8.375,116.025,1.6,0.0,2.2,0.14333333333333337,27.583333333333332,0.0,2026-10-04
GCBD4212,-8.375,116.025,1.5,0.0,2.2,0.14333333333333337,27.583333333333332,0.0,2026-10-04
GCBD4213,-8.375,116.025,1.6,0.0,2.2,0.14333333333333337,27.583333333333332,0.0,2026-10-04
GCBD4214,-8.375,116.075,2.8,0.0,1.72,0.09133333333333334,27.562333333333335,0.0,2026-10-04
GCBD15448,-8.375,116.125,1.8,0.0,1.42,0.041,27.55333333333333,0.0,2026-10-04
GCBD3877,-8.375,116.025,2.7,0.0,2.2,0.14333333333333337,27.583333333333332,0.0,2026-10-04
GCBD3878,-8.375,116.075,2.7,0.0,1.72,0.09133333333333334,27.562333333333335,0.0,2026-10-04
GCBD4215,-8.375,116.075,3.4,0.0,1.72,0.09133333333333334,27.562333333333335,0.0,2026-10-04
GCBD4181,-8.375,116.025,2.5,0.0,2.2,0.14333333333333337,27.583333333333332,0.0,2026-10-04
GCBD15449,-8.375,116.075,3.0,0.0,1.72,0.09133333333333334,27.562333333333335,0.0,2026-10-04
GCBD15450,-8.375,116.075,3.1,0.0,1.72,0.09133333333333334,27.562333333333335,0.0,2026-10-04
GCBD3879,-8.375,116.075,3.8,0.0,1.72,0.09133333333333334,27.562333333333335,0.0,2026-10-04
GCBD15451,-8.375,116.075,3.1,0.0,1.72,0.09133333333333334,27.562333333333335,0.0,2026-10-04
GCBD15453,-8.325,116.025,3.4,0.0,2.18,0.11133333333333334,27.621,0.0,2026-10-04
GCBD4216,-8.325,116.075,2.9,0.0,1.87,0.063,27.595999999999997,0.0,2026-10-04
GCBD15454,-8.325,116.075,3.7,0.0,1.87,0.063,27.595999999999997,0.0,2026-10-04
GCBD15455,-8.325,116.075,2.8,0.0,1.87,0.063,27.595999999999997,0.0,2026-10-04
GCBD15456,-8.325,116.075,3.7,0.0,1.87,0.063,27.595999999999997,0.0,2026-10-04
GCBD3880,-8.325,116.025,3.0,0.0,2.18,0.11133333333333334,27.621,0.0,2026-10-04
GCBD4217,-8.325,116.075,2.4,0.0,1.87,0.063,27.595999999999997,0.0,2026-10-04
GCBD4218,-8.325,116.025,2.2,0.0,2.18,0.11133333333333334,27.621,0.0,2026-10-04
GCBD15457,-8.325,116.075,2.5,0.0,1.87,0.063,27.595999999999997,0.0,2026-10-04
GCBD4182,-8.325,116.075,2.6,0.0,1.87,0.063,27.595999999999997,0.0,2026-10-04
GCBD3881,-8.325,116.025,2.1,0.0,2.18,0.11133333333333334,27.621,0.0,2026-10-04
GCBD15458,-8.325,116.075,3.4,0.0,1.87,0.063,27.595999999999997,0.0,2026-10-04
GCBD15459,-8.325,116.025,2.0,0.0,2.18,0.11133333333333334,27.621,0.0,2026-10-04
GCBD3882,-8.325,116.075,2.2,0.0,1.87,0.063,27.595999999999997,0.0,2026-10-04
GCBD15460,-8.325,116.075,2.4,0.0,1.87,0.063,27.595999999999997,0.0,2026-10-04
GCBD3883,-8.325,116.075,3.1,0.0,1.87,0.063,27.595999999999997,0.0,2026-10-04
GCBD4219,-8.325,116.025,1.8,0.0,2.18,0.11133333333333334,27.621,0.0,2026-10-04
GCBD4220,-8.325,116.025,2.6,0.0,2.18,0.11133333333333334,27.621,0.0,2026-10-04
GCBD15461,-8.325,116.025,1.7,0.0,2.18,0.11133333333333334,27.621,0.0,2026-10-04
GCBD15462,-8.325,116.025,1.7,0.0,2.18,0.11133333333333334,27.621,0.0,2026-10-04
GCBD3886,-8.325,116.025,2.0,0.0,2.18,0.11133333333333334,27.621,0.0,2026-10-04
GCBD9856,-8.325,116.725,1.4,0.0,2.58,-0.07466666666666667,27.537333333333333,0.0,2026-10-04
GCBD4221,-8.325,116.025,1.9,0.0,2.18,0.11133333333333334,27.621,0.0,2026-10-04
GCBD15463,-8.325,116.025,2.0,0.0,2.18,0.11133333333333334,27.621,0.0,2026-10-04
GCBD15517,-8.325,116.025,2.1,0.0,2.18,0.11133333333333334,27.621,0.0,2026-10-04
GCBD3940,-8.325,116.075,1.7,0.0,1.87,0.063,27.595999999999997,0.0,2026-10-04
GCBD9857,-8.325,116.725,2.4,0.0,2.58,-0.07466666666666667,27.537333333333333,0.0,2026-10-04
GCBD3889,-8.325,116.725,3.2,0.0,2.58,-0.07466666666666667,27.537333333333333,0.0,2026-10-04
GCBD4223,-8.325,116.125,2.7,0.0,1.72,0.026000000000000002,27.582333333333334,0.0,2026-10-04
GCBD9858,-8.275,116.675,2.9,0.0,1.92,-0.1416666666666667,27.55533333333333,0.0,2026-10-04
GCBD9859,-8.275,116.725,2.8,0.0,2.39,-0.13100000000000003,27.545999999999996,0.0,2026-10-04
GCBD3890,-8.275,116.725,2.8,0.0,2.39,-0.13100000000000003,27.545999999999996,0.0,2026-10-04
GCBD3899,-8.275,117.475,1.3,0.0,1.06,0.1673333333333334,27.682,0.0,2026-10-04
GCBD4175,-8.275,116.675,2.1,0.0,1.92,-0.1416666666666667,27.55533333333333,0.0,2026-10-04
GCBD3901,-8.275,116.025,3.1,0.0,2.33,0.08500000000000002,27.656,0.0,2026-10-04
GCBD4168,-10.175,123.575,3.4,0.0,0.0,-0.105,26.986333333333327,0.0,2026-10-04
GCBD3858,-10.075,123.725,3.0,0.0,0.0,0.13099999999999998,27.240999999999996,0.0,2026-10-04
GCBD2830,-8.275,125.625,1.9,0.0,0.0,-0.6313333333333334,26.93566666666667,0.0,2026-10-04
GCBD2831,-8.225,125.625,2.1,0.0,0.0,-0.62,26.95966666666667,0.0,2026-10-04
GCBD2832,-8.225,125.625,2.1,0.0,0.0,-0.62,26.95966666666667,0.0,2026-10-04
GCBD2833,-8.225,125.625,1.6,0.0,0.0,-0.62,26.95966666666667,0.0,2026-10-04
GCBD2834,-8.225,125.625,0.7,0.0,0.0,-0.62,26.95966666666667,0.0,2026-10-04
GCBD2837,-8.225,125.625,2.8,0.0,0.0,-0.62,26.95966666666667,0.0,2026-10-04
GCBD2838,-8.175,125.625,1.9,0.0,0.0,-0.6106666666666667,26.998000000000005,0.0,2026-10-04
GCBD2839,-8.175,125.625,2.2,0.0,0.0,-0.6106666666666667,26.998000000000005,0.0,2026-10-04
GCBD2835,-8.125,125.625,3.1,0.0,0.0,-0.5840000000000001,27.042666666666662,0.0,2026-10-04
GCBD2840,-8.125,125.625,2.3,0.0,0.0,-0.5840000000000001,27.042666666666662,0.0,2026-10-04
GCBD4135,0.825,96.975,2.9,0.29,1.85,1.563,29.998666666666665,1.0,2026-10-04
GCBD4341,0.875,97.375,0.3,0.0,0.15,1.3446666666666667,29.910333333333334,1.0,2026-10-04
GCBD4342,0.925,97.425,1.2,0.0,0.16,1.3370000000000002,29.913333333333334,1.0,2026-10-04
GCBD4343,1.425,97.175,1.6,0.0,1.11,1.5483333333333333,30.01933333333334,1.0,2026-10-04
GCBD4344,1.425,97.625,2.2,0.31,2.46,1.6,30.227666666666664,1.0,2026-10-04
GCBD4345,1.425,97.175,1.4,0.0,1.11,1.5483333333333333,30.01933333333334,1.0,2026-10-04
GCBD7832,1.225,103.825,1.4,0.0,0.74,0.8536666666666669,29.788000000000004,0.0,2026-10-04
GCBD7833,1.275,103.875,1.3,0.0,0.88,0.8336666666666667,29.753333333333337,0.0,2026-10-04
GCBD4150,1.625,98.575,3.1,2.54,3.83,1.78,30.456666666666667,1.0,2026-10-04
GCBD4347,1.675,98.475,2.8,2.38,3.54,1.7873333333333332,30.455000000000005,1.0,2026-10-04
GCBD4348,1.675,98.775,0.6,2.54,4.8100000000000005,1.7443333333333333,30.444,1.0,2026-10-04
GCBD4349,1.725,98.475,2.1,2.28,3.72,1.7906666666666669,30.467333333333336,1.0,2026-10-04
GCBD4151,1.725,98.775,1.9,2.7,4.96,1.7409999999999999,30.447333333333336,1.0,2026-10-04
GCBD4153,1.975,98.325,2.6,2.1,3.29,1.7926666666666666,30.463333333333342,1.0,2026-10-04
GCBD4187,1.025,104.775,3.2,0.0,0.94,0.5319999999999999,29.303333333333338,0.0,2026-10-04
GCBD4188,1.075,104.725,3.2,0.0,1.09,0.5606666666666666,29.330666666666662,0.0,2026-10-04
GCBD4137,1.175,104.325,1.3,0.0,0.3,0.6573333333333334,29.519999999999996,0.0,2026-10-04
GCBD4138,1.175,104.525,2.7,0.0,0.61,0.6273333333333334,29.432000000000006,0.0,2026-10-04
GCBD4139,1.225,104.375,3.2,0.0,0.59,0.6366666666666667,29.482999999999997,0.0,2026-10-04
GCBD4140,1.225,104.525,1.8,0.0,0.76,0.6156666666666666,29.420666666666662,0.0,2026-10-04
GCBD4141,1.225,104.525,1.9,0.0,0.76,0.6156666666666666,29.420666666666662,0.0,2026-10-04
GCBD4142,1.225,104.575,1.6,0.0,0.78,0.5966666666666668,29.386999999999997,0.0,2026-10-04
GCBD4143,1.225,104.575,1.7,0.0,0.78,0.5966666666666668,29.386999999999997,0.0,2026-10-04
GCBD4144,1.225,104.575,2.5,0.0,0.78,0.5966666666666668,29.386999999999997,0.0,2026-10-04
GCBD5832,1.875,109.775,1.7,0.0,0.0,0.76,30.021,1.0,2026-10-04
GCBD5833,1.875,109.775,2.2,0.0,0.0,0.76,30.021,1.0,2026-10-04
GCBD5834,1.875,109.775,2.4,0.0,0.0,0.76,30.021,1.0,2026-10-04
GCBD5835,1.925,109.775,1.0,0.0,0.0,0.776,30.030000000000005,1.0,2026-10-04
GCBD5836,1.925,109.775,1.0,0.0,0.0,0.776,30.030000000000005,1.0,2026-10-04
GCBD5827,1.725,110.075,1.3,0.0,0.15,0.8520000000000001,30.06633333333333,0.0,2026-10-04
GCBD5828,1.725,110.075,1.7,0.0,0.15,0.8520000000000001,30.06633333333333,0.0,2026-10-04
GCBD5829,1.775,110.175,1.2,0.3,0.3,0.912,30.105333333333327,1.0,2026-10-04
GCBD5830,1.775,110.175,2.3,0.3,0.3,0.912,30.105333333333327,1.0,2026-10-04
GCBD5831,1.775,110.175,2.0,0.3,0.3,0.912,30.105333333333327,1.0,2026-10-04
GCBD4191,1.125,122.325,3.2,0.0,2.92,0.30400000000000005,29.405666666666672,1.0,2026-10-04
GCBD4338,0.025,119.875,2.1,0.0,0.15,0.3646666666666667,29.26966666666667,1.0,2026-10-04
GCBD4128,0.075,119.625,1.1,0.0,1.06,0.5953333333333333,29.46933333333333,1.0,2026-10-04
GCBD4129,0.075,119.625,1.8,0.0,1.06,0.5953333333333333,29.46933333333333,1.0,2026-10-04
GCBD4130,0.075,119.625,1.8,0.0,1.06,0.5953333333333333,29.46933333333333,1.0,2026-10-04
GCBD4339,0.075,119.875,2.5,0.0,0.15,0.39833333333333343,29.293999999999997,1.0,2026-10-04
GCBD4131,0.075,119.625,2.5,0.0,1.06,0.5953333333333333,29.46933333333333,1.0,2026-10-04
GCBD4132,0.075,119.625,2.6,0.0,1.06,0.5953333333333333,29.46933333333333,1.0,2026-10-04
GCBD4133,0.125,119.825,2.5,0.0,0.15,0.44466666666666665,29.32033333333333,1.0,2026-10-04
GCBD4134,0.175,119.775,3.9,0.0,0.16,0.5076666666666667,29.365000000000002,1.0,2026-10-04
GCBD4167,0.775,120.125,1.8,0.14,1.14,0.8053333333333333,29.759666666666664,1.0,2026-10-04
GCBD4145,1.425,124.625,3.4,0.0,0.31,-0.16066666666666668,28.805333333333337,0.0,2026-10-04
GCBD4146,1.525,125.275,3.0,0.0,0.0,-1.0296666666666667,26.91866666666667,0.0,2026-10-04
GCBD4147,1.575,124.825,3.5,0.0,0.0,-0.3733333333333334,28.563,0.0,2026-10-04
GCBD4148,1.575,124.825,3.3,0.0,0.0,-0.3733333333333334,28.563,0.0,2026-10-04
GCBD4149,1.625,124.725,2.5,0.0,0.14,-0.24699999999999997,28.766333333333332,0.0,2026-10-04
GCBD4193,1.625,124.725,1.3,0.0,0.14,-0.24699999999999997,28.766333333333332,0.0,2026-10-04
GCBD4346,1.625,124.875,0.2,0.0,0.0,-0.3793333333333333,28.552333333333333,0.0,2026-10-04
GCBD4192,1.625,124.775,1.3,0.0,0.0,-0.3360000000000001,28.649,0.0,2026-10-04
GCBD4350,1.725,125.175,2.9,0.0,0.0,-0.5626666666666666,27.911333333333335,0.0,2026-10-04
GCBD4351,1.725,125.125,2.7,0.0,0.0,-0.6116666666666667,27.955333333333332,0.0,2026-10-04
GCBD4352,1.775,125.125,2.8,0.0,0.0,-0.45833333333333337,28.167333333333332,0.0,2026-10-04
GCBD4353,1.775,125.025,2.5,0.0,0.0,-0.36466666666666664,28.422333333333334,0.0,2026-10-04
GCBD4354,1.775,125.025,2.6,0.0,0.0,-0.36466666666666664,28.422333333333334,0.0,2026-10-04
GCBD4355,1.775,125.125,1.9,0.0,0.0,-0.45833333333333337,28.167333333333332,0.0,2026-10-04
GCBD4152,1.825,125.125,0.5,0.0,0.0,-0.27133333333333337,28.419999999999998,0.0,2026-10-04
GCBD4356,1.825,125.075,3.5,0.0,0.0,-0.2426666666666667,28.516000000000002,0.0,2026-10-04
GCBD4340,0.175,130.025,1.3,0.0,0.66,0.11466666666666667,28.718666666666667,0.0,2026-10-04
GCBD7786,20.125,40.225,2.7,7.34,7.34,1.7986666666666664,32.611333333333334,3.0,2026-10-04
GCBD7787,21.625,39.075,3.4,3.0,3.0,1.1520000000000001,31.572333333333336,1.0,2026-10-04
GCBD6878,20.275,58.425,1.2,0.0,4.33,0.636,25.907666666666668,0.0,2026-10-04
GCBD6884,20.375,58.825,2.0,0.0,0.15,-1.3196666666666663,24.07266666666667,0.0,2026-10-04
GCBD1373,20.625,92.325,1.3,0.16,5.5600000000000005,1.1730000000000003,29.697999999999997,1.0,2026-10-04
GCBD1374,20.625,92.325,0.7,0.16,5.5600000000000005,1.1730000000000003,29.697999999999997,1.0,2026-10-04
GCBD7978,21.925,120.725,2.1,0.0,0.44,0.7166666666666667,29.06233333333333,1.0,2026-10-04
GCBD7979,21.925,120.725,2.3,0.0,0.44,0.7166666666666667,29.06233333333333,1.0,2026-10-04
GCBD7980,21.925,121.775,2.9,0.0,0.17,0.7503333333333335,29.041666666666668,1.0,2026-10-04
GCBD7981,21.975,120.725,2.5,0.0,0.15,0.6963333333333332,29.054666666666666,1.0,2026-10-04
GCBD7982,21.975,121.725,2.6,0.0,0.16,0.7099999999999999,28.99566666666667,1.0,2026-10-04
GCBD9769,20.725,107.075,2.3,3.9,8.55,0.7889999999999999,29.71833333333333,1.0,2026-10-04
GCBD9770,20.775,107.125,3.2,3.99,8.61,0.8059999999999998,29.747333333333337,1.0,2026-10-04
GCBD9771,20.775,107.125,1.9,3.99,8.61,0.8059999999999998,29.747333333333337,1.0,2026-10-04
GCBD9772,20.825,107.125,2.5,4.92,10.19,0.8686666666666667,29.772333333333332,1.0,2026-10-04
GCBD9773,20.825,107.175,2.1,4.18,9.31,0.8520000000000001,29.788999999999998,1.0,2026-10-04
GCBD9774,20.825,107.175,2.3,4.18,9.31,0.8520000000000001,29.788999999999998,1.0,2026-10-04
GCBD9775,20.975,107.575,1.5,2.23,3.93,0.9176666666666667,29.629666666666665,1.0,2026-10-04
GCBD9685,21.025,107.575,1.9,2.31,4.24,0.9986666666666667,29.673666666666673,1.0,2026-10-04
GCBD9686,21.075,107.575,1.6,2.41,5.22,1.059,29.71533333333333,1.0,2026-10-04
GCBD9776,21.125,107.625,2.4,1.84,4.3500000000000005,1.1,29.764999999999993,1.0,2026-10-04
GCBD9831,22.175,38.875,3.8,2.65,2.65,1.306,31.711000000000006,1.0,2026-10-04
GCBD7782,22.625,38.825,2.9,2.76,2.76,1.189,31.607333333333333,1.0,2026-10-04
GCBD7788,23.075,38.775,2.7,3.97,3.97,1.2523333333333335,31.503999999999998,2.0,2026-10-04
GCBD3805,22.575,69.325,2.0,0.0,3.25,0.5236666666666666,28.27433333333333,0.0,2026-10-04
GCBD3795,,,,,,,,,
GCBD6885,22.675,59.375,1.9,3.43,3.58,2.4036666666666666,30.794999999999998,2.0,2026-10-04
GCBD6886,23.525,58.725,2.2,0.32,1.97,1.8579999999999999,31.162666666666667,1.0,2026-10-04
GCBD6887,23.625,58.475,3.4,0.0,2.44,1.5509999999999997,30.91466666666667,1.0,2026-10-04
GCBD6888,23.675,58.525,2.4,0.0,2.12,1.7650000000000001,31.196666666666673,1.0,2026-10-04
GCBD6889,23.675,58.475,2.6,0.0,2.03,1.6433333333333338,31.08366666666667,1.0,2026-10-04
GCBD6877,23.875,58.075,3.2,0.36,3.1,1.5286666666666666,31.50133333333333,1.0,2026-10-04
GCBD2078,22.275,114.325,2.8,2.76,2.78,1.3019999999999998,28.798,2.0,2026-10-04
GCBD2109,22.275,114.375,3.1,2.65,2.68,1.2526666666666666,28.776999999999997,2.0,2026-10-04
GCBD2110,22.275,114.375,3.0,2.65,2.68,1.2526666666666666,28.776999999999997,2.0,2026-10-04
GCBD2111,22.275,114.325,2.8,2.76,2.78,1.3019999999999998,28.798,2.0,2026-10-04
GCBD2079,22.275,114.325,2.4,2.76,2.78,1.3019999999999998,28.798,2.0,2026-10-04
GCBD2080,22.325,114.325,2.7,3.65,3.69,1.3986666666666667,28.899666666666672,2.0,2026-10-04
GCBD2112,22.325,114.375,2.1,3.51,3.5500000000000003,1.3219999999999998,28.854,2.0,2026-10-04
GCBD2081,22.325,114.375,2.1,3.51,3.5500000000000003,1.3219999999999998,28.854,2.0,2026-10-04
GCBD2082,22.325,114.275,2.3,3.98,4.0200000000000005,1.4683333333333333,28.948333333333334,2.0,2026-10-04
GCBD2083,22.325,114.275,1.9,3.98,4.0200000000000005,1.4683333333333333,28.948333333333334,2.0,2026-10-04
GCBD2084,22.325,114.275,2.0,3.98,4.0200000000000005,1.4683333333333333,28.948333333333334,2.0,2026-10-04
GCBD2113,22.325,114.375,1.8,3.51,3.5500000000000003,1.3219999999999998,28.854,2.0,2026-10-04
GCBD2114,22.325,114.275,2.8,3.98,4.0200000000000005,1.4683333333333333,28.948333333333334,2.0,2026-10-04
GCBD2115,22.375,114.375,3.6,3.75,3.83,1.4116666666666666,28.954333333333334,2.0,2026-10-04
GCBD2085,22.375,114.375,2.6,3.75,3.83,1.4116666666666666,28.954333333333334,2.0,2026-10-04
GCBD2116,22.375,114.375,2.7,3.75,3.83,1.4116666666666666,28.954333333333334,2.0,2026-10-04
GCBD2086,22.375,114.375,3.7,3.75,3.83,1.4116666666666666,28.954333333333334,2.0,2026-10-04
GCBD2117,22.375,114.375,2.4,3.75,3.83,1.4116666666666666,28.954333333333334,2.0,2026-10-04
GCBD2118,22.375,114.375,2.5,3.75,3.83,1.4116666666666666,28.954333333333334,2.0,2026-10-04
GCBD2119,22.375,114.275,3.1,4.53,4.61,1.603333333333333,29.094999999999995,3.0,2026-10-04
GCBD2120,22.375,114.275,3.1,4.53,4.61,1.603333333333333,29.094999999999995,3.0,2026-10-04
GCBD2121,22.375,114.275,2.8,4.53,4.61,1.603333333333333,29.094999999999995,3.0,2026-10-04
GCBD2087,22.325,114.325,3.9,3.65,3.69,1.3986666666666667,28.899666666666672,2.0,2026-10-04
GCBD2122,22.375,114.275,2.6,4.53,4.61,1.603333333333333,29.094999999999995,3.0,2026-10-04
GCBD2123,22.325,114.325,4.0,3.65,3.69,1.3986666666666667,28.899666666666672,2.0,2026-10-04
GCBD2124,22.375,114.375,1.7,3.75,3.83,1.4116666666666666,28.954333333333334,2.0,2026-10-04
GCBD2125,22.375,114.275,2.7,4.53,4.61,1.603333333333333,29.094999999999995,3.0,2026-10-04
GCBD2126,22.375,114.275,1.4,4.53,4.61,1.603333333333333,29.094999999999995,3.0,2026-10-04
GCBD2127,22.375,114.275,2.2,4.53,4.61,1.603333333333333,29.094999999999995,3.0,2026-10-04
GCBD2128,22.375,114.375,2.6,3.75,3.83,1.4116666666666666,28.954333333333334,2.0,2026-10-04
GCBD2129,22.375,114.425,1.4,3.62,3.69,1.3516666666666663,28.916999999999998,2.0,2026-10-04
GCBD2130,22.375,114.275,2.0,4.53,4.61,1.603333333333333,29.094999999999995,3.0,2026-10-04
GCBD2131,22.375,114.275,2.4,4.53,4.61,1.603333333333333,29.094999999999995,3.0,2026-10-04
GCBD2088,22.375,114.275,1.9,4.53,4.61,1.603333333333333,29.094999999999995,3.0,2026-10-04
GCBD2132,22.375,114.275,3.1,4.53,4.61,1.603333333333333,29.094999999999995,3.0,2026-10-04
GCBD2133,22.375,114.375,1.4,3.75,3.83,1.4116666666666666,28.954333333333334,2.0,2026-10-04
GCBD2134,22.375,114.375,1.2,3.75,3.83,1.4116666666666666,28.954333333333334,2.0,2026-10-04
GCBD2089,22.375,114.375,1.0,3.75,3.83,1.4116666666666666,28.954333333333334,2.0,2026-10-04
GCBD2135,22.375,114.375,0.9,3.75,3.83,1.4116666666666666,28.954333333333334,2.0,2026-10-04
GCBD2136,22.375,114.375,0.7,3.75,3.83,1.4116666666666666,28.954333333333334,2.0,2026-10-04
GCBD2137,22.375,114.275,2.6,4.53,4.61,1.603333333333333,29.094999999999995,3.0,2026-10-04
GCBD2138,22.375,114.275,2.3,4.53,4.61,1.603333333333333,29.094999999999995,3.0,2026-10-04
GCBD2090,22.375,114.275,2.7,4.53,4.61,1.603333333333333,29.094999999999995,3.0,2026-10-04
GCBD2139,22.425,114.275,2.1,5.26,5.59,1.6819999999999997,29.190666666666665,3.0,2026-10-04
GCBD2140,22.475,114.325,1.8,5.22,5.6000000000000005,1.6793333333333333,29.229999999999997,3.0,2026-10-04
GCBD2141,22.475,114.325,1.4,5.22,5.6000000000000005,1.6793333333333333,29.229999999999997,3.0,2026-10-04
GCBD2091,22.475,114.325,1.1,5.22,5.6000000000000005,1.6793333333333333,29.229999999999997,3.0,2026-10-04
GCBD2092,22.475,114.325,0.8,5.22,5.6000000000000005,1.6793333333333333,29.229999999999997,3.0,2026-10-04
GCBD2142,22.475,114.325,0.7,5.22,5.6000000000000005,1.6793333333333333,29.229999999999997,3.0,2026-10-04
GCBD2143,22.475,114.325,1.4,5.22,5.6000000000000005,1.6793333333333333,29.229999999999997,3.0,2026-10-04
GCBD2144,22.475,114.325,0.6,5.22,5.6000000000000005,1.6793333333333333,29.229999999999997,3.0,2026-10-04
GCBD2145,22.475,114.325,0.2,5.22,5.6000000000000005,1.6793333333333333,29.229999999999997,3.0,2026-10-04
GCBD2146,22.475,114.325,0.3,5.22,5.6000000000000005,1.6793333333333333,29.229999999999997,3.0,2026-10-04
GCBD2093,22.475,114.325,1.0,5.22,5.6000000000000005,1.6793333333333333,29.229999999999997,3.0,2026-10-04
GCBD2094,22.525,114.375,3.2,5.09,5.51,1.6736666666666669,29.24899999999999,3.0,2026-10-04
GCBD2147,22.525,114.325,2.2,5.42,5.69,1.7203333333333333,29.279333333333334,3.0,2026-10-04
GCBD2095,22.525,114.325,2.0,5.42,5.69,1.7203333333333333,29.279333333333334,3.0,2026-10-04
GCBD2148,22.525,114.325,1.9,5.42,5.69,1.7203333333333333,29.279333333333334,3.0,2026-10-04
GCBD2149,22.525,114.325,1.7,5.42,5.69,1.7203333333333333,29.279333333333334,3.0,2026-10-04
GCBD2150,22.525,114.275,1.3,5.5,5.62,1.7576666666666665,29.30933333333333,3.0,2026-10-04
GCBD2096,22.525,114.325,1.0,5.42,5.69,1.7203333333333333,29.279333333333334,3.0,2026-10-04
GCBD2151,22.525,114.325,1.0,5.42,5.69,1.7203333333333333,29.279333333333334,3.0,2026-10-04
GCBD2152,22.525,114.325,1.0,5.42,5.69,1.7203333333333333,29.279333333333334,3.0,2026-10-04
GCBD2153,22.525,114.625,2.1,5.38,5.71,1.6073333333333335,29.186666666666664,3.0,2026-10-04
GCBD2154,22.525,114.275,1.0,5.5,5.62,1.7576666666666665,29.30933333333333,3.0,2026-10-04
GCBD2097,22.525,114.275,0.6,5.5,5.62,1.7576666666666665,29.30933333333333,3.0,2026-10-04
GCBD2155,22.525,114.275,0.4,5.5,5.62,1.7576666666666665,29.30933333333333,3.0,2026-10-04
GCBD2156,22.525,114.625,1.6,5.38,5.71,1.6073333333333335,29.186666666666664,3.0,2026-10-04
GCBD2157,22.525,114.275,0.8,5.5,5.62,1.7576666666666665,29.30933333333333,3.0,2026-10-04
GCBD2158,22.525,114.325,1.1,5.42,5.69,1.7203333333333333,29.279333333333334,3.0,2026-10-04
GCBD2098,22.525,114.325,1.2,5.42,5.69,1.7203333333333333,29.279333333333334,3.0,2026-10-04
GCBD2159,22.525,114.325,1.4,5.42,5.69,1.7203333333333333,29.279333333333334,3.0,2026-10-04
GCBD2160,22.525,114.325,1.3,5.42,5.69,1.7203333333333333,29.279333333333334,3.0,2026-10-04
GCBD2099,22.525,114.325,1.6,5.42,5.69,1.7203333333333333,29.279333333333334,3.0,2026-10-04
GCBD2161,22.525,114.325,1.6,5.42,5.69,1.7203333333333333,29.279333333333334,3.0,2026-10-04
GCBD2100,22.525,114.325,1.7,5.42,5.69,1.7203333333333333,29.279333333333334,3.0,2026-10-04
GCBD2162,22.525,114.275,1.5,5.5,5.62,1.7576666666666665,29.30933333333333,3.0,2026-10-04
GCBD2163,22.525,114.425,2.6,5.58,6.0200000000000005,1.6756666666666666,29.26533333333333,3.0,2026-10-04
GCBD2101,22.525,114.275,1.6,5.5,5.62,1.7576666666666665,29.30933333333333,3.0,2026-10-04
GCBD2102,22.525,114.275,1.8,5.5,5.62,1.7576666666666665,29.30933333333333,3.0,2026-10-04
GCBD2103,22.525,114.275,1.9,5.5,5.62,1.7576666666666665,29.30933333333333,3.0,2026-10-04
GCBD2104,22.525,114.425,2.4,5.58,6.0200000000000005,1.6756666666666666,29.26533333333333,3.0,2026-10-04
GCBD2164,22.525,114.425,2.5,5.58,6.0200000000000005,1.6756666666666666,29.26533333333333,3.0,2026-10-04
GCBD2165,22.525,114.425,2.3,5.58,6.0200000000000005,1.6756666666666666,29.26533333333333,3.0,2026-10-04
GCBD2166,22.525,114.425,2.4,5.58,6.0200000000000005,1.6756666666666666,29.26533333333333,3.0,2026-10-04
GCBD2105,22.525,114.425,2.4,5.58,6.0200000000000005,1.6756666666666666,29.26533333333333,3.0,2026-10-04
GCBD2167,22.525,114.425,2.4,5.58,6.0200000000000005,1.6756666666666666,29.26533333333333,3.0,2026-10-04
GCBD2168,22.525,114.425,2.5,5.58,6.0200000000000005,1.6756666666666666,29.26533333333333,3.0,2026-10-04
GCBD2106,22.525,114.425,2.7,5.58,6.0200000000000005,1.6756666666666666,29.26533333333333,3.0,2026-10-04
GCBD2169,22.575,114.325,3.0,5.66,5.94,1.7613333333333332,29.329333333333334,3.0,2026-10-04
GCBD2170,22.575,114.325,3.2,5.66,5.94,1.7613333333333332,29.329333333333334,3.0,2026-10-04
GCBD2107,22.575,114.325,3.4,5.66,5.94,1.7613333333333332,29.329333333333334,3.0,2026-10-04
GCBD2171,22.575,114.325,3.5,5.66,5.94,1.7613333333333332,29.329333333333334,3.0,2026-10-04
GCBD2108,22.575,114.325,3.5,5.66,5.94,1.7613333333333332,29.329333333333334,3.0,2026-10-04
GCBD2172,22.575,114.325,3.4,5.66,5.94,1.7613333333333332,29.329333333333334,3.0,2026-10-04
GCBD2173,22.575,114.325,3.3,5.66,5.94,1.7613333333333332,29.329333333333334,3.0,2026-10-04
GCBD15728,23.275,119.675,2.7,0.8200000000000001,1.53,0.7256666666666667,28.073333333333338,1.0,2026-10-04
GCBD8023,23.275,119.525,3.0,0.35,0.7000000000000001,0.4706666666666666,27.452333333333335,0.0,2026-10-04
GCBD8072,23.275,119.525,2.7,0.35,0.7000000000000001,0.4706666666666666,27.452333333333335,0.0,2026-10-04
GCBD8024,23.275,119.525,3.0,0.35,0.7000000000000001,0.4706666666666666,27.452333333333335,0.0,2026-10-04
GCBD8025,23.275,119.525,2.6,0.35,0.7000000000000001,0.4706666666666666,27.452333333333335,0.0,2026-10-04
GCBD8073,23.275,119.525,2.5,0.35,0.7000000000000001,0.4706666666666666,27.452333333333335,0.0,2026-10-04
GCBD8074,23.275,119.525,2.3,0.35,0.7000000000000001,0.4706666666666666,27.452333333333335,0.0,2026-10-04
GCBD8075,23.275,119.525,2.5,0.35,0.7000000000000001,0.4706666666666666,27.452333333333335,0.0,2026-10-04
GCBD8026,23.275,119.525,2.2,0.35,0.7000000000000001,0.4706666666666666,27.452333333333335,0.0,2026-10-04
GCBD8027,23.275,119.525,1.9,0.35,0.7000000000000001,0.4706666666666666,27.452333333333335,0.0,2026-10-04
GCBD8028,23.275,119.525,1.7,0.35,0.7000000000000001,0.4706666666666666,27.452333333333335,0.0,2026-10-04
GCBD8029,23.275,119.525,1.5,0.35,0.7000000000000001,0.4706666666666666,27.452333333333335,0.0,2026-10-04
GCBD15729,23.275,119.525,1.9,0.35,0.7000000000000001,0.4706666666666666,27.452333333333335,0.0,2026-10-04
GCBD8076,23.275,119.525,1.8,0.35,0.7000000000000001,0.4706666666666666,27.452333333333335,0.0,2026-10-04
GCBD8077,23.275,119.525,2.1,0.35,0.7000000000000001,0.4706666666666666,27.452333333333335,0.0,2026-10-04
GCBD15730,23.525,119.625,3.0,1.54,1.72,0.5976666666666667,27.409999999999993,0.0,2026-10-04
GCBD8037,23.525,119.625,2.7,1.54,1.72,0.5976666666666667,27.409999999999993,0.0,2026-10-04
GCBD8033,23.525,119.525,1.3,1.51,1.69,0.6073333333333333,27.19866666666666,0.0,2026-10-04
GCBD8034,23.525,119.525,2.7,1.51,1.69,0.6073333333333333,27.19866666666666,0.0,2026-10-04
GCBD8035,23.625,119.625,2.9,1.57,1.74,0.6076666666666667,27.26033333333333,0.0,2026-10-04
GCBD7977,23.625,119.575,1.8,1.54,1.71,0.5993333333333334,27.17733333333333,1.0,2026-10-04
GCBD7780,24.175,36.775,3.8,0.63,0.63,1.0376666666666667,30.568666666666665,0.0,2026-10-04
GCBD7789,24.975,37.275,2.7,7.92,7.92,1.476333333333333,30.542666666666662,0.0,2026-10-04
GCBD7762,25.375,36.925,2.0,7.62,7.62,1.2626666666666668,30.198999999999998,0.0,2026-10-04
GCBD7763,25.375,36.875,1.8,6.8100000000000005,6.8100000000000005,1.2269999999999996,30.18233333333334,0.0,2026-10-04
GCBD7764,25.475,36.925,2.5,10.83,10.83,1.5136666666666665,30.581666666666667,0.0,2026-10-04
GCBD7765,25.525,36.675,1.0,7.53,7.53,1.4263333333333335,30.488999999999997,0.0,2026-10-04
GCBD7766,25.525,36.875,1.9,11.35,11.35,1.6326666666666667,30.796666666666667,0.0,2026-10-04
GCBD7767,25.525,36.825,1.4,11.87,11.87,1.6756666666666662,30.840666666666664,0.0,2026-10-04
GCBD7768,25.525,36.875,1.3,11.35,11.35,1.6326666666666667,30.796666666666667,0.0,2026-10-04
GCBD7769,25.525,36.575,2.3,4.01,4.01,1.1700000000000002,30.154333333333334,0.0,2026-10-04
GCBD7770,25.525,36.825,2.3,11.87,11.87,1.6756666666666662,30.840666666666664,0.0,2026-10-04
GCBD7771,25.575,36.675,1.2,9.48,9.48,1.5606666666666666,30.707333333333334,0.0,2026-10-04
GCBD7772,25.575,36.725,1.8,10.69,10.69,1.635,30.84466666666667,0.0,2026-10-04
GCBD7773,25.575,36.775,0.4,11.42,11.42,1.6803333333333335,30.93433333333333,0.0,2026-10-04
GCBD7774,25.575,36.875,1.1,10.56,10.56,1.6006666666666665,30.868000000000002,0.0,2026-10-04
GCBD7775,25.575,36.775,2.5,11.42,11.42,1.6803333333333335,30.93433333333333,0.0,2026-10-04
GCBD7776,25.625,36.825,2.5,9.3,9.3,1.5493333333333335,30.911666666666665,0.0,2026-10-04
GCBD7777,25.725,36.525,2.4,4.99,4.99,1.0930000000000002,30.083333333333336,0.0,2026-10-04
GCBD7778,25.725,36.625,2.6,7.22,7.22,1.3186666666666669,30.51033333333333,0.0,2026-10-04
GCBD1361,25.925,50.675,2.3,10.07,10.07,2.2156666666666665,34.10633333333333,0.0,2026-10-04
GCBD1365,25.975,50.875,1.7,8.77,8.77,2.187333333333333,34.16833333333333,0.0,2026-10-04
GCBD7983,22.025,121.525,1.7,0.0,0.0,0.6656666666666666,28.980000000000004,1.0,2026-10-04
GCBD7984,22.025,121.525,0.9,0.0,0.0,0.6656666666666666,28.980000000000004,1.0,2026-10-04
GCBD7985,22.025,121.525,1.5,0.0,0.0,0.6656666666666666,28.980000000000004,1.0,2026-10-04
GCBD7986,22.025,121.575,1.5,0.0,0.0,0.6453333333333333,28.955333333333332,1.0,2026-10-04
GCBD8055,22.025,121.525,1.7,0.0,0.0,0.6656666666666666,28.980000000000004,1.0,2026-10-04
GCBD7987,22.025,121.525,3.2,0.0,0.0,0.6656666666666666,28.980000000000004,1.0,2026-10-04
GCBD8056,22.075,121.525,3.0,0.0,0.0,0.6583333333333333,28.971,1.0,2026-10-04
GCBD7988,22.075,121.525,2.6,0.0,0.0,0.6583333333333333,28.971,1.0,2026-10-04
GCBD7989,22.075,121.575,1.1,0.15,0.15,0.6473333333333333,28.94733333333334,1.0,2026-10-04
GCBD7990,22.075,121.525,1.2,0.0,0.0,0.6583333333333333,28.971,1.0,2026-10-04
GCBD7991,22.075,121.525,1.8,0.0,0.0,0.6583333333333333,28.971,1.0,2026-10-04
GCBD7992,22.075,121.475,2.6,0.0,0.0,0.6883333333333334,29.005,1.0,2026-10-04
GCBD8057,22.075,121.525,0.8,0.0,0.0,0.6583333333333333,28.971,1.0,2026-10-04
GCBD7993,22.075,121.525,1.1,0.0,0.0,0.6583333333333333,28.971,1.0,2026-10-04
GCBD8058,22.075,121.525,1.1,0.0,0.0,0.6583333333333333,28.971,1.0,2026-10-04
GCBD8059,22.075,121.575,2.0,0.15,0.15,0.6473333333333333,28.94733333333334,1.0,2026-10-04
GCBD7994,22.075,121.575,2.5,0.15,0.15,0.6473333333333333,28.94733333333334,1.0,2026-10-04
GCBD15726,22.075,121.575,1.5,0.15,0.15,0.6473333333333333,28.94733333333334,1.0,2026-10-04
GCBD7995,22.075,121.575,1.7,0.15,0.15,0.6473333333333333,28.94733333333334,1.0,2026-10-04
GCBD7996,22.075,121.525,1.5,0.0,0.0,0.6583333333333333,28.971,1.0,2026-10-04
GCBD7997,22.325,120.375,1.0,0.0,0.15,0.8696666666666667,29.09533333333333,1.0,2026-10-04
GCBD7998,22.325,120.375,0.7,0.0,0.15,0.8696666666666667,29.09533333333333,1.0,2026-10-04
GCBD7999,22.325,120.375,0.6,0.0,0.15,0.8696666666666667,29.09533333333333,1.0,2026-10-04
GCBD8000,22.325,121.325,2.7,0.15,0.61,0.7693333333333333,29.015000000000004,1.0,2026-10-04
GCBD8001,22.325,121.375,1.3,0.15,0.46,0.7583333333333333,29.024,1.0,2026-10-04
GCBD8002,22.325,120.375,2.2,0.0,0.15,0.8696666666666667,29.09533333333333,1.0,2026-10-04
GCBD8003,22.325,120.375,2.4,0.0,0.15,0.8696666666666667,29.09533333333333,1.0,2026-10-04
GCBD8060,22.325,120.375,2.7,0.0,0.15,0.8696666666666667,29.09533333333333,1.0,2026-10-04
GCBD8004,22.325,120.375,3.1,0.0,0.15,0.8696666666666667,29.09533333333333,1.0,2026-10-04
GCBD8005,22.375,120.375,2.4,0.0,0.16,0.8833333333333331,29.061999999999998,1.0,2026-10-04
GCBD8061,22.375,120.375,2.3,0.0,0.16,0.8833333333333331,29.061999999999998,1.0,2026-10-04
GCBD8006,22.375,120.375,2.2,0.0,0.16,0.8833333333333331,29.061999999999998,1.0,2026-10-04
GCBD8007,22.375,120.375,2.1,0.0,0.16,0.8833333333333331,29.061999999999998,1.0,2026-10-04
GCBD8062,22.475,121.125,2.3,1.3,2.14,0.7273333333333334,28.784666666666663,1.0,2026-10-04
GCBD8008,22.625,121.475,2.2,0.0,0.45,0.6923333333333334,28.884999999999994,1.0,2026-10-04
GCBD8063,22.625,121.475,2.2,0.0,0.45,0.6923333333333334,28.884999999999994,1.0,2026-10-04
GCBD8064,22.675,121.525,2.9,0.0,0.44,0.7140000000000002,28.87833333333333,1.0,2026-10-04
GCBD8009,22.675,121.525,3.4,0.0,0.44,0.7140000000000002,28.87833333333333,1.0,2026-10-04
GCBD8010,22.675,121.475,2.3,0.0,0.46,0.6896666666666668,28.854333333333336,1.0,2026-10-04
GCBD8065,22.675,121.475,2.2,0.0,0.46,0.6896666666666668,28.854333333333336,1.0,2026-10-04
GCBD15727,22.675,121.475,2.0,0.0,0.46,0.6896666666666668,28.854333333333336,1.0,2026-10-04
GCBD8066,22.675,121.475,1.9,0.0,0.46,0.6896666666666668,28.854333333333336,1.0,2026-10-04
GCBD8011,22.675,121.475,1.5,0.0,0.46,0.6896666666666668,28.854333333333336,1.0,2026-10-04
GCBD8012,22.675,121.475,0.2,0.0,0.46,0.6896666666666668,28.854333333333336,1.0,2026-10-04
GCBD8013,22.675,121.475,0.5,0.0,0.46,0.6896666666666668,28.854333333333336,1.0,2026-10-04
GCBD8067,22.675,121.475,1.9,0.0,0.46,0.6896666666666668,28.854333333333336,1.0,2026-10-04
GCBD8014,22.675,121.475,2.3,0.0,0.46,0.6896666666666668,28.854333333333336,1.0,2026-10-04
GCBD8015,22.675,121.475,1.9,0.0,0.46,0.6896666666666668,28.854333333333336,1.0,2026-10-04
GCBD8068,22.675,121.475,2.4,0.0,0.46,0.6896666666666668,28.854333333333336,1.0,2026-10-04
GCBD8016,22.675,121.475,0.8,0.0,0.46,0.6896666666666668,28.854333333333336,1.0,2026-10-04
GCBD8069,22.675,121.525,2.2,0.0,0.44,0.7140000000000002,28.87833333333333,1.0,2026-10-04
GCBD8017,22.675,121.475,1.0,0.0,0.46,0.6896666666666668,28.854333333333336,1.0,2026-10-04
GCBD8018,22.675,121.475,1.5,0.0,0.46,0.6896666666666668,28.854333333333336,1.0,2026-10-04
GCBD8070,22.675,121.475,1.1,0.0,0.46,0.6896666666666668,28.854333333333336,1.0,2026-10-04
GCBD8019,22.825,121.175,1.7,0.0,0.0,0.6069999999999999,28.69233333333333,1.0,2026-10-04
GCBD8020,22.825,121.175,1.5,0.0,0.0,0.6069999999999999,28.69233333333333,1.0,2026-10-04
GCBD8021,22.825,121.175,1.5,0.0,0.0,0.6069999999999999,28.69233333333333,1.0,2026-10-04
GCBD8071,22.875,121.225,2.0,0.0,0.0,0.571,28.673666666666673,1.0,2026-10-04
GCBD8050,22.975,121.275,15.3,0.0,0.0,0.5163333333333333,28.611333333333334,1.0,2026-10-04
GCBD8022,23.125,121.375,2.5,0.0,0.0,0.5376666666666666,28.560000000000006,1.0,2026-10-04
GCBD8030,23.325,121.575,1.9,0.31,0.31,0.6930000000000001,28.609999999999992,1.0,2026-10-04
GCBD8078,23.475,121.525,1.4,0.3,0.3,0.7136666666666667,28.53933333333333,1.0,2026-10-04
GCBD8031,23.475,121.525,1.5,0.3,0.3,0.7136666666666667,28.53933333333333,1.0,2026-10-04
GCBD8032,23.525,121.525,1.4,0.43,0.43,0.7289999999999999,28.535,1.0,2026-10-04
GCBD8036,23.625,121.525,3.8,0.15,0.15,0.7466666666666666,28.530666666666672,1.0,2026-10-04
GCBD8513,24.125,52.525,0.7,7.54,7.54,1.8696666666666668,34.68633333333334,0.0,2026-10-04
GCBD8512,24.125,52.725,2.9,9.48,9.48,2.0206666666666666,34.73766666666667,0.0,2026-10-04
GCBD4382,25.325,60.625,1.1,1.28,6.3500000000000005,1.4126666666666667,29.831999999999997,0.0,2026-10-04
GCBD6890,24.425,56.675,0.6,0.17,4.7700000000000005,0.9033333333333334,31.81133333333333,0.0,2026-10-04
GCBD8521,25.475,56.375,2.2,0.65,2.21,0.5866666666666667,31.779,0.0,2026-10-04
GCBD8522,25.625,56.375,3.4,0.64,2.25,0.6423333333333333,31.800000000000004,0.0,2026-10-04
GCBD8523,25.625,56.325,3.4,0.65,2.29,0.576,31.731,0.0,2026-10-04
GCBD8524,25.625,56.375,3.3,0.64,2.25,0.6423333333333333,31.800000000000004,0.0,2026-10-04
GCBD6891,25.825,56.375,1.5,0.66,3.17,0.5996666666666667,31.764666666666667,0.0,2026-10-04
GCBD8519,24.375,54.125,2.7,6.6000000000000005,6.6000000000000005,1.4003333333333337,33.95133333333333,0.0,2026-10-04
GCBD8510,24.475,54.375,2.9,5.17,5.17,0.9806666666666667,33.599666666666664,0.0,2026-10-04
GCBD8506,24.525,54.375,2.3,5.04,5.04,1.172333333333333,33.85366666666667,0.0,2026-10-04
GCBD15731,24.575,54.425,2.7,4.25,4.25,1.1546666666666665,33.85933333333333,0.0,2026-10-04
GCBD8516,24.575,54.425,2.7,4.25,4.25,1.1546666666666665,33.85933333333333,0.0,2026-10-04
GCBD8517,24.625,54.475,3.8,4.21,4.21,1.1353333333333333,33.854,0.0,2026-10-04
GCBD8507,24.925,54.875,2.4,5.87,5.87,1.4053333333333333,33.951,0.0,2026-10-04
GCBD8511,24.925,54.925,1.9,6.25,6.25,1.4246666666666667,33.934666666666665,0.0,2026-10-04
GCBD8518,25.025,54.975,3.8,6.890000000000001,6.890000000000001,1.6646666666666665,34.120666666666665,0.0,2026-10-04
GCBD8509,25.075,55.125,1.9,8.02,8.02,1.718,34.101333333333336,0.0,2026-10-04
GCBD8505,25.125,54.925,1.8,5.82,5.82,1.7770000000000001,34.309333333333335,0.0,2026-10-04
GCBD8514,25.225,54.225,1.6,7.59,7.59,1.424,34.416666666666664,1.0,2026-10-04
GCBD8515,25.225,55.275,2.0,7.99,7.99,1.635333333333333,33.95933333333333,0.0,2026-10-04
GCBD8508,25.325,55.325,1.8,8.39,8.39,1.6216666666666668,33.891666666666666,0.0,2026-10-04
GCBD4386,25.875,55.025,1.2,4.3100000000000005,4.3100000000000005,1.7933333333333332,34.01966666666666,1.0,2026-10-04
GCBD4373,25.875,55.025,1.7,4.3100000000000005,4.3100000000000005,1.7933333333333332,34.01966666666666,1.0,2026-10-04
GCBD4387,25.875,55.025,1.8,4.3100000000000005,4.3100000000000005,1.7933333333333332,34.01966666666666,1.0,2026-10-04
GCBD4388,25.875,55.025,2.0,4.3100000000000005,4.3100000000000005,1.7933333333333332,34.01966666666666,1.0,2026-10-04
GCBD4389,25.875,54.525,2.1,6.09,6.09,1.4563333333333335,33.97533333333334,0.0,2026-10-04
GCBD4390,25.925,54.575,3.5,5.18,5.18,1.4843333333333335,33.964666666666666,0.0,2026-10-04
GCBD4391,25.925,54.475,3.0,5.33,5.33,1.4286666666666663,33.92433333333334,1.0,2026-10-04
GCBD8079,25.125,121.925,1.4,0.0,0.0,0.33866666666666667,26.976000000000003,0.0,2026-10-04
GCBD8038,25.125,121.925,1.4,0.0,0.0,0.33866666666666667,26.976000000000003,0.0,2026-10-04
GCBD8039,25.125,121.925,1.4,0.0,0.0,0.33866666666666667,26.976000000000003,0.0,2026-10-04
GCBD8080,25.125,121.925,1.3,0.0,0.0,0.33866666666666667,26.976000000000003,0.0,2026-10-04
GCBD8040,25.125,121.925,1.3,0.0,0.0,0.33866666666666667,26.976000000000003,0.0,2026-10-04
GCBD8041,25.125,121.925,1.0,0.0,0.0,0.33866666666666667,26.976000000000003,0.0,2026-10-04
GCBD8042,25.125,121.925,1.1,0.0,0.0,0.33866666666666667,26.976000000000003,0.0,2026-10-04
GCBD15732,25.125,121.825,1.1,0.0,0.0,0.14699999999999996,26.75866666666667,0.0,2026-10-04
GCBD8043,25.125,121.825,1.2,0.0,0.0,0.14699999999999996,26.75866666666667,0.0,2026-10-04
GCBD8081,25.125,121.825,1.3,0.0,0.0,0.14699999999999996,26.75866666666667,0.0,2026-10-04
GCBD8044,25.125,121.825,1.2,0.0,0.0,0.14699999999999996,26.75866666666667,0.0,2026-10-04
GCBD8045,25.125,121.825,1.3,0.0,0.0,0.14699999999999996,26.75866666666667,0.0,2026-10-04
GCBD8046,25.125,121.825,2.9,0.0,0.0,0.14699999999999996,26.75866666666667,0.0,2026-10-04
GCBD8047,25.175,121.725,3.0,0.45,0.45,0.078,26.70133333333333,0.0,2026-10-04
GCBD8048,25.225,121.675,2.8,0.46,0.46,0.11733333333333335,26.775666666666666,0.0,2026-10-04
GCBD8049,25.225,121.675,2.7,0.46,0.46,0.11733333333333335,26.775666666666666,0.0,2026-10-04
GCBD8082,25.225,121.675,2.8,0.46,0.46,0.11733333333333335,26.775666666666666,0.0,2026-10-04
GCBD4963,24.075,123.775,1.6,1.13,1.28,0.6963333333333334,28.956,1.0,2026-10-04
GCBD4964,24.075,123.775,0.2,1.13,1.28,0.6963333333333334,28.956,1.0,2026-10-04
GCBD4965,24.175,123.575,2.8,1.23,1.23,0.7586666666666667,28.985000000000003,1.0,2026-10-04
GCBD4966,24.175,123.575,2.8,1.23,1.23,0.7586666666666667,28.985000000000003,1.0,2026-10-04
GCBD4770,24.225,123.975,2.0,1.46,1.46,0.6426666666666667,28.834666666666667,1.0,2026-10-04
GCBD4771,24.225,123.975,1.6,1.46,1.46,0.6426666666666667,28.834666666666667,1.0,2026-10-04
GCBD4967,24.275,123.975,2.3,1.46,1.46,0.678,28.837,1.0,2026-10-04
GCBD4969,24.275,123.975,2.5,1.46,1.46,0.678,28.837,1.0,2026-10-04
GCBD4971,24.275,123.725,0.7,0.93,0.93,0.6476666666666667,28.86933333333333,1.0,2026-10-04
GCBD5259,24.275,123.725,1.1,0.93,0.93,0.6476666666666667,28.86933333333333,1.0,2026-10-04
GCBD5260,24.275,123.725,1.3,0.93,0.93,0.6476666666666667,28.86933333333333,1.0,2026-10-04
GCBD4972,24.275,123.725,1.3,0.93,0.93,0.6476666666666667,28.86933333333333,1.0,2026-10-04
GCBD5344,24.275,123.725,1.4,0.93,0.93,0.6476666666666667,28.86933333333333,1.0,2026-10-04
GCBD4973,24.275,123.725,1.4,0.93,0.93,0.6476666666666667,28.86933333333333,1.0,2026-10-04
GCBD4975,24.275,123.725,2.2,0.93,0.93,0.6476666666666667,28.86933333333333,1.0,2026-10-04
GCBD4976,24.275,123.725,2.4,0.93,0.93,0.6476666666666667,28.86933333333333,1.0,2026-10-04
GCBD4978,24.325,123.925,1.7,1.33,1.33,0.7206666666666667,28.850666666666662,1.0,2026-10-04
GCBD4983,24.325,123.975,2.0,1.33,1.33,0.732,28.85066666666667,1.0,2026-10-04
GCBD4780,24.325,123.675,2.1,0.75,0.75,0.693,28.889666666666663,1.0,2026-10-04
GCBD4781,24.325,123.725,1.9,0.89,0.89,0.664,28.856,1.0,2026-10-04
GCBD5261,24.325,123.675,2.5,0.75,0.75,0.693,28.889666666666663,1.0,2026-10-04
GCBD4785,24.325,123.725,2.8,0.89,0.89,0.664,28.856,1.0,2026-10-04
GCBD4992,24.375,123.975,3.3,1.36,1.36,0.773,28.85933333333333,1.0,2026-10-04
GCBD5346,24.375,123.725,2.5,0.75,0.75,0.6946666666666665,28.864666666666665,1.0,2026-10-04
GCBD4993,24.375,123.925,3.0,1.34,1.34,0.7596666666666667,28.858,1.0,2026-10-04
GCBD4995,24.375,123.975,1.5,1.36,1.36,0.773,28.85933333333333,1.0,2026-10-04
GCBD5263,24.375,123.975,0.8,1.36,1.36,0.773,28.85933333333333,1.0,2026-10-04
GCBD5262,24.375,123.975,0.8,1.36,1.36,0.773,28.85933333333333,1.0,2026-10-04
GCBD4792,24.375,123.975,0.5,1.36,1.36,0.773,28.85933333333333,1.0,2026-10-04
GCBD5347,24.375,123.975,0.4,1.36,1.36,0.773,28.85933333333333,1.0,2026-10-04
GCBD4793,24.375,123.975,0.3,1.36,1.36,0.773,28.85933333333333,1.0,2026-10-04
GCBD4794,24.375,123.925,1.4,1.34,1.34,0.7596666666666667,28.858,1.0,2026-10-04
GCBD5264,24.375,123.975,1.0,1.36,1.36,0.773,28.85933333333333,1.0,2026-10-04
GCBD4999,24.425,123.875,2.9,1.33,1.33,0.767,28.85933333333333,1.0,2026-10-04
GCBD5000,24.425,123.875,2.8,1.33,1.33,0.767,28.85933333333333,1.0,2026-10-04
GCBD4730,24.425,123.825,2.5,1.12,1.12,0.7453333333333333,28.860333333333333,1.0,2026-10-04
GCBD5001,24.425,123.825,0.7,1.12,1.12,0.7453333333333333,28.860333333333333,1.0,2026-10-04
GCBD5002,24.425,123.825,0.5,1.12,1.12,0.7453333333333333,28.860333333333333,1.0,2026-10-04
GCBD5003,24.425,123.775,1.9,1.09,1.09,0.7409999999999999,28.871333333333332,1.0,2026-10-04
GCBD5004,24.425,123.825,1.0,1.12,1.12,0.7453333333333333,28.860333333333333,1.0,2026-10-04
GCBD5005,24.425,123.825,1.3,1.12,1.12,0.7453333333333333,28.860333333333333,1.0,2026-10-04
GCBD5006,24.425,123.775,2.6,1.09,1.09,0.7409999999999999,28.871333333333332,1.0,2026-10-04
GCBD5007,24.425,123.825,1.2,1.12,1.12,0.7453333333333333,28.860333333333333,1.0,2026-10-04
GCBD5008,24.425,123.825,1.4,1.12,1.12,0.7453333333333333,28.860333333333333,1.0,2026-10-04
GCBD5009,24.425,123.825,1.4,1.12,1.12,0.7453333333333333,28.860333333333333,1.0,2026-10-04
GCBD5327,24.425,122.975,1.7,1.67,1.67,0.8113333333333334,28.914666666666665,1.0,2026-10-04
GCBD4818,24.425,123.775,1.3,1.09,1.09,0.7409999999999999,28.871333333333332,1.0,2026-10-04
GCBD5010,24.425,123.775,1.7,1.09,1.09,0.7409999999999999,28.871333333333332,1.0,2026-10-04
GCBD5011,24.425,123.825,2.3,1.12,1.12,0.7453333333333333,28.860333333333333,1.0,2026-10-04
GCBD5018,24.425,123.825,3.3,1.12,1.12,0.7453333333333333,28.860333333333333,1.0,2026-10-04
GCBD4609,24.475,123.825,2.6,1.18,1.18,0.7876666666666666,28.894000000000002,1.0,2026-10-04
GCBD5271,24.475,122.975,1.1,1.68,1.68,0.8043333333333335,28.895333333333337,1.0,2026-10-04
GCBD5272,24.475,122.975,1.1,1.68,1.68,0.8043333333333335,28.895333333333337,1.0,2026-10-04
GCBD5258,24.225,124.025,2.6,1.49,1.49,0.646,28.833999999999996,1.0,2026-10-04
GCBD4968,24.275,124.025,1.5,1.48,1.48,0.6813333333333332,28.83633333333334,1.0,2026-10-04
GCBD4970,24.275,124.025,0.8,1.48,1.48,0.6813333333333332,28.83633333333334,1.0,2026-10-04
GCBD4974,24.275,124.025,1.7,1.48,1.48,0.6813333333333332,28.83633333333334,1.0,2026-10-04
GCBD4772,24.325,124.125,3.4,1.37,1.37,0.6990000000000001,28.82833333333333,1.0,2026-10-04
GCBD4773,24.325,124.075,2.5,1.36,1.36,0.7283333333333332,28.843,1.0,2026-10-04
GCBD4774,24.325,124.125,2.8,1.37,1.37,0.6990000000000001,28.82833333333333,1.0,2026-10-04
GCBD4775,24.325,124.125,2.5,1.37,1.37,0.6990000000000001,28.82833333333333,1.0,2026-10-04
GCBD4977,24.325,124.075,1.6,1.36,1.36,0.7283333333333332,28.843,1.0,2026-10-04
GCBD4776,24.325,124.125,2.5,1.37,1.37,0.6990000000000001,28.82833333333333,1.0,2026-10-04
GCBD4777,24.325,124.075,1.4,1.36,1.36,0.7283333333333332,28.843,1.0,2026-10-04
GCBD4778,24.325,124.125,2.6,1.37,1.37,0.6990000000000001,28.82833333333333,1.0,2026-10-04
GCBD5345,24.325,124.175,0.4,1.38,1.38,0.6776666666666668,28.816666666666663,1.0,2026-10-04
GCBD4979,24.325,124.175,0.4,1.38,1.38,0.6776666666666668,28.816666666666663,1.0,2026-10-04
GCBD4980,24.325,124.175,0.9,1.38,1.38,0.6776666666666668,28.816666666666663,1.0,2026-10-04
GCBD4981,24.325,124.175,1.2,1.38,1.38,0.6776666666666668,28.816666666666663,1.0,2026-10-04
GCBD4982,24.325,124.175,0.4,1.38,1.38,0.6776666666666668,28.816666666666663,1.0,2026-10-04
GCBD4779,24.325,124.175,1.8,1.38,1.38,0.6776666666666668,28.816666666666663,1.0,2026-10-04
GCBD4984,24.325,124.225,1.6,1.36,1.36,0.6556666666666667,28.805,1.0,2026-10-04
GCBD4985,24.325,124.175,2.5,1.38,1.38,0.6776666666666668,28.816666666666663,1.0,2026-10-04
GCBD4986,24.325,124.175,2.9,1.38,1.38,0.6776666666666668,28.816666666666663,1.0,2026-10-04
GCBD4987,24.325,124.075,1.7,1.36,1.36,0.7283333333333332,28.843,1.0,2026-10-04
GCBD4988,24.325,124.075,1.8,1.36,1.36,0.7283333333333332,28.843,1.0,2026-10-04
GCBD4989,24.325,124.075,2.3,1.36,1.36,0.7283333333333332,28.843,1.0,2026-10-04
GCBD4782,24.325,124.075,2.4,1.36,1.36,0.7283333333333332,28.843,1.0,2026-10-04
GCBD4990,24.325,124.225,2.9,1.36,1.36,0.6556666666666667,28.805,1.0,2026-10-04
GCBD4991,24.325,124.225,2.5,1.36,1.36,0.6556666666666667,28.805,1.0,2026-10-04
GCBD4783,24.325,124.075,2.6,1.36,1.36,0.7283333333333332,28.843,1.0,2026-10-04
GCBD4784,24.325,124.075,2.6,1.36,1.36,0.7283333333333332,28.843,1.0,2026-10-04
GCBD4786,24.325,124.075,3.1,1.36,1.36,0.7283333333333332,28.843,1.0,2026-10-04
GCBD5266,24.375,124.125,2.9,1.38,1.38,0.7446666666666668,28.834,1.0,2026-10-04
GCBD4787,24.375,124.075,2.1,1.37,1.52,0.769,28.851333333333333,1.0,2026-10-04
GCBD4994,24.375,124.275,2.6,1.34,1.34,0.6823333333333333,28.801666666666666,1.0,2026-10-04
GCBD4788,24.375,124.025,2.6,1.38,1.52,0.775,28.85666666666667,1.0,2026-10-04
GCBD4789,24.375,124.025,2.1,1.38,1.52,0.775,28.85666666666667,1.0,2026-10-04
GCBD4712,24.375,124.025,2.7,1.38,1.52,0.775,28.85666666666667,1.0,2026-10-04
GCBD4790,24.375,124.275,2.5,1.34,1.34,0.6823333333333333,28.801666666666666,1.0,2026-10-04
GCBD4996,24.375,124.275,2.2,1.34,1.34,0.6823333333333333,28.801666666666666,1.0,2026-10-04
GCBD4606,24.375,124.025,2.4,1.38,1.52,0.775,28.85666666666667,1.0,2026-10-04
GCBD4997,24.375,124.275,2.6,1.34,1.34,0.6823333333333333,28.801666666666666,1.0,2026-10-04
GCBD4791,24.375,124.125,1.8,1.38,1.38,0.7446666666666668,28.834,1.0,2026-10-04
GCBD4998,24.375,124.275,2.3,1.34,1.34,0.6823333333333333,28.801666666666666,1.0,2026-10-04
GCBD4795,24.375,124.125,1.1,1.38,1.38,0.7446666666666668,28.834,1.0,2026-10-04
GCBD5257,24.375,124.275,1.2,1.34,1.34,0.6823333333333333,28.801666666666666,1.0,2026-10-04
GCBD4796,24.375,124.125,1.7,1.38,1.38,0.7446666666666668,28.834,1.0,2026-10-04
GCBD4797,24.375,124.075,3.7,1.37,1.52,0.769,28.851333333333333,1.0,2026-10-04
GCBD5330,24.375,123.975,3.8,1.36,1.36,0.773,28.85933333333333,1.0,2026-10-04
GCBD4798,24.425,124.125,2.6,1.56,1.56,0.777,28.84133333333333,1.0,2026-10-04
GCBD4799,24.425,124.125,1.5,1.56,1.56,0.777,28.84133333333333,1.0,2026-10-04
GCBD4800,24.425,124.125,1.6,1.56,1.56,0.777,28.84133333333333,1.0,2026-10-04
GCBD4801,24.425,124.075,1.0,1.43,1.57,0.799,28.856999999999996,1.0,2026-10-04
GCBD4802,24.425,124.075,1.0,1.43,1.57,0.799,28.856999999999996,1.0,2026-10-04
GCBD4803,24.425,124.075,1.1,1.43,1.57,0.799,28.856999999999996,1.0,2026-10-04
GCBD4804,24.425,124.125,1.3,1.56,1.56,0.777,28.84133333333333,1.0,2026-10-04
GCBD4805,24.425,124.075,1.5,1.43,1.57,0.799,28.856999999999996,1.0,2026-10-04
GCBD4806,24.425,124.075,1.8,1.43,1.57,0.799,28.856999999999996,1.0,2026-10-04
GCBD4807,24.425,124.075,0.3,1.43,1.57,0.799,28.856999999999996,1.0,2026-10-04
GCBD4808,24.425,124.075,0.3,1.43,1.57,0.799,28.856999999999996,1.0,2026-10-04
GCBD4809,24.425,124.075,2.5,1.43,1.57,0.799,28.856999999999996,1.0,2026-10-04
GCBD4810,24.425,124.075,0.3,1.43,1.57,0.799,28.856999999999996,1.0,2026-10-04
GCBD4811,24.425,124.075,0.3,1.43,1.57,0.799,28.856999999999996,1.0,2026-10-04
GCBD4812,24.425,124.075,0.1,1.43,1.57,0.799,28.856999999999996,1.0,2026-10-04
GCBD4813,24.425,124.075,0.2,1.43,1.57,0.799,28.856999999999996,1.0,2026-10-04
GCBD4814,24.425,124.075,0.2,1.43,1.57,0.799,28.856999999999996,1.0,2026-10-04
GCBD4815,24.425,124.075,0.1,1.43,1.57,0.799,28.856999999999996,1.0,2026-10-04
GCBD4816,24.425,124.075,0.4,1.43,1.57,0.799,28.856999999999996,1.0,2026-10-04
GCBD4817,24.425,124.125,2.0,1.56,1.56,0.777,28.84133333333333,1.0,2026-10-04
GCBD4713,24.425,124.075,1.6,1.43,1.57,0.799,28.856999999999996,1.0,2026-10-04
GCBD4819,24.425,124.075,2.0,1.43,1.57,0.799,28.856999999999996,1.0,2026-10-04
GCBD5012,24.425,124.075,2.3,1.43,1.57,0.799,28.856999999999996,1.0,2026-10-04
GCBD5265,24.425,124.175,2.4,1.54,1.54,0.7679999999999999,28.824333333333335,1.0,2026-10-04
GCBD5267,24.425,124.175,2.4,1.54,1.54,0.7679999999999999,28.824333333333335,1.0,2026-10-04
GCBD5013,24.425,124.075,2.5,1.43,1.57,0.799,28.856999999999996,1.0,2026-10-04
GCBD5014,24.425,124.075,2.5,1.43,1.57,0.799,28.856999999999996,1.0,2026-10-04
GCBD5015,24.425,124.075,2.6,1.43,1.57,0.799,28.856999999999996,1.0,2026-10-04
GCBD5016,24.425,124.075,2.6,1.43,1.57,0.799,28.856999999999996,1.0,2026-10-04
GCBD4820,24.425,124.075,2.6,1.43,1.57,0.799,28.856999999999996,1.0,2026-10-04
GCBD5017,24.425,124.075,2.7,1.43,1.57,0.799,28.856999999999996,1.0,2026-10-04
GCBD4821,24.425,124.175,2.7,1.54,1.54,0.7679999999999999,28.824333333333335,1.0,2026-10-04
GCBD4822,24.425,124.175,2.7,1.54,1.54,0.7679999999999999,28.824333333333335,1.0,2026-10-04
GCBD4823,24.425,124.175,2.7,1.54,1.54,0.7679999999999999,28.824333333333335,1.0,2026-10-04
GCBD4824,24.425,124.175,2.7,1.54,1.54,0.7679999999999999,28.824333333333335,1.0,2026-10-04
GCBD4825,24.475,124.175,2.8,1.42,1.42,0.787,28.833000000000002,1.0,2026-10-04
GCBD5268,24.475,124.075,2.7,1.45,1.45,0.8119999999999999,28.86,1.0,2026-10-04
GCBD4826,24.475,124.175,2.7,1.42,1.42,0.787,28.833000000000002,1.0,2026-10-04
GCBD5269,24.475,124.075,2.8,1.45,1.45,0.8119999999999999,28.86,1.0,2026-10-04
GCBD4827,24.475,124.175,2.6,1.42,1.42,0.787,28.833000000000002,1.0,2026-10-04
GCBD4828,24.475,124.175,2.7,1.42,1.42,0.787,28.833000000000002,1.0,2026-10-04
GCBD4829,24.475,124.175,2.7,1.42,1.42,0.787,28.833000000000002,1.0,2026-10-04
GCBD4830,24.475,124.075,2.6,1.45,1.45,0.8119999999999999,28.86,1.0,2026-10-04
GCBD4831,24.475,124.175,2.7,1.42,1.42,0.787,28.833000000000002,1.0,2026-10-04
GCBD4832,24.475,124.175,2.7,1.42,1.42,0.787,28.833000000000002,1.0,2026-10-04
GCBD4833,24.475,124.175,2.6,1.42,1.42,0.787,28.833000000000002,1.0,2026-10-04
GCBD4834,24.475,124.175,2.6,1.42,1.42,0.787,28.833000000000002,1.0,2026-10-04
GCBD4835,24.475,124.175,2.5,1.42,1.42,0.787,28.833000000000002,1.0,2026-10-04
GCBD4836,24.475,124.075,2.7,1.45,1.45,0.8119999999999999,28.86,1.0,2026-10-04
GCBD4837,24.475,124.075,2.7,1.45,1.45,0.8119999999999999,28.86,1.0,2026-10-04
GCBD4838,24.475,124.075,2.3,1.45,1.45,0.8119999999999999,28.86,1.0,2026-10-04
GCBD4839,24.475,124.075,2.3,1.45,1.45,0.8119999999999999,28.86,1.0,2026-10-04
GCBD4607,24.475,124.125,2.7,1.44,1.44,0.8023333333333335,28.846999999999998,1.0,2026-10-04
GCBD4840,24.475,124.175,2.5,1.42,1.42,0.787,28.833000000000002,1.0,2026-10-04
GCBD5270,24.475,124.125,3.1,1.44,1.44,0.8023333333333335,28.846999999999998,1.0,2026-10-04
GCBD4841,24.475,124.175,2.5,1.42,1.42,0.787,28.833000000000002,1.0,2026-10-04
GCBD4842,24.475,124.175,2.4,1.42,1.42,0.787,28.833000000000002,1.0,2026-10-04
GCBD4843,24.475,124.075,2.5,1.45,1.45,0.8119999999999999,28.86,1.0,2026-10-04
GCBD4844,24.475,124.075,2.5,1.45,1.45,0.8119999999999999,28.86,1.0,2026-10-04
GCBD4845,24.475,124.175,2.4,1.42,1.42,0.787,28.833000000000002,1.0,2026-10-04
GCBD4846,24.475,124.175,2.4,1.42,1.42,0.787,28.833000000000002,1.0,2026-10-04
GCBD4847,24.475,124.175,2.4,1.42,1.42,0.787,28.833000000000002,1.0,2026-10-04
GCBD4848,24.475,124.175,2.4,1.42,1.42,0.787,28.833000000000002,1.0,2026-10-04
GCBD4608,24.475,124.075,3.1,1.45,1.45,0.8119999999999999,28.86,1.0,2026-10-04
GCBD4849,24.475,124.175,2.4,1.42,1.42,0.787,28.833000000000002,1.0,2026-10-04
GCBD4850,24.475,124.175,2.2,1.42,1.42,0.787,28.833000000000002,1.0,2026-10-04
GCBD4851,24.475,124.175,2.8,1.42,1.42,0.787,28.833000000000002,1.0,2026-10-04
GCBD4852,24.475,124.225,2.7,1.52,1.52,0.7646666666666667,28.81333333333334,1.0,2026-10-04
GCBD4853,24.475,124.225,2.7,1.52,1.52,0.7646666666666667,28.81333333333334,1.0,2026-10-04
GCBD4854,24.475,124.225,2.7,1.52,1.52,0.7646666666666667,28.81333333333334,1.0,2026-10-04
GCBD4855,24.475,124.175,2.6,1.42,1.42,0.787,28.833000000000002,1.0,2026-10-04
GCBD5276,24.475,124.175,2.3,1.42,1.42,0.787,28.833000000000002,1.0,2026-10-04
GCBD4856,24.475,124.175,1.8,1.42,1.42,0.787,28.833000000000002,1.0,2026-10-04
GCBD4857,24.475,124.225,0.9,1.52,1.52,0.7646666666666667,28.81333333333334,1.0,2026-10-04
GCBD5315,24.475,124.175,1.6,1.42,1.42,0.787,28.833000000000002,1.0,2026-10-04
GCBD4858,24.475,124.125,2.0,1.44,1.44,0.8023333333333335,28.846999999999998,1.0,2026-10-04
GCBD5318,24.475,124.125,1.2,1.44,1.44,0.8023333333333335,28.846999999999998,1.0,2026-10-04
GCBD4859,24.475,124.225,0.8,1.52,1.52,0.7646666666666667,28.81333333333334,1.0,2026-10-04
GCBD4610,24.475,124.125,0.8,1.44,1.44,0.8023333333333335,28.846999999999998,1.0,2026-10-04
GCBD4611,24.475,124.125,1.0,1.44,1.44,0.8023333333333335,28.846999999999998,1.0,2026-10-04
GCBD4612,24.475,124.125,1.1,1.44,1.44,0.8023333333333335,28.846999999999998,1.0,2026-10-04
GCBD4860,24.475,124.275,1.7,1.65,1.65,0.7400000000000001,28.8,1.0,2026-10-04
GCBD4861,24.475,124.225,2.3,1.52,1.52,0.7646666666666667,28.81333333333334,1.0,2026-10-04
GCBD4862,24.475,124.225,2.4,1.52,1.52,0.7646666666666667,28.81333333333334,1.0,2026-10-04
GCBD4863,24.475,124.225,2.4,1.52,1.52,0.7646666666666667,28.81333333333334,1.0,2026-10-04
GCBD4864,24.475,124.225,2.5,1.52,1.52,0.7646666666666667,28.81333333333334,1.0,2026-10-04
GCBD5019,24.525,124.225,2.8,1.57,1.57,0.7899999999999998,28.825999999999997,1.0,2026-10-04
GCBD4865,24.525,124.275,3.0,1.68,1.68,0.7689999999999999,28.809666666666665,1.0,2026-10-04
GCBD4866,24.525,124.225,2.6,1.57,1.57,0.7899999999999998,28.825999999999997,1.0,2026-10-04
GCBD4867,24.525,124.275,2.4,1.68,1.68,0.7689999999999999,28.809666666666665,1.0,2026-10-04
GCBD4613,24.525,124.275,2.3,1.68,1.68,0.7689999999999999,28.809666666666665,1.0,2026-10-04
GCBD4868,24.575,124.275,1.6,1.72,1.72,0.7929999999999999,28.825333333333333,1.0,2026-10-04
GCBD4869,24.625,124.325,3.2,1.65,1.65,0.8,28.839333333333336,1.0,2026-10-04
GCBD4870,24.625,124.325,1.8,1.65,1.65,0.8,28.839333333333336,1.0,2026-10-04
GCBD4871,24.625,124.325,1.8,1.65,1.65,0.8,28.839333333333336,1.0,2026-10-04
GCBD4872,24.625,124.325,1.7,1.65,1.65,0.8,28.839333333333336,1.0,2026-10-04
GCBD4873,24.625,124.325,2.2,1.65,1.65,0.8,28.839333333333336,1.0,2026-10-04
GCBD4874,24.625,124.725,2.0,0.55,0.55,0.6783333333333333,28.765333333333334,1.0,2026-10-04
GCBD5313,24.675,125.425,3.8,1.32,1.32,0.7246666666666667,28.869333333333334,0.0,2026-10-04
GCBD5020,24.675,125.325,5.2,1.36,1.36,0.7226666666666667,28.862666666666666,0.0,2026-10-04
GCBD5021,24.675,125.325,5.2,1.36,1.36,0.7226666666666667,28.862666666666666,0.0,2026-10-04
GCBD5022,24.675,125.325,5.2,1.36,1.36,0.7226666666666667,28.862666666666666,0.0,2026-10-04
GCBD5023,24.725,125.275,1.8,1.51,1.51,0.7906666666666667,28.857666666666663,1.0,2026-10-04
GCBD5024,24.725,125.425,5.3,1.32,1.32,0.7763333333333333,28.872333333333337,0.0,2026-10-04
GCBD5025,24.725,125.425,2.1,1.32,1.32,0.7763333333333333,28.872333333333337,0.0,2026-10-04
GCBD4714,24.725,125.425,3.1,1.32,1.32,0.7763333333333333,28.872333333333337,0.0,2026-10-04
GCBD5026,24.775,125.425,1.6,1.46,1.46,0.8426666666666667,28.880999999999997,0.0,2026-10-04
GCBD5027,24.775,125.425,1.5,1.46,1.46,0.8426666666666667,28.880999999999997,0.0,2026-10-04
GCBD5028,24.775,125.425,1.4,1.46,1.46,0.8426666666666667,28.880999999999997,0.0,2026-10-04
GCBD5029,24.775,125.425,1.2,1.46,1.46,0.8426666666666667,28.880999999999997,0.0,2026-10-04
GCBD4614,24.775,125.225,2.1,1.47,1.47,0.805,28.831333333333337,1.0,2026-10-04
GCBD5030,24.775,125.375,2.0,1.28,1.28,0.8653333333333336,28.876999999999995,1.0,2026-10-04
GCBD4615,24.775,125.175,2.8,1.44,1.44,0.7583333333333333,28.810999999999996,1.0,2026-10-04
GCBD5031,24.825,125.125,2.3,1.23,1.23,0.7653333333333333,28.804333333333336,1.0,2026-10-04
GCBD5032,24.825,125.125,2.2,1.23,1.23,0.7653333333333333,28.804333333333336,1.0,2026-10-04
GCBD4731,24.825,125.125,2.4,1.23,1.23,0.7653333333333333,28.804333333333336,1.0,2026-10-04
GCBD4732,24.825,125.125,2.3,1.23,1.23,0.7653333333333333,28.804333333333336,1.0,2026-10-04
GCBD5033,24.825,125.125,1.7,1.23,1.23,0.7653333333333333,28.804333333333336,1.0,2026-10-04
GCBD4733,24.875,125.275,1.8,1.25,1.25,0.9233333333333333,28.852666666666668,1.0,2026-10-04
GCBD5034,24.925,125.275,2.5,1.24,1.24,0.9310000000000002,28.84466666666667,1.0,2026-10-04
GCBD5035,24.925,125.275,2.4,1.24,1.24,0.9310000000000002,28.84466666666667,1.0,2026-10-04
GCBD5348,24.925,125.275,1.6,1.24,1.24,0.9310000000000002,28.84466666666667,1.0,2026-10-04
GCBD5036,24.925,125.275,0.1,1.24,1.24,0.9310000000000002,28.84466666666667,1.0,2026-10-04
GCBD5037,24.925,125.225,1.3,1.19,1.19,0.8953333333333333,28.82766666666667,1.0,2026-10-04
GCBD5038,24.925,125.225,1.3,1.19,1.19,0.8953333333333333,28.82766666666667,1.0,2026-10-04
GCBD5039,24.925,125.225,1.0,1.19,1.19,0.8953333333333333,28.82766666666667,1.0,2026-10-04
GCBD5040,24.925,125.225,1.2,1.19,1.19,0.8953333333333333,28.82766666666667,1.0,2026-10-04
GCBD5041,24.925,125.225,1.3,1.19,1.19,0.8953333333333333,28.82766666666667,1.0,2026-10-04
GCBD4734,24.925,125.225,1.6,1.19,1.19,0.8953333333333333,28.82766666666667,1.0,2026-10-04
GCBD5042,24.925,125.225,2.5,1.19,1.19,0.8953333333333333,28.82766666666667,1.0,2026-10-04
GCBD5043,24.925,125.225,2.5,1.19,1.19,0.8953333333333333,28.82766666666667,1.0,2026-10-04
GCBD5044,24.925,125.225,2.5,1.19,1.19,0.8953333333333333,28.82766666666667,1.0,2026-10-04
GCBD5349,24.975,125.275,1.4,1.25,1.25,0.9223333333333333,28.84,1.0,2026-10-04
GCBD5045,24.975,125.275,1.4,1.25,1.25,0.9223333333333333,28.84,1.0,2026-10-04
GCBD5046,24.975,125.275,1.2,1.25,1.25,0.9223333333333333,28.84,1.0,2026-10-04
GCBD5047,24.975,125.275,1.9,1.25,1.25,0.9223333333333333,28.84,1.0,2026-10-04
GCBD5048,24.975,125.275,1.9,1.25,1.25,0.9223333333333333,28.84,1.0,2026-10-04
GCBD5350,24.975,125.275,2.6,1.25,1.25,0.9223333333333333,28.84,1.0,2026-10-04
GCBD5351,24.975,125.275,2.7,1.25,1.25,0.9223333333333333,28.84,1.0,2026-10-04
GCBD5049,25.025,125.275,2.1,1.3,1.3,0.9210000000000002,28.851000000000003,1.0,2026-10-04
GCBD5273,25.025,125.225,2.4,1.25,1.25,0.8986666666666667,28.840333333333334,1.0,2026-10-04
GCBD5275,25.025,125.225,1.7,1.25,1.25,0.8986666666666667,28.840333333333334,1.0,2026-10-04
GCBD7790,27.525,35.525,2.4,3.7,3.7,1.469,29.648666666666667,0.0,2026-10-04
GCBD7781,27.325,49.525,2.4,9.09,9.09,2.1426666666666665,33.253333333333345,1.0,2026-10-04
GCBD7779,27.525,49.725,3.7,11.08,11.08,2.302,33.551,1.0,2026-10-04
GCBD1366,26.025,50.875,2.5,9.12,9.12,2.2196666666666665,34.205666666666666,0.0,2026-10-04
GCBD1362,26.075,50.775,0.8,9.69,9.69,2.271,34.22266666666667,0.0,2026-10-04
GCBD1363,26.075,50.775,1.3,9.69,9.69,2.271,34.22266666666667,0.0,2026-10-04
GCBD1349,26.125,50.775,1.8,9.64,9.64,2.2903333333333333,34.25966666666667,0.0,2026-10-04
GCBD1350,26.125,50.775,1.1,9.64,9.64,2.2903333333333333,34.25966666666667,0.0,2026-10-04
GCBD1364,26.125,50.675,0.5,9.41,9.41,2.1856666666666666,34.099000000000004,0.0,2026-10-04
GCBD1351,26.125,50.775,2.8,9.64,9.64,2.2903333333333333,34.25966666666667,0.0,2026-10-04
GCBD1352,26.125,50.775,2.9,9.64,9.64,2.2903333333333333,34.25966666666667,0.0,2026-10-04
GCBD1358,26.125,50.725,3.7,9.63,9.63,2.255333333333333,34.196666666666665,0.0,2026-10-04
GCBD1368,26.275,50.925,2.8,9.26,9.26,2.154333333333333,34.28,0.0,2026-10-04
GCBD1367,26.275,50.925,1.5,9.26,9.26,2.154333333333333,34.28,0.0,2026-10-04
GCBD1359,26.275,50.975,2.3,8.92,8.92,2.138,34.27966666666667,0.0,2026-10-04
GCBD1353,26.375,50.425,1.9,9.88,9.88,2.261,33.91766666666666,0.0,2026-10-04
GCBD1360,26.625,50.775,3.7,6.8,6.8,2.0319999999999996,34.236999999999995,1.0,2026-10-04
GCBD1354,26.875,50.975,1.0,9.78,9.78,2.0613333333333332,34.04333333333333,1.0,2026-10-04
GCBD1355,26.875,50.975,1.4,9.78,9.78,2.0613333333333332,34.04333333333333,1.0,2026-10-04
GCBD1356,26.875,50.975,1.4,9.78,9.78,2.0613333333333332,34.04333333333333,1.0,2026-10-04
GCBD1357,26.925,50.925,3.1,9.71,9.71,2.042333333333333,33.979,1.0,2026-10-04
GCBD4377,26.525,53.875,3.0,1.34,1.34,0.8676666666666667,33.117333333333335,0.0,2026-10-04
GCBD4379,27.425,52.575,3.0,6.54,6.54,1.5513333333333335,34.34766666666667,0.0,2026-10-04
GCBD4380,27.425,52.575,2.9,6.54,6.54,1.5513333333333335,34.34766666666667,0.0,2026-10-04
GCBD4392,26.225,55.175,2.7,0.31,0.31,0.8866666666666668,32.55466666666667,0.0,2026-10-04
GCBD4393,26.275,55.275,1.5,0.79,0.79,0.8103333333333331,32.41966666666667,0.0,2026-10-04
GCBD4394,26.275,55.325,2.5,0.81,0.81,0.8013333333333335,32.39866666666667,0.0,2026-10-04
GCBD4395,26.475,54.025,3.2,1.38,1.38,0.7586666666666666,32.98766666666667,0.0,2026-10-04
GCBD4396,26.475,54.025,3.3,1.38,1.38,0.7586666666666666,32.98766666666667,0.0,2026-10-04
GCBD4374,26.525,54.075,3.4,1.63,1.63,0.865,33.05233333333334,0.0,2026-10-04
GCBD4375,26.525,54.025,3.3,1.33,1.33,0.8356666666666666,33.032333333333334,0.0,2026-10-04
GCBD4376,26.525,54.025,2.9,1.33,1.33,0.8356666666666666,33.032333333333334,0.0,2026-10-04
GCBD4381,26.525,54.025,2.6,1.33,1.33,0.8356666666666666,33.032333333333334,0.0,2026-10-04
GCBD4397,26.675,55.925,2.0,0.61,0.61,0.9180000000000003,32.144999999999996,0.0,2026-10-04
GCBD6892,26.075,56.425,1.0,1.3,3.41,0.7113333333333335,31.737333333333332,0.0,2026-10-04
GCBD6893,26.075,56.425,1.0,1.3,3.41,0.7113333333333335,31.737333333333332,0.0,2026-10-04
GCBD6894,26.075,56.425,1.3,1.3,3.41,0.7113333333333335,31.737333333333332,0.0,2026-10-04
GCBD6895,26.075,56.475,1.6,0.36,2.63,0.6793333333333335,31.707666666666668,0.0,2026-10-04
GCBD6896,26.125,56.475,0.8,0.51,2.46,0.6859999999999999,31.689999999999998,0.0,2026-10-04
GCBD6897,26.125,56.475,1.1,0.51,2.46,0.6859999999999999,31.689999999999998,0.0,2026-10-04
GCBD6898,26.125,56.475,2.1,0.51,2.46,0.6859999999999999,31.689999999999998,0.0,2026-10-04
GCBD6899,26.125,56.475,2.3,0.51,2.46,0.6859999999999999,31.689999999999998,0.0,2026-10-04
GCBD6900,26.175,56.375,2.7,1.49,2.42,0.7790000000000001,31.842666666666666,0.0,2026-10-04
GCBD6901,26.175,56.375,2.4,1.49,2.42,0.7790000000000001,31.842666666666666,0.0,2026-10-04
GCBD6902,26.175,56.375,1.8,1.49,2.42,0.7790000000000001,31.842666666666666,0.0,2026-10-04
GCBD6903,26.175,56.475,1.6,0.5,2.08,0.6543333333333333,31.643000000000004,0.0,2026-10-04
GCBD6904,26.225,56.425,1.2,0.33,1.29,0.6076666666666666,31.601333333333333,0.0,2026-10-04
GCBD6905,26.225,56.475,1.0,0.48,1.66,0.6326666666666667,31.605333333333327,0.0,2026-10-04
GCBD6906,26.225,56.475,1.9,0.48,1.66,0.6326666666666667,31.605333333333327,0.0,2026-10-04
GCBD6907,26.225,56.475,1.9,0.48,1.66,0.6326666666666667,31.605333333333327,0.0,2026-10-04
GCBD6879,26.275,56.325,2.9,0.15,0.15,0.7396666666666667,31.945,0.0,2026-10-04
GCBD6908,26.275,56.425,1.9,0.16,0.52,0.5666666666666667,31.549666666666667,0.0,2026-10-04
GCBD6909,26.275,56.425,2.0,0.16,0.52,0.5666666666666667,31.549666666666667,0.0,2026-10-04
GCBD6910,26.275,56.325,2.6,0.15,0.15,0.7396666666666667,31.945,0.0,2026-10-04
GCBD6911,26.275,56.325,2.6,0.15,0.15,0.7396666666666667,31.945,0.0,2026-10-04
GCBD6912,26.275,56.325,2.6,0.15,0.15,0.7396666666666667,31.945,0.0,2026-10-04
GCBD6913,26.275,56.325,2.6,0.15,0.15,0.7396666666666667,31.945,0.0,2026-10-04
GCBD6914,26.325,56.475,1.5,0.16,0.8200000000000001,0.6113333333333333,31.570666666666668,0.0,2026-10-04
GCBD6875,26.325,56.475,1.5,0.16,0.8200000000000001,0.6113333333333333,31.570666666666668,0.0,2026-10-04
GCBD6915,26.325,56.475,2.0,0.16,0.8200000000000001,0.6113333333333333,31.570666666666668,0.0,2026-10-04
GCBD6876,26.325,56.475,2.4,0.16,0.8200000000000001,0.6113333333333333,31.570666666666668,0.0,2026-10-04
GCBD6916,26.325,56.475,2.5,0.16,0.8200000000000001,0.6113333333333333,31.570666666666668,0.0,2026-10-04
GCBD6917,26.375,56.475,3.2,0.17,0.63,0.6443333333333334,31.605999999999998,0.0,2026-10-04
GCBD6918,26.375,56.475,3.0,0.17,0.63,0.6443333333333334,31.605999999999998,0.0,2026-10-04
GCBD6919,26.375,56.475,2.5,0.17,0.63,0.6443333333333334,31.605999999999998,0.0,2026-10-04
GCBD6920,26.375,56.475,2.5,0.17,0.63,0.6443333333333334,31.605999999999998,0.0,2026-10-04
GCBD6921,26.375,56.525,1.2,0.48,1.23,0.7406666666666667,31.716666666666665,0.0,2026-10-04
GCBD6922,26.375,56.425,1.0,0.15,0.15,0.6073333333333333,31.596333333333334,0.0,2026-10-04
GCBD6923,26.375,56.375,1.4,0.0,0.0,0.634,31.700666666666667,0.0,2026-10-04
GCBD6924,26.375,56.375,0.9,0.0,0.0,0.634,31.700666666666667,0.0,2026-10-04
GCBD6925,26.375,56.375,1.0,0.0,0.0,0.634,31.700666666666667,0.0,2026-10-04
GCBD6926,26.375,56.425,0.9,0.15,0.15,0.6073333333333333,31.596333333333334,0.0,2026-10-04
GCBD6927,26.375,56.425,2.4,0.15,0.15,0.6073333333333333,31.596333333333334,0.0,2026-10-04
GCBD6928,26.375,56.425,1.0,0.15,0.15,0.6073333333333333,31.596333333333334,0.0,2026-10-04
GCBD6929,26.375,56.425,1.1,0.15,0.15,0.6073333333333333,31.596333333333334,0.0,2026-10-04
GCBD6930,26.375,56.375,2.6,0.0,0.0,0.634,31.700666666666667,0.0,2026-10-04
GCBD6931,26.375,56.375,1.1,0.0,0.0,0.634,31.700666666666667,0.0,2026-10-04
GCBD6932,26.375,56.425,1.2,0.15,0.15,0.6073333333333333,31.596333333333334,0.0,2026-10-04
GCBD4378,26.875,56.375,2.7,1.52,1.69,1.2076666666666667,32.27400000000001,0.0,2026-10-04
GCBD5317,26.075,127.075,0.7,2.37,2.37,0.9023333333333334,28.886,1.0,2026-10-04
GCBD5050,26.075,127.675,1.9,2.83,2.83,0.8906666666666667,28.916999999999994,1.0,2026-10-04
GCBD5051,26.075,127.675,1.3,2.83,2.83,0.8906666666666667,28.916999999999994,1.0,2026-10-04
GCBD5052,26.075,127.725,2.1,3.11,3.11,0.9149999999999999,28.960333333333335,1.0,2026-10-04
GCBD5053,26.075,127.725,2.3,3.11,3.11,0.9149999999999999,28.960333333333335,1.0,2026-10-04
GCBD5054,26.075,127.725,2.4,3.11,3.11,0.9149999999999999,28.960333333333335,1.0,2026-10-04
GCBD5055,26.075,127.725,2.2,3.11,3.11,0.9149999999999999,28.960333333333335,1.0,2026-10-04
GCBD5056,26.075,127.725,2.3,3.11,3.11,0.9149999999999999,28.960333333333335,1.0,2026-10-04
GCBD5057,26.075,127.725,2.4,3.11,3.11,0.9149999999999999,28.960333333333335,1.0,2026-10-04
GCBD4875,26.075,127.725,2.0,3.11,3.11,0.9149999999999999,28.960333333333335,1.0,2026-10-04
GCBD5058,26.075,127.725,1.5,3.11,3.11,0.9149999999999999,28.960333333333335,1.0,2026-10-04
GCBD4876,26.075,127.725,2.0,3.11,3.11,0.9149999999999999,28.960333333333335,1.0,2026-10-04
GCBD4877,26.075,127.725,2.1,3.11,3.11,0.9149999999999999,28.960333333333335,1.0,2026-10-04
GCBD4878,26.075,127.725,2.0,3.11,3.11,0.9149999999999999,28.960333333333335,1.0,2026-10-04
GCBD4879,26.075,127.725,2.3,3.11,3.11,0.9149999999999999,28.960333333333335,1.0,2026-10-04
GCBD4880,26.075,127.725,2.3,3.11,3.11,0.9149999999999999,28.960333333333335,1.0,2026-10-04
GCBD4881,26.075,127.725,2.3,3.11,3.11,0.9149999999999999,28.960333333333335,1.0,2026-10-04
GCBD4882,26.075,127.725,2.3,3.11,3.11,0.9149999999999999,28.960333333333335,1.0,2026-10-04
GCBD4883,26.075,127.725,2.3,3.11,3.11,0.9149999999999999,28.960333333333335,1.0,2026-10-04
GCBD5278,26.075,127.725,3.1,3.11,3.11,0.9149999999999999,28.960333333333335,1.0,2026-10-04
GCBD5059,26.125,127.775,3.5,3.5500000000000003,3.5500000000000003,1.0086666666666668,29.019000000000002,1.0,2026-10-04
GCBD5060,26.125,127.675,2.5,3.09,3.09,0.9453333333333332,28.886666666666667,1.0,2026-10-04
GCBD4735,26.125,127.675,2.7,3.09,3.09,0.9453333333333332,28.886666666666667,1.0,2026-10-04
GCBD5061,26.125,127.775,0.6,3.5500000000000003,3.5500000000000003,1.0086666666666668,29.019000000000002,1.0,2026-10-04
GCBD5062,26.125,127.775,0.7,3.5500000000000003,3.5500000000000003,1.0086666666666668,29.019000000000002,1.0,2026-10-04
GCBD5063,26.125,127.775,2.4,3.5500000000000003,3.5500000000000003,1.0086666666666668,29.019000000000002,1.0,2026-10-04
GCBD5064,26.125,127.825,2.8,3.51,3.51,1.0050000000000001,29.035999999999998,1.0,2026-10-04
GCBD5065,26.175,127.225,1.7,2.09,2.09,0.9243333333333332,28.72233333333333,1.0,2026-10-04
GCBD5066,26.175,127.325,2.2,2.05,2.05,0.967,28.699333333333335,1.0,2026-10-04
GCBD5067,26.175,127.325,1.1,2.05,2.05,0.967,28.699333333333335,1.0,2026-10-04
GCBD5068,26.175,127.325,1.6,2.05,2.05,0.967,28.699333333333335,1.0,2026-10-04
GCBD5069,26.175,127.325,1.5,2.05,2.05,0.967,28.699333333333335,1.0,2026-10-04
GCBD5070,26.175,127.225,0.6,2.09,2.09,0.9243333333333332,28.72233333333333,1.0,2026-10-04
GCBD5071,26.175,127.225,0.6,2.09,2.09,0.9243333333333332,28.72233333333333,1.0,2026-10-04
GCBD5072,26.175,127.275,1.0,2.04,2.04,0.9473333333333331,28.699666666666666,1.0,2026-10-04
GCBD5352,26.175,127.325,2.2,2.05,2.05,0.967,28.699333333333335,1.0,2026-10-04
GCBD4884,26.175,127.775,1.3,3.9,3.9,1.0893333333333333,29.027,1.0,2026-10-04
GCBD5073,26.175,127.275,2.3,2.04,2.04,0.9473333333333331,28.699666666666666,1.0,2026-10-04
GCBD5074,26.175,127.275,2.3,2.04,2.04,0.9473333333333331,28.699666666666666,1.0,2026-10-04
GCBD5281,26.175,127.275,3.0,2.04,2.04,0.9473333333333331,28.699666666666666,1.0,2026-10-04
GCBD5075,26.225,127.275,3.0,1.98,1.98,0.9673333333333333,28.667666666666666,1.0,2026-10-04
GCBD5076,26.225,127.275,2.8,1.98,1.98,0.9673333333333333,28.667666666666666,1.0,2026-10-04
GCBD4885,26.225,127.625,2.8,2.35,2.35,0.9813333333333333,28.72533333333333,1.0,2026-10-04
GCBD4736,26.225,127.625,1.9,2.35,2.35,0.9813333333333333,28.72533333333333,1.0,2026-10-04
GCBD4737,26.225,127.625,2.2,2.35,2.35,0.9813333333333333,28.72533333333333,1.0,2026-10-04
GCBD5077,26.225,127.275,2.2,1.98,1.98,0.9673333333333333,28.667666666666666,1.0,2026-10-04
GCBD5078,26.225,127.275,2.0,1.98,1.98,0.9673333333333333,28.667666666666666,1.0,2026-10-04
GCBD5353,26.225,127.275,1.7,1.98,1.98,0.9673333333333333,28.667666666666666,1.0,2026-10-04
GCBD4738,26.225,127.625,2.4,2.35,2.35,0.9813333333333333,28.72533333333333,1.0,2026-10-04
GCBD5079,26.225,127.275,1.6,1.98,1.98,0.9673333333333333,28.667666666666666,1.0,2026-10-04
GCBD5080,26.225,127.275,1.3,1.98,1.98,0.9673333333333333,28.667666666666666,1.0,2026-10-04
GCBD5081,26.225,127.675,1.0,2.75,2.75,1.0250000000000001,28.785,1.0,2026-10-04
GCBD5082,26.225,127.325,1.7,1.96,1.96,0.997,28.660999999999998,1.0,2026-10-04
GCBD5282,26.225,127.375,1.5,1.95,1.95,1.005,28.66666666666667,1.0,2026-10-04
GCBD5083,26.225,127.275,1.5,1.98,1.98,0.9673333333333333,28.667666666666666,1.0,2026-10-04
GCBD5084,26.225,127.275,1.4,1.98,1.98,0.9673333333333333,28.667666666666666,1.0,2026-10-04
GCBD5085,26.225,127.375,2.2,1.95,1.95,1.005,28.66666666666667,1.0,2026-10-04
GCBD4886,26.225,127.375,1.2,1.95,1.95,1.005,28.66666666666667,1.0,2026-10-04
GCBD4723,26.225,127.325,1.7,1.96,1.96,0.997,28.660999999999998,1.0,2026-10-04
GCBD5283,26.225,127.275,2.2,1.98,1.98,0.9673333333333333,28.667666666666666,1.0,2026-10-04
GCBD5086,26.225,127.275,1.9,1.98,1.98,0.9673333333333333,28.667666666666666,1.0,2026-10-04
GCBD4616,26.225,127.675,2.4,2.75,2.75,1.0250000000000001,28.785,1.0,2026-10-04
GCBD4617,26.225,127.675,2.5,2.75,2.75,1.0250000000000001,28.785,1.0,2026-10-04
GCBD4618,26.225,127.675,2.6,2.75,2.75,1.0250000000000001,28.785,1.0,2026-10-04
GCBD4619,26.225,127.675,2.6,2.75,2.75,1.0250000000000001,28.785,1.0,2026-10-04
GCBD4620,26.275,127.675,2.8,2.51,2.51,1.0246666666666666,28.730000000000004,1.0,2026-10-04
GCBD5087,26.275,127.425,2.8,1.55,1.55,1.005,28.648000000000003,1.0,2026-10-04
GCBD4887,26.275,127.675,2.6,2.51,2.51,1.0246666666666666,28.730000000000004,1.0,2026-10-04
GCBD5088,26.275,127.425,3.0,1.55,1.55,1.005,28.648000000000003,1.0,2026-10-04
GCBD4888,26.275,127.675,2.1,2.51,2.51,1.0246666666666666,28.730000000000004,1.0,2026-10-04
GCBD4889,26.275,127.675,2.1,2.51,2.51,1.0246666666666666,28.730000000000004,1.0,2026-10-04
GCBD4890,26.275,127.675,2.1,2.51,2.51,1.0246666666666666,28.730000000000004,1.0,2026-10-04
GCBD4891,26.275,127.675,2.1,2.51,2.51,1.0246666666666666,28.730000000000004,1.0,2026-10-04
GCBD4892,26.275,127.675,2.0,2.51,2.51,1.0246666666666666,28.730000000000004,1.0,2026-10-04
GCBD4893,26.275,127.675,2.1,2.51,2.51,1.0246666666666666,28.730000000000004,1.0,2026-10-04
GCBD4894,26.275,127.675,2.0,2.51,2.51,1.0246666666666666,28.730000000000004,1.0,2026-10-04
GCBD4895,26.275,127.675,2.0,2.51,2.51,1.0246666666666666,28.730000000000004,1.0,2026-10-04
GCBD4896,26.275,127.675,2.0,2.51,2.51,1.0246666666666666,28.730000000000004,1.0,2026-10-04
GCBD4897,26.275,127.675,2.0,2.51,2.51,1.0246666666666666,28.730000000000004,1.0,2026-10-04
GCBD4898,26.275,127.675,2.0,2.51,2.51,1.0246666666666666,28.730000000000004,1.0,2026-10-04
GCBD4899,26.275,127.675,2.4,2.51,2.51,1.0246666666666666,28.730000000000004,1.0,2026-10-04
GCBD4900,26.275,127.675,2.0,2.51,2.51,1.0246666666666666,28.730000000000004,1.0,2026-10-04
GCBD5322,26.275,127.675,2.5,2.51,2.51,1.0246666666666666,28.730000000000004,1.0,2026-10-04
GCBD4901,26.275,127.725,2.0,3.0500000000000003,3.0500000000000003,1.0853333333333335,28.826,1.0,2026-10-04
GCBD5089,26.275,127.975,0.6,3.38,3.38,1.052,29.049666666666667,1.0,2026-10-04
GCBD4621,26.275,127.725,1.1,3.0500000000000003,3.0500000000000003,1.0853333333333335,28.826,1.0,2026-10-04
GCBD4902,26.275,127.725,2.3,3.0500000000000003,3.0500000000000003,1.0853333333333335,28.826,1.0,2026-10-04
GCBD4903,26.275,127.725,2.5,3.0500000000000003,3.0500000000000003,1.0853333333333335,28.826,1.0,2026-10-04
GCBD4904,26.275,127.725,2.3,3.0500000000000003,3.0500000000000003,1.0853333333333335,28.826,1.0,2026-10-04
GCBD4905,26.275,127.725,1.4,3.0500000000000003,3.0500000000000003,1.0853333333333335,28.826,1.0,2026-10-04
GCBD5284,26.275,126.775,3.0,1.99,1.99,0.8636666666666669,28.766000000000002,0.0,2026-10-04
GCBD4906,26.325,127.725,2.4,2.7,2.7,1.0343333333333333,28.715333333333334,1.0,2026-10-04
GCBD5090,26.275,127.825,3.5,4.18,4.18,1.1766666666666665,29.08966666666667,1.0,2026-10-04
GCBD5285,26.275,126.775,3.4,1.99,1.99,0.8636666666666669,28.766000000000002,0.0,2026-10-04
GCBD5091,26.325,127.875,2.4,4.05,4.05,1.1363333333333332,29.049666666666663,1.0,2026-10-04
GCBD5092,26.325,127.875,2.4,4.05,4.05,1.1363333333333332,29.049666666666663,1.0,2026-10-04
GCBD5093,26.325,127.875,2.3,4.05,4.05,1.1363333333333332,29.049666666666663,1.0,2026-10-04
GCBD5094,26.325,127.875,2.2,4.05,4.05,1.1363333333333332,29.049666666666663,1.0,2026-10-04
GCBD4907,26.275,126.775,4.6,1.99,1.99,0.8636666666666669,28.766000000000002,0.0,2026-10-04
GCBD4908,26.325,127.725,1.5,2.7,2.7,1.0343333333333333,28.715333333333334,1.0,2026-10-04
GCBD5286,26.325,126.875,0.6,1.96,1.96,0.904,28.752,0.0,2026-10-04
GCBD5287,26.325,126.875,0.3,1.96,1.96,0.904,28.752,0.0,2026-10-04
GCBD5288,26.325,127.725,1.9,2.7,2.7,1.0343333333333333,28.715333333333334,1.0,2026-10-04
GCBD4739,26.325,127.725,1.9,2.7,2.7,1.0343333333333333,28.715333333333334,1.0,2026-10-04
GCBD4740,26.325,127.725,2.0,2.7,2.7,1.0343333333333333,28.715333333333334,1.0,2026-10-04
GCBD4741,26.325,127.725,1.9,2.7,2.7,1.0343333333333333,28.715333333333334,1.0,2026-10-04
GCBD4742,26.325,127.725,2.0,2.7,2.7,1.0343333333333333,28.715333333333334,1.0,2026-10-04
GCBD4743,26.325,127.725,1.9,2.7,2.7,1.0343333333333333,28.715333333333334,1.0,2026-10-04
GCBD4744,26.325,127.725,1.9,2.7,2.7,1.0343333333333333,28.715333333333334,1.0,2026-10-04
GCBD4745,26.325,127.725,1.8,2.7,2.7,1.0343333333333333,28.715333333333334,1.0,2026-10-04
GCBD4909,26.325,126.725,3.5,1.94,1.94,0.828,28.739,0.0,2026-10-04
GCBD4746,26.325,127.725,1.8,2.7,2.7,1.0343333333333333,28.715333333333334,1.0,2026-10-04
GCBD4747,26.325,127.725,1.9,2.7,2.7,1.0343333333333333,28.715333333333334,1.0,2026-10-04
GCBD4748,26.325,127.725,1.9,2.7,2.7,1.0343333333333333,28.715333333333334,1.0,2026-10-04
GCBD4910,26.375,127.725,3.2,2.19,2.19,0.9726666666666668,28.631333333333327,1.0,2026-10-04
GCBD4715,26.375,127.125,2.8,1.62,1.62,0.9163333333333334,28.717333333333332,1.0,2026-10-04
GCBD5095,26.375,126.875,3.1,1.99,1.99,0.8936666666666666,28.730333333333338,0.0,2026-10-04
GCBD4749,26.375,127.725,2.4,2.19,2.19,0.9726666666666668,28.631333333333327,1.0,2026-10-04
GCBD4750,26.375,127.725,2.3,2.19,2.19,0.9726666666666668,28.631333333333327,1.0,2026-10-04
GCBD4911,26.375,126.825,1.8,2.0,2.0,0.8653333333333335,28.718666666666667,0.0,2026-10-04
GCBD4912,26.375,126.825,1.7,2.0,2.0,0.8653333333333335,28.718666666666667,0.0,2026-10-04
GCBD4751,26.375,127.725,1.9,2.19,2.19,0.9726666666666668,28.631333333333327,1.0,2026-10-04
GCBD5289,26.375,126.775,2.2,1.99,1.99,0.8386666666666666,28.716000000000008,0.0,2026-10-04
GCBD4913,26.375,126.775,1.7,1.99,1.99,0.8386666666666666,28.716000000000008,0.0,2026-10-04
GCBD4914,26.425,127.725,2.3,2.01,2.01,0.9446666666666667,28.59733333333333,1.0,2026-10-04
GCBD4915,26.425,127.725,1.5,2.01,2.01,0.9446666666666667,28.59733333333333,1.0,2026-10-04
GCBD4916,26.425,127.725,1.7,2.01,2.01,0.9446666666666667,28.59733333333333,1.0,2026-10-04
GCBD4917,26.425,127.725,1.8,2.01,2.01,0.9446666666666667,28.59733333333333,1.0,2026-10-04
GCBD4918,26.425,127.725,1.9,2.01,2.01,0.9446666666666667,28.59733333333333,1.0,2026-10-04
GCBD4919,26.425,127.725,2.0,2.01,2.01,0.9446666666666667,28.59733333333333,1.0,2026-10-04
GCBD5293,26.425,127.775,1.7,2.65,2.65,1.002,28.676,1.0,2026-10-04
GCBD4622,26.425,127.775,1.7,2.65,2.65,1.002,28.676,1.0,2026-10-04
GCBD4920,26.425,127.725,2.2,2.01,2.01,0.9446666666666667,28.59733333333333,1.0,2026-10-04
GCBD4921,26.425,127.725,2.2,2.01,2.01,0.9446666666666667,28.59733333333333,1.0,2026-10-04
GCBD4922,26.425,127.725,2.4,2.01,2.01,0.9446666666666667,28.59733333333333,1.0,2026-10-04
GCBD4923,26.425,127.775,2.1,2.65,2.65,1.002,28.676,1.0,2026-10-04
GCBD4623,26.425,127.775,2.1,2.65,2.65,1.002,28.676,1.0,2026-10-04
GCBD4624,26.425,127.775,2.1,2.65,2.65,1.002,28.676,1.0,2026-10-04
GCBD4625,26.425,127.775,2.1,2.65,2.65,1.002,28.676,1.0,2026-10-04
GCBD4626,26.425,127.775,2.2,2.65,2.65,1.002,28.676,1.0,2026-10-04
GCBD4924,26.425,127.775,2.3,2.65,2.65,1.002,28.676,1.0,2026-10-04
GCBD4925,26.425,127.775,2.3,2.65,2.65,1.002,28.676,1.0,2026-10-04
GCBD4926,26.425,127.775,2.3,2.65,2.65,1.002,28.676,1.0,2026-10-04
GCBD5290,26.425,127.775,2.3,2.65,2.65,1.002,28.676,1.0,2026-10-04
GCBD4927,26.425,127.775,2.3,2.65,2.65,1.002,28.676,1.0,2026-10-04
GCBD5325,26.425,127.775,2.5,2.65,2.65,1.002,28.676,1.0,2026-10-04
GCBD5096,26.425,127.775,2.9,2.65,2.65,1.002,28.676,1.0,2026-10-04
GCBD5097,26.425,127.925,3.3,3.56,3.56,1.0776666666666666,28.915333333333326,1.0,2026-10-04
GCBD5323,26.475,127.975,1.9,3.15,3.15,1.0083333333333333,28.843999999999994,1.0,2026-10-04
GCBD5098,26.475,127.825,2.5,2.74,2.74,0.9753333333333333,28.66166666666667,1.0,2026-10-04
GCBD5099,26.475,127.825,2.6,2.74,2.74,0.9753333333333333,28.66166666666667,1.0,2026-10-04
GCBD5100,26.475,127.825,2.7,2.74,2.74,0.9753333333333333,28.66166666666667,1.0,2026-10-04
GCBD5101,26.475,127.825,2.7,2.74,2.74,0.9753333333333333,28.66166666666667,1.0,2026-10-04
GCBD4752,26.475,127.825,2.7,2.74,2.74,0.9753333333333333,28.66166666666667,1.0,2026-10-04
GCBD5102,26.475,127.825,2.7,2.74,2.74,0.9753333333333333,28.66166666666667,1.0,2026-10-04
GCBD5103,26.525,127.825,3.0,2.45,2.45,0.8960000000000001,28.553333333333338,1.0,2026-10-04
GCBD5104,26.525,127.825,3.0,2.45,2.45,0.8960000000000001,28.553333333333338,1.0,2026-10-04
GCBD5105,26.525,127.825,3.0,2.45,2.45,0.8960000000000001,28.553333333333338,1.0,2026-10-04
GCBD5106,26.525,127.825,3.0,2.45,2.45,0.8960000000000001,28.553333333333338,1.0,2026-10-04
GCBD5107,26.525,127.825,3.3,2.45,2.45,0.8960000000000001,28.553333333333338,1.0,2026-10-04
GCBD5108,26.525,127.825,3.2,2.45,2.45,0.8960000000000001,28.553333333333338,1.0,2026-10-04
GCBD4928,26.525,127.875,2.9,2.63,2.63,0.9156666666666667,28.60533333333333,1.0,2026-10-04
GCBD4929,26.525,127.875,2.9,2.63,2.63,0.9156666666666667,28.60533333333333,1.0,2026-10-04
GCBD4627,26.525,127.875,2.2,2.63,2.63,0.9156666666666667,28.60533333333333,1.0,2026-10-04
GCBD4930,26.525,127.875,2.8,2.63,2.63,0.9156666666666667,28.60533333333333,1.0,2026-10-04
GCBD4931,26.525,127.875,2.5,2.63,2.63,0.9156666666666667,28.60533333333333,1.0,2026-10-04
GCBD4932,26.525,127.875,2.2,2.63,2.63,0.9156666666666667,28.60533333333333,1.0,2026-10-04
GCBD5110,26.525,127.875,1.8,2.63,2.63,0.9156666666666667,28.60533333333333,1.0,2026-10-04
GCBD4933,26.525,127.925,0.4,2.91,2.91,0.9383333333333334,28.668333333333337,1.0,2026-10-04
GCBD4753,26.575,127.975,2.5,2.64,2.64,0.8779999999999999,28.611666666666668,1.0,2026-10-04
GCBD4754,26.575,127.975,2.5,2.64,2.64,0.8779999999999999,28.611666666666668,1.0,2026-10-04
GCBD4935,26.575,127.975,2.1,2.64,2.64,0.8779999999999999,28.611666666666668,1.0,2026-10-04
GCBD5119,26.575,127.225,1.8,2.32,2.32,0.8140000000000001,28.540999999999993,1.0,2026-10-04
GCBD4936,26.575,127.975,2.4,2.64,2.64,0.8779999999999999,28.611666666666668,1.0,2026-10-04
GCBD4937,26.575,127.925,3.1,2.49,2.49,0.8493333333333333,28.540333333333333,1.0,2026-10-04
GCBD4938,26.575,127.925,3.2,2.49,2.49,0.8493333333333333,28.540333333333333,1.0,2026-10-04
GCBD5279,26.625,127.875,0.4,2.29,2.29,0.8320000000000001,28.433666666666667,1.0,2026-10-04
GCBD9961,26.625,127.875,1.6,2.29,2.29,0.8320000000000001,28.433666666666667,1.0,2026-10-04
GCBD4939,26.625,127.875,1.6,2.29,2.29,0.8320000000000001,28.433666666666667,1.0,2026-10-04
GCBD9962,26.625,127.875,1.4,2.29,2.29,0.8320000000000001,28.433666666666667,1.0,2026-10-04
GCBD4940,26.625,127.875,1.7,2.29,2.29,0.8320000000000001,28.433666666666667,1.0,2026-10-04
GCBD5120,26.625,127.875,1.2,2.29,2.29,0.8320000000000001,28.433666666666667,1.0,2026-10-04
GCBD9963,26.625,127.875,1.5,2.29,2.29,0.8320000000000001,28.433666666666667,1.0,2026-10-04
GCBD5121,26.625,127.875,1.5,2.29,2.29,0.8320000000000001,28.433666666666667,1.0,2026-10-04
GCBD5122,26.625,127.875,1.5,2.29,2.29,0.8320000000000001,28.433666666666667,1.0,2026-10-04
GCBD5123,26.625,127.875,1.5,2.29,2.29,0.8320000000000001,28.433666666666667,1.0,2026-10-04
GCBD5319,26.625,127.875,2.4,2.29,2.29,0.8320000000000001,28.433666666666667,1.0,2026-10-04
GCBD5326,26.625,127.875,2.4,2.29,2.29,0.8320000000000001,28.433666666666667,1.0,2026-10-04
GCBD4941,26.625,127.825,2.2,2.05,2.05,0.8243333333333335,28.42033333333334,1.0,2026-10-04
GCBD4942,26.625,127.825,2.4,2.05,2.05,0.8243333333333335,28.42033333333334,1.0,2026-10-04
GCBD4943,26.625,127.875,3.1,2.29,2.29,0.8320000000000001,28.433666666666667,1.0,2026-10-04
GCBD5124,26.625,127.875,2.8,2.29,2.29,0.8320000000000001,28.433666666666667,1.0,2026-10-04
GCBD4944,26.675,127.825,2.6,2.21,2.21,0.8246666666666669,28.396333333333324,1.0,2026-10-04
GCBD4945,26.675,127.875,3.1,2.17,2.17,0.8390000000000001,28.404666666666664,1.0,2026-10-04
GCBD4946,26.675,127.825,3.0,2.21,2.21,0.8246666666666669,28.396333333333324,1.0,2026-10-04
GCBD4947,26.675,127.875,1.8,2.17,2.17,0.8390000000000001,28.404666666666664,1.0,2026-10-04
GCBD4948,26.675,127.875,0.8,2.17,2.17,0.8390000000000001,28.404666666666664,1.0,2026-10-04
GCBD4949,26.675,127.875,0.8,2.17,2.17,0.8390000000000001,28.404666666666664,1.0,2026-10-04
GCBD4950,26.675,127.875,2.3,2.17,2.17,0.8390000000000001,28.404666666666664,1.0,2026-10-04
GCBD4951,26.725,127.875,2.8,2.21,2.21,0.8620000000000002,28.406000000000002,1.0,2026-10-04
GCBD4952,26.725,127.875,2.4,2.21,2.21,0.8620000000000002,28.406000000000002,1.0,2026-10-04
GCBD5129,26.725,127.875,2.7,2.21,2.21,0.8620000000000002,28.406000000000002,1.0,2026-10-04
GCBD5130,26.725,127.925,2.5,2.27,2.27,0.8893333333333332,28.433333333333334,1.0,2026-10-04
GCBD4953,26.725,127.875,2.0,2.21,2.21,0.8620000000000002,28.406000000000002,1.0,2026-10-04
GCBD5131,26.725,127.875,1.8,2.21,2.21,0.8620000000000002,28.406000000000002,1.0,2026-10-04
GCBD4954,26.725,127.875,1.8,2.21,2.21,0.8620000000000002,28.406000000000002,1.0,2026-10-04
GCBD4955,26.725,127.875,1.8,2.21,2.21,0.8620000000000002,28.406000000000002,1.0,2026-10-04
GCBD9964,26.725,127.875,1.6,2.21,2.21,0.8620000000000002,28.406000000000002,1.0,2026-10-04
GCBD5132,26.725,127.775,1.7,2.1,2.1,0.8313333333333334,28.404000000000003,1.0,2026-10-04
GCBD5133,26.725,127.775,1.8,2.1,2.1,0.8313333333333334,28.404000000000003,1.0,2026-10-04
GCBD5137,26.925,127.925,1.9,1.94,1.94,0.9183333333333333,28.36933333333333,1.0,2026-10-04
GCBD4716,26.625,142.175,1.1,7.930000000000001,10.36,0.49599999999999994,28.14366666666667,1.0,2026-10-04
GCBD5294,26.675,142.175,2.5,7.73,9.94,0.5646666666666668,28.174333333333337,1.0,2026-10-04
GCBD5128,26.725,142.125,2.5,7.71,9.69,0.6089999999999999,28.208666666666666,1.0,2026-10-04
GCBD4957,27.025,142.175,2.5,7.42,8.47,0.8366666666666667,28.331000000000003,1.0,2026-10-04
GCBD5356,27.075,142.225,2.9,6.61,7.11,0.8643333333333334,28.32533333333334,1.0,2026-10-04
GCBD5357,27.075,142.225,3.0,6.61,7.11,0.8643333333333334,28.32533333333334,1.0,2026-10-04
GCBD5138,27.075,142.225,3.1,6.61,7.11,0.8643333333333334,28.32533333333334,1.0,2026-10-04
GCBD5139,27.075,142.225,3.2,6.61,7.11,0.8643333333333334,28.32533333333334,1.0,2026-10-04
GCBD5140,27.125,142.225,3.0,6.42,6.59,0.863,28.29966666666667,1.0,2026-10-04
GCBD5141,27.125,142.225,3.0,6.42,6.59,0.863,28.29966666666667,1.0,2026-10-04
GCBD7791,28.425,34.725,2.3,5.69,5.69,1.5466666666666666,27.704666666666665,0.0,2026-10-04
GCBD7792,29.375,34.975,3.0,3.5,3.5,1.218,27.174,0.0,2026-10-04
GCBD5363,29.425,34.975,2.8,3.19,3.19,1.1783333333333335,27.134333333333334,0.0,2026-10-04
GCBD5364,29.425,34.975,0.4,3.19,3.19,1.1783333333333335,27.134333333333334,0.0,2026-10-04
GCBD5365,29.475,34.975,2.8,3.18,3.18,1.161,27.117,0.0,2026-10-04
GCBD4399,29.475,34.925,2.2,3.64,3.64,1.2053333333333334,27.161333333333335,0.0,2026-10-04
GCBD4400,29.475,34.925,2.8,3.64,3.64,1.2053333333333334,27.161333333333335,0.0,2026-10-04
GCBD4401,29.475,34.925,2.9,3.64,3.64,1.2053333333333334,27.161333333333335,0.0,2026-10-04
GCBD4402,29.475,34.925,3.4,3.64,3.64,1.2053333333333334,27.161333333333335,0.0,2026-10-04
GCBD4403,29.475,34.925,3.9,3.64,3.64,1.2053333333333334,27.161333333333335,0.0,2026-10-04
GCBD5256,26.525,127.975,3.7,3.03,3.03,0.9660000000000001,28.748333333333335,1.0,2026-10-04
GCBD5291,26.525,128.075,2.5,2.94,2.94,0.9233333333333333,28.851333333333336,1.0,2026-10-04
GCBD5292,26.525,128.075,2.2,2.94,2.94,0.9233333333333333,28.851333333333336,1.0,2026-10-04
GCBD5109,26.525,128.075,1.7,2.94,2.94,0.9233333333333333,28.851333333333336,1.0,2026-10-04
GCBD5355,26.525,128.075,0.9,2.94,2.94,0.9233333333333333,28.851333333333336,1.0,2026-10-04
GCBD5111,26.525,128.075,0.5,2.94,2.94,0.9233333333333333,28.851333333333336,1.0,2026-10-04
GCBD4628,26.525,128.075,0.6,2.94,2.94,0.9233333333333333,28.851333333333336,1.0,2026-10-04
GCBD4629,26.525,128.075,0.6,2.94,2.94,0.9233333333333333,28.851333333333336,1.0,2026-10-04
GCBD4630,26.525,128.075,0.6,2.94,2.94,0.9233333333333333,28.851333333333336,1.0,2026-10-04
GCBD4631,26.525,128.075,0.8,2.94,2.94,0.9233333333333333,28.851333333333336,1.0,2026-10-04
GCBD4632,26.525,128.075,0.8,2.94,2.94,0.9233333333333333,28.851333333333336,1.0,2026-10-04
GCBD4633,26.525,128.075,0.8,2.94,2.94,0.9233333333333333,28.851333333333336,1.0,2026-10-04
GCBD5112,26.525,128.075,1.5,2.94,2.94,0.9233333333333333,28.851333333333336,1.0,2026-10-04
GCBD5113,26.525,128.075,1.5,2.94,2.94,0.9233333333333333,28.851333333333336,1.0,2026-10-04
GCBD5114,26.525,128.075,1.5,2.94,2.94,0.9233333333333333,28.851333333333336,1.0,2026-10-04
GCBD5115,26.575,128.025,3.7,2.71,2.71,0.8913333333333334,28.667666666666673,1.0,2026-10-04
GCBD5116,26.525,128.075,3.4,2.94,2.94,0.9233333333333333,28.851333333333336,1.0,2026-10-04
GCBD5117,26.525,128.075,3.0,2.94,2.94,0.9233333333333333,28.851333333333336,1.0,2026-10-04
GCBD5118,26.575,128.125,2.9,2.85,2.85,0.885,28.80133333333333,1.0,2026-10-04
GCBD4934,26.575,128.125,2.4,2.85,2.85,0.885,28.80133333333333,1.0,2026-10-04
GCBD5125,26.675,128.025,0.8,2.18,2.18,0.8659999999999999,28.51833333333333,1.0,2026-10-04
GCBD5126,26.675,128.025,2.2,2.18,2.18,0.8659999999999999,28.51833333333333,1.0,2026-10-04
GCBD5127,26.675,128.025,2.8,2.18,2.18,0.8659999999999999,28.51833333333333,1.0,2026-10-04
GCBD4755,26.725,128.025,1.4,2.1,2.1,0.8786666666666666,28.479,1.0,2026-10-04
GCBD4756,26.725,128.025,1.3,2.1,2.1,0.8786666666666666,28.479,1.0,2026-10-04
GCBD4757,26.725,128.025,1.2,2.1,2.1,0.8786666666666666,28.479,1.0,2026-10-04
GCBD4758,26.725,128.025,1.6,2.1,2.1,0.8786666666666666,28.479,1.0,2026-10-04
GCBD4759,26.725,128.025,1.2,2.1,2.1,0.8786666666666666,28.479,1.0,2026-10-04
GCBD5134,26.775,128.225,2.2,1.77,1.77,0.8353333333333333,28.527666666666665,0.0,2026-10-04
GCBD5135,26.775,128.225,1.5,1.77,1.77,0.8353333333333333,28.527666666666665,0.0,2026-10-04
GCBD5136,26.825,128.325,1.1,1.88,1.88,0.8776666666666666,28.662,0.0,2026-10-04
GCBD4760,26.825,128.275,2.8,1.73,1.73,0.849,28.573999999999998,0.0,2026-10-04
GCBD5295,27.025,128.425,1.6,2.4,2.4,0.8853333333333334,28.689666666666668,0.0,2026-10-04
GCBD5296,27.025,128.425,1.6,2.4,2.4,0.8853333333333334,28.689666666666668,0.0,2026-10-04
GCBD5297,27.025,128.425,1.9,2.4,2.4,0.8853333333333334,28.689666666666668,0.0,2026-10-04
GCBD4956,27.025,128.425,2.7,2.4,2.4,0.8853333333333334,28.689666666666668,0.0,2026-10-04
GCBD5298,27.075,128.425,2.4,2.43,2.43,0.8690000000000001,28.680999999999997,0.0,2026-10-04
GCBD4958,27.075,128.425,2.1,2.43,2.43,0.8690000000000001,28.680999999999997,0.0,2026-10-04
GCBD5274,27.075,128.425,2.2,2.43,2.43,0.8690000000000001,28.680999999999997,0.0,2026-10-04
GCBD5142,27.875,128.875,1.4,2.5500000000000003,2.5500000000000003,0.6449999999999999,28.246333333333332,0.0,2026-10-04
GCBD5445,28.675,48.675,2.4,16.05,16.05,2.749666666666666,33.456,1.0,2026-10-04
GCBD5450,28.825,48.775,1.0,15.23,15.23,2.692,33.455,1.0,2026-10-04
GCBD5446,28.925,48.425,2.5,16.44,16.44,2.777,33.20933333333333,1.0,2026-10-04
GCBD5448,29.075,48.475,1.8,16.02,16.02,2.7766666666666664,33.268,1.0,2026-10-04
GCBD5447,29.525,48.975,3.7,14.48,14.48,2.586666666666666,33.239000000000004,1.0,2026-10-04
GCBD5155,30.225,130.425,0.6,2.5,2.5,0.9673333333333335,28.421,0.0,2026-10-04
GCBD5277,30.275,130.425,1.2,2.15,2.15,0.9353333333333332,28.386000000000003,0.0,2026-10-04
GCBD5156,30.275,130.425,1.2,2.15,2.15,0.9353333333333332,28.386000000000003,0.0,2026-10-04
GCBD5316,30.275,130.425,7.7,2.15,2.15,0.9353333333333332,28.386000000000003,0.0,2026-10-04
GCBD5157,30.325,130.675,3.4,2.79,2.79,1.0396666666666667,28.297333333333334,0.0,2026-10-04
GCBD4717,30.425,130.425,2.2,2.43,2.43,0.9643333333333332,28.357999999999997,0.0,2026-10-04
GCBD4761,30.475,130.475,3.2,2.35,2.35,1.0003333333333333,28.352333333333334,0.0,2026-10-04
GCBD4722,30.475,130.475,3.0,2.35,2.35,1.0003333333333333,28.352333333333334,0.0,2026-10-04
GCBD4634,30.475,130.475,2.4,2.35,2.35,1.0003333333333333,28.352333333333334,0.0,2026-10-04
GCBD4635,30.475,130.475,2.3,2.35,2.35,1.0003333333333333,28.352333333333334,0.0,2026-10-04
GCBD4636,30.475,130.475,2.4,2.35,2.35,1.0003333333333333,28.352333333333334,0.0,2026-10-04
GCBD4637,30.475,130.475,2.3,2.35,2.35,1.0003333333333333,28.352333333333334,0.0,2026-10-04
GCBD4638,30.475,130.475,2.3,2.35,2.35,1.0003333333333333,28.352333333333334,0.0,2026-10-04
GCBD4639,30.475,130.475,2.3,2.35,2.35,1.0003333333333333,28.352333333333334,0.0,2026-10-04
GCBD4640,30.475,130.475,2.3,2.35,2.35,1.0003333333333333,28.352333333333334,0.0,2026-10-04
GCBD4641,30.475,130.475,2.3,2.35,2.35,1.0003333333333333,28.352333333333334,0.0,2026-10-04
GCBD5158,30.475,130.225,0.8,2.48,2.48,0.9416666666666665,28.359333333333336,0.0,2026-10-04
GCBD5159,30.475,130.225,0.9,2.48,2.48,0.9416666666666665,28.359333333333336,0.0,2026-10-04
GCBD5328,30.525,130.975,3.7,1.81,1.81,1.0943333333333336,28.247000000000003,0.0,2026-10-04
GCBD4718,30.775,130.275,1.1,3.39,3.39,1.125,28.304333333333336,0.0,2026-10-04
GCBD5160,30.825,130.425,1.3,3.38,3.38,1.2049999999999998,28.270000000000003,0.0,2026-10-04
GCBD5161,30.825,131.025,1.3,2.54,2.54,1.0989999999999998,28.098666666666663,0.0,2026-10-04
GCBD5329,31.575,130.575,2.7,6.1000000000000005,6.1000000000000005,1.626333333333333,27.97633333333333,0.0,2026-10-04
GCBD5162,31.725,131.475,1.7,5.7700000000000005,5.7700000000000005,1.2443333333333333,27.644,0.0,2026-10-04
GCBD4398,32.225,34.775,2.3,22.61,22.61,2.4033333333333338,29.430999999999997,1.0,2026-10-04
GCBD5143,28.075,129.325,0.5,3.6,3.6,0.6156666666666667,28.349999999999998,1.0,2026-10-04
GCBD4724,28.075,129.325,0.7,3.6,3.6,0.6156666666666667,28.349999999999998,1.0,2026-10-04
GCBD5299,28.125,129.375,3.3,3.35,3.35,0.547,28.30033333333333,1.0,2026-10-04
GCBD4725,28.125,129.375,3.2,3.35,3.35,0.547,28.30033333333333,1.0,2026-10-04
GCBD4726,28.125,129.375,3.2,3.35,3.35,0.547,28.30033333333333,1.0,2026-10-04
GCBD4959,28.125,129.225,1.9,2.84,2.84,0.308,27.868000000000002,1.0,2026-10-04
GCBD5144,28.075,129.325,4.1,3.6,3.6,0.6156666666666667,28.349999999999998,1.0,2026-10-04
GCBD5145,28.075,129.325,5.3,3.6,3.6,0.6156666666666667,28.349999999999998,1.0,2026-10-04
GCBD5146,28.125,129.225,6.4,2.84,2.84,0.308,27.868000000000002,1.0,2026-10-04
GCBD5147,28.125,129.225,7.9,2.84,2.84,0.308,27.868000000000002,1.0,2026-10-04
GCBD5148,28.175,129.175,6.9,2.61,2.61,0.11133333333333333,27.599666666666668,0.0,2026-10-04
GCBD5320,28.175,129.425,3.7,2.58,2.58,0.40700000000000003,28.166666666666668,0.0,2026-10-04
GCBD5149,28.275,129.275,7.9,3.2,3.2,0.11133333333333333,27.54533333333333,0.0,2026-10-04
GCBD5280,28.325,129.325,6.9,2.77,2.77,0.10133333333333336,27.57433333333334,0.0,2026-10-04
GCBD5150,28.325,129.575,1.4,2.07,2.07,0.19866666666666666,27.87033333333334,0.0,2026-10-04
GCBD4960,28.375,129.425,2.1,2.3000000000000003,2.3000000000000003,0.07766666666666668,27.610000000000003,0.0,2026-10-04
GCBD4961,28.375,129.625,3.1,2.31,2.31,0.26066666666666666,27.88366666666667,0.0,2026-10-04
GCBD5151,28.425,129.475,3.3,2.36,2.36,0.12733333333333335,27.667999999999996,0.0,2026-10-04
GCBD5152,28.375,129.675,3.7,2.36,2.36,0.37233333333333335,28.00833333333333,0.0,2026-10-04
GCBD4727,28.475,129.625,4.3,2.72,2.72,0.3506666666666666,27.859666666666666,0.0,2026-10-04
GCBD5153,28.475,129.725,1.7,2.74,2.74,0.5503333333333332,28.066666666666666,0.0,2026-10-04
GCBD4962,28.475,129.625,0.8,2.72,2.72,0.3506666666666666,27.859666666666666,0.0,2026-10-04
GCBD5154,29.775,129.925,0.9,2.95,2.95,0.675,28.348,0.0,2026-10-04
GCBD5176,32.775,132.875,1.0,7.16,7.16,1.073,27.564,0.0,2026-10-04
GCBD5177,32.775,132.625,1.0,7.46,7.46,1.1919999999999997,27.459999999999997,0.0,2026-10-04
GCBD4642,32.775,132.625,1.5,7.46,7.46,1.1919999999999997,27.459999999999997,0.0,2026-10-04
GCBD4643,32.775,132.625,1.5,7.46,7.46,1.1919999999999997,27.459999999999997,0.0,2026-10-04
GCBD5300,32.775,132.625,0.6,7.46,7.46,1.1919999999999997,27.459999999999997,0.0,2026-10-04
GCBD5301,32.775,132.625,0.5,7.46,7.46,1.1919999999999997,27.459999999999997,0.0,2026-10-04
GCBD4644,32.775,132.625,0.2,7.46,7.46,1.1919999999999997,27.459999999999997,0.0,2026-10-04
GCBD4645,32.775,132.625,0.3,7.46,7.46,1.1919999999999997,27.459999999999997,0.0,2026-10-04
GCBD4646,32.775,132.625,0.2,7.46,7.46,1.1919999999999997,27.459999999999997,0.0,2026-10-04
GCBD4647,32.775,132.625,0.3,7.46,7.46,1.1919999999999997,27.459999999999997,0.0,2026-10-04
GCBD5312,32.775,132.725,0.7,7.07,7.07,1.1469999999999998,27.504666666666665,0.0,2026-10-04
GCBD4648,32.775,132.875,0.5,7.16,7.16,1.073,27.564,0.0,2026-10-04
GCBD4762,32.775,132.725,0.7,7.07,7.07,1.1469999999999998,27.504666666666665,0.0,2026-10-04
GCBD4763,32.775,132.725,0.8,7.07,7.07,1.1469999999999998,27.504666666666665,0.0,2026-10-04
GCBD4764,32.775,132.725,0.8,7.07,7.07,1.1469999999999998,27.504666666666665,0.0,2026-10-04
GCBD5178,32.775,132.875,2.2,7.16,7.16,1.073,27.564,0.0,2026-10-04
GCBD5179,32.775,132.725,2.9,7.07,7.07,1.1469999999999998,27.504666666666665,0.0,2026-10-04
GCBD4651,32.875,132.675,2.4,8.06,8.06,1.239,27.365999999999996,0.0,2026-10-04
GCBD5302,32.925,132.425,1.7,6.84,6.84,0.9703333333333333,26.787,0.0,2026-10-04
GCBD5303,32.925,132.475,3.1,7.25,7.25,1.0319999999999998,26.872,0.0,2026-10-04
GCBD5181,33.025,132.475,2.1,5.25,5.25,0.8586666666666667,26.398666666666674,0.0,2026-10-04
GCBD5182,33.025,132.475,2.2,5.25,5.25,0.8586666666666667,26.398666666666674,0.0,2026-10-04
GCBD5183,33.025,132.475,2.3,5.25,5.25,0.8586666666666667,26.398666666666674,0.0,2026-10-04
GCBD4765,33.075,132.425,2.3,4.3,4.3,0.8573333333333333,26.161,0.0,2026-10-04
GCBD5185,33.125,132.425,1.6,4.0600000000000005,4.0600000000000005,0.9276666666666669,26.00700000000001,0.0,2026-10-04
GCBD5188,33.375,133.325,2.8,11.91,11.91,1.5410000000000004,27.738000000000003,0.0,2026-10-04
GCBD5192,33.475,133.775,5.3,10.91,10.91,1.5206666666666666,27.792333333333335,0.0,2026-10-04
GCBD4662,33.475,133.775,5.5,10.91,10.91,1.5206666666666666,27.792333333333335,0.0,2026-10-04
GCBD4663,33.475,133.775,5.5,10.91,10.91,1.5206666666666666,27.792333333333335,0.0,2026-10-04
GCBD4664,33.475,133.775,5.5,10.91,10.91,1.5206666666666666,27.792333333333335,0.0,2026-10-04
GCBD5165,32.225,129.975,3.1,8.68,8.68,1.5493333333333332,27.408,0.0,2026-10-04
GCBD5166,32.225,129.975,3.0,8.68,8.68,1.5493333333333332,27.408,0.0,2026-10-04
GCBD4719,32.225,129.975,2.3,8.68,8.68,1.5493333333333332,27.408,0.0,2026-10-04
GCBD5167,32.325,129.975,1.4,9.94,9.94,1.5736666666666668,27.319333333333336,0.0,2026-10-04
GCBD5168,32.325,129.975,2.3,9.94,9.94,1.5736666666666668,27.319333333333336,0.0,2026-10-04
GCBD5169,32.325,129.975,2.3,9.94,9.94,1.5736666666666668,27.319333333333336,0.0,2026-10-04
GCBD5321,32.425,129.975,1.9,11.2,11.2,1.6386666666666665,27.181666666666665,0.0,2026-10-04
GCBD5170,32.575,128.725,0.7,8.370000000000001,8.370000000000001,1.3603333333333336,27.384666666666668,0.0,2026-10-04
GCBD5171,32.625,129.775,2.6,13.68,13.68,1.7566666666666668,27.19533333333333,0.0,2026-10-04
GCBD5172,32.675,128.625,3.8,9.69,9.69,1.2016666666666667,27.14,0.0,2026-10-04
GCBD5173,32.675,129.775,2.0,14.45,14.45,1.7699999999999996,27.19366666666666,0.0,2026-10-04
GCBD5174,32.675,129.775,2.7,14.45,14.45,1.7699999999999996,27.19366666666666,0.0,2026-10-04
GCBD5175,32.675,129.775,2.7,14.45,14.45,1.7699999999999996,27.19366666666666,0.0,2026-10-04
GCBD4649,32.825,129.075,2.3,11.67,11.67,1.4940000000000002,27.00700000000001,0.0,2026-10-04
GCBD4650,32.825,129.675,4.1,14.36,14.36,1.6549999999999998,27.144999999999996,0.0,2026-10-04
GCBD5189,33.475,129.725,2.8,13.71,13.71,1.1616666666666666,25.772,0.0,2026-10-04
GCBD5190,33.475,129.725,2.8,13.71,13.71,1.1616666666666666,25.772,0.0,2026-10-04
GCBD5199,33.775,129.675,2.0,12.82,12.82,1.1456666666666668,25.960000000000004,0.0,2026-10-04
GCBD5200,33.825,129.675,2.2,13.11,13.11,1.193,26.043,0.0,2026-10-04
GCBD5203,33.925,136.225,2.4,7.33,7.33,0.6026666666666666,26.043666666666663,0.0,2026-10-04
GCBD5163,32.025,130.175,1.2,10.38,10.38,1.6946666666666665,27.560333333333332,0.0,2026-10-04
GCBD5164,32.025,130.175,2.5,10.38,10.38,1.6946666666666665,27.560333333333332,0.0,2026-10-04
GCBD5180,32.825,131.975,2.6,3.26,3.26,0.5416666666666666,26.37,0.0,2026-10-04
GCBD4671,33.725,130.425,2.2,16.1,16.1,1.356333333333333,25.86933333333333,0.0,2026-10-04
GCBD5187,33.275,134.125,2.4,8.73,8.73,1.3296666666666668,27.733666666666668,0.0,2026-10-04
GCBD5305,33.325,135.675,3.0,7.81,7.81,0.8146666666666665,27.505333333333333,0.0,2026-10-04
GCBD5306,33.325,135.675,3.1,7.81,7.81,0.8146666666666665,27.505333333333333,0.0,2026-10-04
GCBD4652,33.475,135.725,3.3,6.78,6.78,0.797,27.217,0.0,2026-10-04
GCBD4653,33.425,135.775,3.7,6.07,6.07,0.6259999999999999,27.090666666666664,0.0,2026-10-04
GCBD4654,33.425,135.775,3.8,6.07,6.07,0.6259999999999999,27.090666666666664,0.0,2026-10-04
GCBD4655,33.475,135.725,3.6,6.78,6.78,0.797,27.217,0.0,2026-10-04
GCBD4656,33.475,135.725,2.1,6.78,6.78,0.797,27.217,0.0,2026-10-04
GCBD4657,33.475,135.675,2.0,8.43,8.43,0.9773333333333334,27.385333333333335,0.0,2026-10-04
GCBD5191,33.475,135.725,2.8,6.78,6.78,0.797,27.217,0.0,2026-10-04
GCBD4658,33.475,135.675,1.9,8.43,8.43,0.9773333333333334,27.385333333333335,0.0,2026-10-04
GCBD4659,33.475,135.675,1.9,8.43,8.43,0.9773333333333334,27.385333333333335,0.0,2026-10-04
GCBD4660,33.475,135.675,1.9,8.43,8.43,0.9773333333333334,27.385333333333335,0.0,2026-10-04
GCBD4661,33.475,135.675,1.9,8.43,8.43,0.9773333333333334,27.385333333333335,0.0,2026-10-04
GCBD5314,33.475,135.825,3.6,4.1,4.1,0.45400000000000007,26.752333333333336,0.0,2026-10-04
GCBD5193,33.525,134.325,1.7,11.25,11.25,1.4059999999999997,27.498666666666665,0.0,2026-10-04
GCBD5194,33.525,134.325,2.2,11.25,11.25,1.4059999999999997,27.498666666666665,0.0,2026-10-04
GCBD5195,33.525,134.325,2.4,11.25,11.25,1.4059999999999997,27.498666666666665,0.0,2026-10-04
GCBD5196,33.625,134.475,1.6,11.14,11.14,1.3649999999999998,27.354333333333333,0.0,2026-10-04
GCBD4665,33.675,135.325,1.4,10.38,10.38,1.4583333333333333,27.44033333333333,0.0,2026-10-04
GCBD4666,33.675,135.325,1.8,10.38,10.38,1.4583333333333333,27.44033333333333,0.0,2026-10-04
GCBD4667,33.675,135.325,2.0,10.38,10.38,1.4583333333333333,27.44033333333333,0.0,2026-10-04
GCBD5358,33.675,135.325,1.9,10.38,10.38,1.4583333333333333,27.44033333333333,0.0,2026-10-04
GCBD4668,33.675,135.325,1.9,10.38,10.38,1.4583333333333333,27.44033333333333,0.0,2026-10-04
GCBD4669,33.675,135.325,2.5,10.38,10.38,1.4583333333333333,27.44033333333333,0.0,2026-10-04
GCBD4670,33.675,135.325,2.6,10.38,10.38,1.4583333333333333,27.44033333333333,0.0,2026-10-04
GCBD5197,33.725,135.325,0.6,10.58,10.58,1.4926666666666668,27.43366666666667,0.0,2026-10-04
GCBD5359,33.725,135.325,0.6,10.58,10.58,1.4926666666666668,27.43366666666667,0.0,2026-10-04
GCBD5198,33.725,135.325,0.7,10.58,10.58,1.4926666666666668,27.43366666666667,0.0,2026-10-04
GCBD5204,33.925,135.075,1.9,11.47,11.47,1.6900000000000004,27.16133333333333,0.0,2026-10-04
GCBD5205,33.975,135.075,0.5,12.22,12.22,1.7619999999999998,27.107666666666667,0.0,2026-10-04
GCBD5206,33.975,135.075,0.5,12.22,12.22,1.7619999999999998,27.107666666666667,0.0,2026-10-04
GCBD5184,33.075,139.825,1.8,9.06,9.06,0.797,27.606999999999996,0.0,2026-10-04
GCBD5304,33.125,139.825,0.6,9.67,9.67,0.8383333333333334,27.634000000000004,0.0,2026-10-04
GCBD5186,33.125,139.725,2.6,9.46,9.46,0.8210000000000002,27.634333333333334,0.0,2026-10-04
GCBD5201,33.875,139.625,2.9,13.25,13.25,1.0263333333333333,27.362000000000002,0.0,2026-10-04
GCBD5202,33.875,139.575,2.2,13.07,13.07,1.0266666666666666,27.338333333333335,0.0,2026-10-04
GCBD5214,34.125,129.175,2.2,9.93,9.93,1.0539999999999998,26.257000000000005,0.0,2026-10-04
GCBD5223,34.325,129.225,1.9,12.79,12.79,1.2303333333333335,26.095666666666663,0.0,2026-10-04
GCBD5228,34.425,129.275,0.8,13.19,13.19,1.264333333333333,26.033,0.0,2026-10-04
GCBD5237,34.725,129.425,2.9,14.89,14.89,1.414,25.90733333333333,0.0,2026-10-04
GCBD5217,34.175,132.775,1.6,6.45,6.45,2.0356666666666667,26.261999999999997,1.0,2026-10-04
GCBD5250,34.925,132.025,3.4,15.62,15.62,1.2586666666666666,25.801666666666666,0.0,2026-10-04
GCBD4711,35.725,135.125,2.4,17.26,17.26,1.6776666666666666,25.979333333333336,0.0,2026-10-04
GCBD5207,34.025,136.275,1.9,6.65,6.65,0.4996666666666666,25.894000000000005,0.0,2026-10-04
GCBD5221,34.275,136.775,2.9,5.59,5.59,0.308,25.523000000000003,0.0,2026-10-04
GCBD5222,34.275,136.775,1.6,5.59,5.59,0.308,25.523000000000003,0.0,2026-10-04
GCBD5324,36.775,137.375,5.9,16.63,16.63,1.881,25.81966666666667,0.0,2026-10-04
GCBD5307,34.075,139.475,2.6,11.76,11.76,1.1793333333333331,27.063666666666666,0.0,2026-10-04
GCBD5208,34.075,139.475,2.3,11.76,11.76,1.1793333333333331,27.063666666666666,0.0,2026-10-04
GCBD5209,34.075,139.475,2.2,11.76,11.76,1.1793333333333331,27.063666666666666,0.0,2026-10-04
GCBD5210,34.075,139.475,2.2,11.76,11.76,1.1793333333333331,27.063666666666666,0.0,2026-10-04
GCBD5360,34.075,139.475,2.2,11.76,11.76,1.1793333333333331,27.063666666666666,0.0,2026-10-04
GCBD5211,34.075,139.475,2.1,11.76,11.76,1.1793333333333331,27.063666666666666,0.0,2026-10-04
GCBD5212,34.075,139.475,0.4,11.76,11.76,1.1793333333333331,27.063666666666666,0.0,2026-10-04
GCBD5308,34.075,139.475,2.5,11.76,11.76,1.1793333333333331,27.063666666666666,0.0,2026-10-04
GCBD5361,34.075,139.475,2.7,11.76,11.76,1.1793333333333331,27.063666666666666,0.0,2026-10-04
GCBD5362,34.075,139.475,2.8,11.76,11.76,1.1793333333333331,27.063666666666666,0.0,2026-10-04
GCBD5309,34.075,139.475,2.8,11.76,11.76,1.1793333333333331,27.063666666666666,0.0,2026-10-04
GCBD5213,34.075,139.475,2.9,11.76,11.76,1.1793333333333331,27.063666666666666,0.0,2026-10-04
GCBD5215,34.125,139.525,0.8,11.77,11.77,1.2633333333333334,27.075,0.0,2026-10-04
GCBD5216,34.125,139.525,0.8,11.77,11.77,1.2633333333333334,27.075,0.0,2026-10-04
GCBD5218,34.225,139.125,2.0,6.69,6.69,1.1133333333333333,26.453000000000007,0.0,2026-10-04
GCBD5219,34.225,139.125,2.0,6.69,6.69,1.1133333333333333,26.453000000000007,0.0,2026-10-04
GCBD5220,34.225,139.125,2.0,6.69,6.69,1.1133333333333333,26.453000000000007,0.0,2026-10-04
GCBD5224,34.325,139.225,1.8,8.2,8.2,1.1676666666666666,26.363999999999994,0.0,2026-10-04
GCBD5225,34.325,139.225,1.9,8.2,8.2,1.1676666666666666,26.363999999999994,0.0,2026-10-04
GCBD5226,34.325,139.225,1.8,8.2,8.2,1.1676666666666666,26.363999999999994,0.0,2026-10-04
GCBD4720,34.325,139.225,2.0,8.2,8.2,1.1676666666666666,26.363999999999994,0.0,2026-10-04
GCBD5227,34.325,139.225,3.0,8.2,8.2,1.1676666666666666,26.363999999999994,0.0,2026-10-04
GCBD5229,34.575,138.825,3.4,1.63,1.63,0.711,25.694,0.0,2026-10-04
GCBD4766,34.575,138.825,3.7,1.63,1.63,0.711,25.694,0.0,2026-10-04
GCBD5230,34.575,138.825,3.7,1.63,1.63,0.711,25.694,0.0,2026-10-04
GCBD5231,34.575,138.825,3.7,1.63,1.63,0.711,25.694,0.0,2026-10-04
GCBD5232,34.575,138.825,3.7,1.63,1.63,0.711,25.694,0.0,2026-10-04
GCBD5233,34.575,138.825,4.0,1.63,1.63,0.711,25.694,0.0,2026-10-04
GCBD5234,34.575,138.825,4.1,1.63,1.63,0.711,25.694,0.0,2026-10-04
GCBD4728,34.675,138.775,2.0,2.46,2.46,0.6056666666666668,25.522333333333336,0.0,2026-10-04
GCBD4729,34.675,138.775,2.0,2.46,2.46,0.6056666666666668,25.522333333333336,0.0,2026-10-04
GCBD5235,34.675,138.775,1.7,2.46,2.46,0.6056666666666668,25.522333333333336,0.0,2026-10-04
GCBD5236,34.675,138.975,1.7,3.83,3.83,0.8963333333333331,25.744333333333326,0.0,2026-10-04
GCBD4672,34.725,139.325,2.3,7.61,7.61,1.1376666666666668,25.886666666666667,1.0,2026-10-04
GCBD5238,34.725,138.725,1.8,2.86,2.86,0.6026666666666666,25.496333333333332,0.0,2026-10-04
GCBD5239,34.775,139.425,1.9,8.61,8.61,1.1350000000000002,25.848,1.0,2026-10-04
GCBD5240,34.775,139.425,1.9,8.61,8.61,1.1350000000000002,25.848,1.0,2026-10-04
GCBD5241,34.775,139.425,1.9,8.61,8.61,1.1350000000000002,25.848,1.0,2026-10-04
GCBD5242,34.775,139.425,2.0,8.61,8.61,1.1350000000000002,25.848,1.0,2026-10-04
GCBD5243,34.775,139.425,1.9,8.61,8.61,1.1350000000000002,25.848,1.0,2026-10-04
GCBD5244,34.775,139.425,2.0,8.61,8.61,1.1350000000000002,25.848,1.0,2026-10-04
GCBD5245,34.775,139.425,2.5,8.61,8.61,1.1350000000000002,25.848,1.0,2026-10-04
GCBD5246,34.775,139.425,2.0,8.61,8.61,1.1350000000000002,25.848,1.0,2026-10-04
GCBD5247,34.775,139.375,2.7,8.14,8.14,1.1316666666666666,25.828333333333337,1.0,2026-10-04
GCBD5310,34.775,138.775,3.3,3.5,3.5,0.571,25.441,0.0,2026-10-04
GCBD4673,34.825,138.725,3.2,3.74,3.74,0.5733333333333331,25.413333333333334,0.0,2026-10-04
GCBD5311,34.775,138.775,3.3,3.5,3.5,0.571,25.441,0.0,2026-10-04
GCBD5248,34.775,138.775,3.7,3.5,3.5,0.571,25.441,0.0,2026-10-04
GCBD4674,34.775,138.775,3.8,3.5,3.5,0.571,25.441,0.0,2026-10-04
GCBD5249,34.825,138.725,2.4,3.74,3.74,0.5733333333333331,25.413333333333334,0.0,2026-10-04
GCBD4675,34.825,139.075,0.4,7.12,7.12,1.0196666666666667,25.699666666666666,0.0,2026-10-04
GCBD4676,34.825,139.075,0.4,7.12,7.12,1.0196666666666667,25.699666666666666,0.0,2026-10-04
GCBD4677,34.825,139.075,0.4,7.12,7.12,1.0196666666666667,25.699666666666666,0.0,2026-10-04
GCBD4678,34.825,139.075,0.4,7.12,7.12,1.0196666666666667,25.699666666666666,0.0,2026-10-04
GCBD4679,34.825,139.075,0.4,7.12,7.12,1.0196666666666667,25.699666666666666,0.0,2026-10-04
GCBD4680,34.825,139.075,0.4,7.12,7.12,1.0196666666666667,25.699666666666666,0.0,2026-10-04
GCBD4681,34.825,139.075,0.4,7.12,7.12,1.0196666666666667,25.699666666666666,0.0,2026-10-04
GCBD4682,34.825,139.075,0.4,7.12,7.12,1.0196666666666667,25.699666666666666,0.0,2026-10-04
GCBD4683,34.825,139.075,0.4,7.12,7.12,1.0196666666666667,25.699666666666666,0.0,2026-10-04
GCBD4684,34.825,139.075,0.5,7.12,7.12,1.0196666666666667,25.699666666666666,0.0,2026-10-04
GCBD4685,34.825,139.075,0.4,7.12,7.12,1.0196666666666667,25.699666666666666,0.0,2026-10-04
GCBD4686,34.825,138.725,3.7,3.74,3.74,0.5733333333333331,25.413333333333334,0.0,2026-10-04
GCBD4687,34.825,139.075,0.5,7.12,7.12,1.0196666666666667,25.699666666666666,0.0,2026-10-04
GCBD4688,34.825,139.075,0.6,7.12,7.12,1.0196666666666667,25.699666666666666,0.0,2026-10-04
GCBD4689,34.825,139.075,0.7,7.12,7.12,1.0196666666666667,25.699666666666666,0.0,2026-10-04
GCBD4690,34.825,139.075,0.8,7.12,7.12,1.0196666666666667,25.699666666666666,0.0,2026-10-04
GCBD4691,34.825,138.725,3.2,3.74,3.74,0.5733333333333331,25.413333333333334,0.0,2026-10-04
GCBD4692,34.825,138.725,3.2,3.74,3.74,0.5733333333333331,25.413333333333334,0.0,2026-10-04
GCBD4693,34.825,138.725,3.4,3.74,3.74,0.5733333333333331,25.413333333333334,0.0,2026-10-04
GCBD4694,34.825,138.725,3.1,3.74,3.74,0.5733333333333331,25.413333333333334,0.0,2026-10-04
GCBD4695,34.875,138.775,3.7,4.29,4.29,0.6233333333333333,25.403000000000002,0.0,2026-10-04
GCBD4767,34.875,139.125,2.1,8.57,8.57,1.0496666666666667,25.663666666666675,0.0,2026-10-04
GCBD4768,34.875,139.125,2.1,8.57,8.57,1.0496666666666667,25.663666666666675,0.0,2026-10-04
GCBD4769,34.875,139.125,2.0,8.57,8.57,1.0496666666666667,25.663666666666675,0.0,2026-10-04
GCBD4696,34.875,139.125,1.2,8.57,8.57,1.0496666666666667,25.663666666666675,0.0,2026-10-04
GCBD4697,34.875,139.125,1.9,8.57,8.57,1.0496666666666667,25.663666666666675,0.0,2026-10-04
GCBD4721,34.875,139.125,2.4,8.57,8.57,1.0496666666666667,25.663666666666675,0.0,2026-10-04
GCBD4698,34.875,139.125,2.4,8.57,8.57,1.0496666666666667,25.663666666666675,0.0,2026-10-04
GCBD5251,34.975,139.775,0.8,10.94,10.94,0.8976666666666667,25.431666666666665,0.0,2026-10-04
GCBD4699,34.975,139.825,1.8,11.01,11.01,0.8823333333333333,25.425333333333338,0.0,2026-10-04
GCBD4700,35.025,138.775,2.7,5.6000000000000005,5.6000000000000005,0.7336666666666665,25.396666666666665,0.0,2026-10-04
GCBD5252,35.025,138.775,1.0,5.6000000000000005,5.6000000000000005,0.7336666666666665,25.396666666666665,0.0,2026-10-04
GCBD4701,35.025,138.775,0.9,5.6000000000000005,5.6000000000000005,0.7336666666666665,25.396666666666665,0.0,2026-10-04
GCBD4702,35.025,138.775,1.1,5.6000000000000005,5.6000000000000005,0.7336666666666665,25.396666666666665,0.0,2026-10-04
GCBD5253,35.075,138.875,1.9,6.5600000000000005,6.5600000000000005,0.8343333333333333,25.458000000000002,0.0,2026-10-04
GCBD4703,35.125,139.125,2.1,10.92,10.92,1.1143333333333334,25.515,0.0,2026-10-04
GCBD5254,35.125,139.625,1.2,11.97,11.97,0.9329999999999999,25.19333333333333,0.0,2026-10-04
GCBD4704,35.125,139.625,1.6,11.97,11.97,0.9329999999999999,25.19333333333333,0.0,2026-10-04
GCBD4705,35.175,139.575,3.1,12.3,12.3,0.9753333333333334,25.19066666666667,0.0,2026-10-04
GCBD4706,35.175,139.575,3.3,12.3,12.3,0.9753333333333334,25.19066666666667,0.0,2026-10-04
GCBD4707,35.175,139.575,3.3,12.3,12.3,0.9753333333333334,25.19066666666667,0.0,2026-10-04
GCBD4708,35.225,139.575,2.2,12.95,12.95,0.9803333333333334,25.156333333333333,0.0,2026-10-04
GCBD4709,35.225,139.575,2.5,12.95,12.95,0.9803333333333334,25.156333333333333,0.0,2026-10-04
GCBD4710,35.275,139.525,3.8,12.47,12.47,1.0383333333333333,25.224666666666668,0.0,2026-10-04
GCBD4363,2.575,95.875,4.3,0.0,0.93,1.4106666666666667,29.907,1.0,2026-10-04
GCBD6223,2.175,72.925,1.8,0.0,1.6,1.3183333333333336,29.856999999999996,1.0,2026-10-04
GCBD15559,2.875,73.425,3.2,0.0,1.81,1.4206666666666667,29.765666666666664,1.0,2026-10-04
GCBD6141,2.925,73.375,2.9,0.0,1.79,1.4156666666666666,29.77933333333333,1.0,2026-10-04
GCBD6224,2.975,73.475,3.2,0.0,1.81,1.4349999999999998,29.776333333333334,1.0,2026-10-04
GCBD6200,3.025,73.475,3.9,0.0,1.68,1.4449999999999998,29.78633333333333,1.0,2026-10-04
GCBD6142,3.125,73.575,2.4,0.0,1.82,1.458,29.769333333333332,1.0,2026-10-04
GCBD6143,3.125,73.625,2.3,0.0,1.8,1.4603333333333335,29.759333333333334,1.0,2026-10-04
GCBD6196,3.225,72.925,2.5,0.15,1.96,1.4546666666666668,29.853333333333335,1.0,2026-10-04
GCBD6144,3.225,73.425,0.9,0.0,2.02,1.4559999999999997,29.80466666666667,1.0,2026-10-04
GCBD6198,3.225,73.425,0.6,0.0,2.02,1.4559999999999997,29.80466666666667,1.0,2026-10-04
GCBD6205,3.225,72.925,1.3,0.15,1.96,1.4546666666666668,29.853333333333335,1.0,2026-10-04
GCBD6201,3.275,72.975,3.9,0.15,1.95,1.4586666666666663,29.846000000000007,1.0,2026-10-04
GCBD15560,3.375,73.425,1.8,0.0,1.88,1.4756666666666667,29.813333333333333,1.0,2026-10-04
GCBD6199,3.425,73.425,0.3,0.0,1.68,1.4803333333333335,29.817999999999998,1.0,2026-10-04
GCBD6145,3.425,73.425,1.2,0.0,1.68,1.4803333333333335,29.817999999999998,1.0,2026-10-04
GCBD15561,3.425,73.625,3.1,0.0,1.8,1.47,29.77666666666666,1.0,2026-10-04
GCBD6146,3.425,73.575,3.4,0.0,1.89,1.4573333333333336,29.773000000000003,1.0,2026-10-04
GCBD15562,3.425,73.575,3.4,0.0,1.89,1.4573333333333336,29.773000000000003,1.0,2026-10-04
GCBD6195,3.425,73.775,3.5,0.0,1.88,1.474333333333333,29.759333333333334,1.0,2026-10-04
GCBD6147,3.425,73.775,3.4,0.0,1.88,1.474333333333333,29.759333333333334,1.0,2026-10-04
GCBD15563,3.475,73.675,2.8,0.0,1.97,1.4613333333333336,29.764666666666663,1.0,2026-10-04
GCBD6243,3.475,72.825,2.3,0.14,2.1,1.472,29.85966666666667,1.0,2026-10-04
GCBD6202,3.475,73.475,1.3,0.0,1.82,1.4619999999999997,29.78933333333333,1.0,2026-10-04
GCBD6244,3.475,72.825,2.2,0.14,2.1,1.472,29.85966666666667,1.0,2026-10-04
GCBD6148,3.475,72.825,2.2,0.14,2.1,1.472,29.85966666666667,1.0,2026-10-04
GCBD15564,3.525,72.925,1.6,0.0,1.87,1.4870000000000003,29.846,1.0,2026-10-04
GCBD6149,3.525,72.925,1.2,0.0,1.87,1.4870000000000003,29.846,1.0,2026-10-04
GCBD6245,3.525,72.875,2.7,0.0,1.88,1.4766666666666668,29.84733333333333,1.0,2026-10-04
GCBD15565,3.525,72.925,0.3,0.0,1.87,1.4870000000000003,29.846,1.0,2026-10-04
GCBD6150,3.525,72.925,0.6,0.0,1.87,1.4870000000000003,29.846,1.0,2026-10-04
GCBD15566,3.625,73.525,3.1,0.0,2.09,1.4313333333333333,29.744666666666667,1.0,2026-10-04
GCBD15567,3.625,72.925,3.2,0.0,1.85,1.4906666666666666,29.834999999999997,1.0,2026-10-04
GCBD15568,3.625,73.375,0.7,0.0,1.69,1.4966666666666666,29.827333333333335,1.0,2026-10-04
GCBD6151,3.625,72.925,2.2,0.0,1.85,1.4906666666666666,29.834999999999997,1.0,2026-10-04
GCBD6152,3.625,72.975,2.0,0.0,1.87,1.5066666666666666,29.840999999999998,1.0,2026-10-04
GCBD15569,3.625,73.375,1.6,0.0,1.69,1.4966666666666666,29.827333333333335,1.0,2026-10-04
GCBD6153,3.625,72.975,2.3,0.0,1.87,1.5066666666666666,29.840999999999998,1.0,2026-10-04
GCBD6154,3.625,72.975,2.5,0.0,1.87,1.5066666666666666,29.840999999999998,1.0,2026-10-04
GCBD6155,3.625,72.975,2.4,0.0,1.87,1.5066666666666666,29.840999999999998,1.0,2026-10-04
GCBD6156,3.625,72.975,2.0,0.0,1.87,1.5066666666666666,29.840999999999998,1.0,2026-10-04
GCBD6246,3.625,72.925,1.5,0.0,1.85,1.4906666666666666,29.834999999999997,1.0,2026-10-04
GCBD6247,3.625,72.925,1.4,0.0,1.85,1.4906666666666666,29.834999999999997,1.0,2026-10-04
GCBD6157,3.625,72.825,2.9,0.0,1.59,1.48,29.835666666666665,1.0,2026-10-04
GCBD6158,3.675,72.825,2.7,0.0,1.44,1.4716666666666665,29.826000000000004,1.0,2026-10-04
GCBD6248,3.675,72.825,2.8,0.0,1.44,1.4716666666666665,29.826000000000004,1.0,2026-10-04
GCBD6159,3.675,72.825,2.5,0.0,1.44,1.4716666666666665,29.826000000000004,1.0,2026-10-04
GCBD6160,3.675,72.775,2.3,0.0,1.45,1.463666666666667,29.827999999999996,1.0,2026-10-04
GCBD6249,3.675,72.825,2.3,0.0,1.44,1.4716666666666665,29.826000000000004,1.0,2026-10-04
GCBD15570,3.675,73.425,2.4,0.0,1.76,1.4626666666666668,29.79033333333333,1.0,2026-10-04
GCBD6161,3.675,72.775,2.7,0.0,1.45,1.463666666666667,29.827999999999996,1.0,2026-10-04
GCBD15571,3.675,73.425,1.4,0.0,1.76,1.4626666666666668,29.79033333333333,1.0,2026-10-04
GCBD15572,3.675,72.875,2.9,0.0,1.56,1.4806666666666666,29.825333333333333,1.0,2026-10-04
GCBD15573,3.675,73.475,0.8,0.0,1.94,1.45,29.765,1.0,2026-10-04
GCBD6162,3.675,73.475,0.7,0.0,1.94,1.45,29.765,1.0,2026-10-04
GCBD15574,3.675,73.425,1.4,0.0,1.76,1.4626666666666668,29.79033333333333,1.0,2026-10-04
GCBD6163,3.725,72.875,2.4,0.0,1.43,1.4813333333333334,29.817666666666664,1.0,2026-10-04
GCBD6164,3.725,72.775,2.0,0.0,1.43,1.457,29.821333333333328,1.0,2026-10-04
GCBD6165,3.725,72.775,1.7,0.0,1.43,1.457,29.821333333333328,1.0,2026-10-04
GCBD15575,3.725,72.975,1.5,0.0,1.46,1.506666666666667,29.83100000000001,1.0,2026-10-04
GCBD6250,3.775,72.725,2.6,0.0,1.31,1.4523333333333335,29.834,1.0,2026-10-04
GCBD6226,3.825,73.425,0.9,0.0,1.83,1.427,29.744333333333334,1.0,2026-10-04
GCBD15576,3.825,73.375,1.5,0.0,1.8,1.457,29.777333333333335,1.0,2026-10-04
GCBD6251,3.825,72.775,2.1,0.0,1.29,1.4386666666666665,29.807666666666663,1.0,2026-10-04
GCBD6252,3.825,72.725,2.6,0.0,1.3,1.4400000000000002,29.829000000000004,1.0,2026-10-04
GCBD15577,3.825,72.725,2.4,0.0,1.3,1.4400000000000002,29.829000000000004,1.0,2026-10-04
GCBD6253,3.825,72.775,3.4,0.0,1.29,1.4386666666666665,29.807666666666663,1.0,2026-10-04
GCBD6254,3.825,72.775,3.5,0.0,1.29,1.4386666666666665,29.807666666666663,1.0,2026-10-04
GCBD6206,3.875,72.825,2.0,0.0,1.24,1.430666666666667,29.787333333333333,1.0,2026-10-04
GCBD15578,3.875,72.725,2.2,0.0,1.3,1.4303333333333335,29.824333333333335,1.0,2026-10-04
GCBD15579,3.875,73.475,1.4,0.0,1.83,1.4053333333333335,29.710333333333338,1.0,2026-10-04
GCBD15580,3.875,73.475,1.7,0.0,1.83,1.4053333333333335,29.710333333333338,1.0,2026-10-04
GCBD15581,3.925,73.475,2.8,0.0,1.81,1.3956666666666664,29.707999999999995,1.0,2026-10-04
GCBD15582,3.925,73.425,3.1,0.0,1.78,1.410666666666667,29.72833333333334,1.0,2026-10-04
GCBD15583,3.925,73.475,3.1,0.0,1.81,1.3956666666666664,29.707999999999995,1.0,2026-10-04
GCBD15584,3.925,73.425,3.2,0.0,1.78,1.410666666666667,29.72833333333334,1.0,2026-10-04
GCBD15585,3.925,72.925,2.0,0.0,1.24,1.4360000000000004,29.78633333333333,1.0,2026-10-04
GCBD15586,3.925,72.925,1.3,0.0,1.24,1.4360000000000004,29.78633333333333,1.0,2026-10-04
GCBD6255,3.925,73.475,2.4,0.0,1.81,1.3956666666666664,29.707999999999995,1.0,2026-10-04
GCBD15587,3.925,72.975,1.9,0.0,1.43,1.4623333333333335,29.805000000000003,1.0,2026-10-04
GCBD15588,3.925,72.975,1.6,0.0,1.43,1.4623333333333335,29.805000000000003,1.0,2026-10-04
GCBD15589,3.925,72.925,2.8,0.0,1.24,1.4360000000000004,29.78633333333333,1.0,2026-10-04
GCBD6166,3.975,72.925,1.2,0.0,1.37,1.4266666666666665,29.785000000000004,1.0,2026-10-04
GCBD6256,3.975,72.925,2.3,0.0,1.37,1.4266666666666665,29.785000000000004,1.0,2026-10-04
GCBD6227,3.975,73.425,0.9,0.0,1.77,1.4033333333333333,29.72833333333334,1.0,2026-10-04
GCBD4357,2.075,97.075,2.0,0.33,0.61,1.4589999999999999,30.094333333333335,1.0,2026-10-04
GCBD4358,2.125,97.075,2.5,0.33,0.61,1.459333333333333,30.108666666666668,1.0,2026-10-04
GCBD4154,2.125,96.675,1.3,0.3,1.98,1.4243333333333335,30.05,1.0,2026-10-04
GCBD4361,2.325,97.375,3.0,0.35,2.04,1.483666666666667,30.246666666666666,1.0,2026-10-04
GCBD4362,2.325,97.425,3.3,0.35,2.2,1.494,30.261333333333333,1.0,2026-10-04
GCBD5558,3.975,100.525,2.4,0.0,4.25,1.276,30.415333333333333,1.0,2026-10-04
GCBD5901,3.975,100.525,2.5,0.0,4.25,1.276,30.415333333333333,1.0,2026-10-04
GCBD5532,2.475,103.975,1.5,0.0,4.45,0.6756666666666666,29.323999999999998,0.0,2026-10-04
GCBD5533,2.475,103.975,1.8,0.0,4.45,0.6756666666666666,29.323999999999998,0.0,2026-10-04
GCBD5534,2.475,103.975,2.2,0.0,4.45,0.6756666666666666,29.323999999999998,0.0,2026-10-04
GCBD15547,2.525,103.975,1.0,0.0,4.59,0.642,29.29,0.0,2026-10-04
GCBD15548,2.525,103.975,0.8,0.0,4.59,0.642,29.29,0.0,2026-10-04
GCBD15549,2.525,103.975,0.6,0.0,4.59,0.642,29.29,0.0,2026-10-04
GCBD15550,2.525,103.975,0.6,0.0,4.59,0.642,29.29,0.0,2026-10-04
GCBD15551,2.525,103.975,0.3,0.0,4.59,0.642,29.29,0.0,2026-10-04
GCBD5535,2.525,103.975,0.2,0.0,4.59,0.642,29.29,0.0,2026-10-04
GCBD15552,2.525,103.975,0.2,0.0,4.59,0.642,29.29,0.0,2026-10-04
GCBD5853,2.525,103.925,2.2,0.0,4.94,0.7196666666666667,29.368,0.0,2026-10-04
GCBD5861,2.675,103.925,1.7,0.0,4.96,0.6180000000000001,29.279666666666667,0.0,2026-10-04
GCBD5862,2.675,103.925,1.4,0.0,4.96,0.6180000000000001,29.279666666666667,0.0,2026-10-04
GCBD5863,2.675,103.925,2.5,0.0,4.96,0.6180000000000001,29.279666666666667,0.0,2026-10-04
GCBD5522,2.175,104.125,1.5,0.0,3.3200000000000003,0.6650000000000003,29.32,0.0,2026-10-04
GCBD5523,2.175,104.125,1.8,0.0,3.3200000000000003,0.6650000000000003,29.32,0.0,2026-10-04
GCBD5837,2.175,104.075,2.5,0.0,3.37,0.7366666666666667,29.392666666666667,0.0,2026-10-04
GCBD5524,2.175,104.125,2.3,0.0,3.3200000000000003,0.6650000000000003,29.32,0.0,2026-10-04
GCBD5525,2.175,104.075,2.9,0.0,3.37,0.7366666666666667,29.392666666666667,0.0,2026-10-04
GCBD5518,2.225,104.075,0.8,0.0,3.4,0.7040000000000001,29.35866666666667,0.0,2026-10-04
GCBD5526,2.225,104.075,2.4,0.0,3.4,0.7040000000000001,29.35866666666667,0.0,2026-10-04
GCBD5527,2.225,104.075,2.6,0.0,3.4,0.7040000000000001,29.35866666666667,0.0,2026-10-04
GCBD5838,2.225,104.075,1.9,0.0,3.4,0.7040000000000001,29.35866666666667,0.0,2026-10-04
GCBD5528,2.275,104.125,0.5,0.0,3.37,0.6093333333333334,29.256666666666664,0.0,2026-10-04
GCBD5529,2.275,104.125,1.1,0.0,3.37,0.6093333333333334,29.256666666666664,0.0,2026-10-04
GCBD5790,2.275,104.125,1.6,0.0,3.37,0.6093333333333334,29.256666666666664,0.0,2026-10-04
GCBD5519,2.275,104.125,1.8,0.0,3.37,0.6093333333333334,29.256666666666664,0.0,2026-10-04
GCBD5530,2.325,104.125,3.6,0.0,3.54,0.5843333333333334,29.22966666666667,0.0,2026-10-04
GCBD5531,2.325,104.125,1.3,0.0,3.54,0.5843333333333334,29.22966666666667,0.0,2026-10-04
GCBD5839,2.425,104.525,1.5,0.0,2.12,0.30700000000000005,29.006666666666664,0.0,2026-10-04
GCBD15545,2.425,104.525,2.5,0.0,2.12,0.30700000000000005,29.006666666666664,0.0,2026-10-04
GCBD5841,2.475,104.525,3.6,0.0,2.77,0.311,29.010666666666665,1.0,2026-10-04
GCBD5842,2.475,104.475,2.2,0.0,2.64,0.31333333333333335,29.001,0.0,2026-10-04
GCBD5843,2.475,104.475,2.3,0.0,2.64,0.31333333333333335,29.001,0.0,2026-10-04
GCBD5844,2.475,104.525,1.5,0.0,2.77,0.311,29.010666666666665,1.0,2026-10-04
GCBD5845,2.475,104.525,1.3,0.0,2.77,0.311,29.010666666666665,1.0,2026-10-04
GCBD5846,2.475,104.525,2.0,0.0,2.77,0.311,29.010666666666665,1.0,2026-10-04
GCBD5847,2.475,104.525,1.9,0.0,2.77,0.311,29.010666666666665,1.0,2026-10-04
GCBD5848,2.475,104.475,2.7,0.0,2.64,0.31333333333333335,29.001,0.0,2026-10-04
GCBD5849,2.475,104.525,1.7,0.0,2.77,0.311,29.010666666666665,1.0,2026-10-04
GCBD5850,2.475,104.525,1.3,0.0,2.77,0.311,29.010666666666665,1.0,2026-10-04
GCBD15546,2.475,104.525,1.9,0.0,2.77,0.311,29.010666666666665,1.0,2026-10-04
GCBD5851,2.475,104.525,2.3,0.0,2.77,0.311,29.010666666666665,1.0,2026-10-04
GCBD5852,2.475,104.525,2.4,0.0,2.77,0.311,29.010666666666665,1.0,2026-10-04
GCBD5789,2.575,104.325,2.4,0.0,3.3000000000000003,0.35966666666666663,29.00866666666666,0.0,2026-10-04
GCBD5854,2.575,104.325,2.2,0.0,3.3000000000000003,0.35966666666666663,29.00866666666666,0.0,2026-10-04
GCBD5536,2.575,104.325,0.6,0.0,3.3000000000000003,0.35966666666666663,29.00866666666666,0.0,2026-10-04
GCBD5855,2.575,104.325,0.2,0.0,3.3000000000000003,0.35966666666666663,29.00866666666666,0.0,2026-10-04
GCBD5537,2.575,104.325,1.1,0.0,3.3000000000000003,0.35966666666666663,29.00866666666666,0.0,2026-10-04
GCBD5856,2.575,104.325,1.6,0.0,3.3000000000000003,0.35966666666666663,29.00866666666666,0.0,2026-10-04
GCBD5857,2.575,104.325,1.4,0.0,3.3000000000000003,0.35966666666666663,29.00866666666666,0.0,2026-10-04
GCBD5858,2.575,104.325,1.6,0.0,3.3000000000000003,0.35966666666666663,29.00866666666666,0.0,2026-10-04
GCBD5538,2.575,104.325,1.6,0.0,3.3000000000000003,0.35966666666666663,29.00866666666666,0.0,2026-10-04
GCBD5539,2.575,104.325,2.4,0.0,3.3000000000000003,0.35966666666666663,29.00866666666666,0.0,2026-10-04
GCBD5859,2.675,104.175,1.8,0.0,3.61,0.40266666666666673,29.035666666666664,0.0,2026-10-04
GCBD5860,2.675,104.175,1.5,0.0,3.61,0.40266666666666673,29.035666666666664,0.0,2026-10-04
GCBD5540,2.675,104.175,0.7,0.0,3.61,0.40266666666666673,29.035666666666664,0.0,2026-10-04
GCBD5864,2.725,104.225,2.0,0.0,3.64,0.3853333333333333,29.02033333333333,0.0,2026-10-04
GCBD5865,2.725,104.125,3.0,0.0,3.83,0.4236666666666667,29.05433333333334,0.0,2026-10-04
GCBD15553,2.725,104.225,0.9,0.0,3.64,0.3853333333333333,29.02033333333333,0.0,2026-10-04
GCBD5866,2.725,104.125,1.4,0.0,3.83,0.4236666666666667,29.05433333333334,0.0,2026-10-04
GCBD5867,2.725,104.225,1.3,0.0,3.64,0.3853333333333333,29.02033333333333,0.0,2026-10-04
GCBD5868,2.725,104.125,1.8,0.0,3.83,0.4236666666666667,29.05433333333334,0.0,2026-10-04
GCBD5869,2.725,104.225,1.9,0.0,3.64,0.3853333333333333,29.02033333333333,0.0,2026-10-04
GCBD5541,2.725,104.225,2.0,0.0,3.64,0.3853333333333333,29.02033333333333,0.0,2026-10-04
GCBD5870,2.725,104.225,2.1,0.0,3.64,0.3853333333333333,29.02033333333333,0.0,2026-10-04
GCBD5871,2.775,104.225,2.7,0.0,3.69,0.389,29.026,0.0,2026-10-04
GCBD5542,2.775,104.225,3.4,0.0,3.69,0.389,29.026,0.0,2026-10-04
GCBD15554,2.775,104.225,1.8,0.0,3.69,0.389,29.026,0.0,2026-10-04
GCBD5872,2.775,104.225,1.7,0.0,3.69,0.389,29.026,0.0,2026-10-04
GCBD5873,2.775,104.225,1.7,0.0,3.69,0.389,29.026,0.0,2026-10-04
GCBD5543,2.775,104.225,1.5,0.0,3.69,0.389,29.026,0.0,2026-10-04
GCBD5874,2.775,104.225,1.8,0.0,3.69,0.389,29.026,0.0,2026-10-04
GCBD5875,2.775,104.125,1.9,0.0,3.84,0.40866666666666673,29.048000000000005,0.0,2026-10-04
GCBD5520,2.825,104.175,3.9,0.0,3.72,0.3923333333333333,29.036,0.0,2026-10-04
GCBD5544,2.775,104.125,1.9,0.0,3.84,0.40866666666666673,29.048000000000005,0.0,2026-10-04
GCBD5876,2.775,104.225,2.6,0.0,3.69,0.389,29.026,0.0,2026-10-04
GCBD5877,2.825,104.225,2.9,0.0,3.61,0.39199999999999996,29.037333333333333,1.0,2026-10-04
GCBD5545,2.825,104.125,2.1,0.0,3.86,0.402,29.05033333333333,0.0,2026-10-04
GCBD5878,2.825,104.125,2.1,0.0,3.86,0.402,29.05033333333333,0.0,2026-10-04
GCBD5546,2.825,104.125,2.1,0.0,3.86,0.402,29.05033333333333,0.0,2026-10-04
GCBD5879,2.825,104.125,2.0,0.0,3.86,0.402,29.05033333333333,0.0,2026-10-04
GCBD5880,2.825,104.125,2.0,0.0,3.86,0.402,29.05033333333333,0.0,2026-10-04
GCBD5881,2.825,104.125,2.0,0.0,3.86,0.402,29.05033333333333,0.0,2026-10-04
GCBD5882,2.825,104.125,1.9,0.0,3.86,0.402,29.05033333333333,0.0,2026-10-04
GCBD15555,2.825,104.225,2.3,0.0,3.61,0.39199999999999996,29.037333333333333,1.0,2026-10-04
GCBD5781,2.825,104.225,1.9,0.0,3.61,0.39199999999999996,29.037333333333333,1.0,2026-10-04
GCBD5883,2.825,104.175,2.8,0.0,3.72,0.3923333333333333,29.036,0.0,2026-10-04
GCBD5547,2.825,104.175,2.8,0.0,3.72,0.3923333333333333,29.036,0.0,2026-10-04
GCBD5884,2.825,104.175,2.8,0.0,3.72,0.3923333333333333,29.036,0.0,2026-10-04
GCBD5885,2.825,104.175,2.5,0.0,3.72,0.3923333333333333,29.036,0.0,2026-10-04
GCBD5886,2.825,104.175,1.5,0.0,3.72,0.3923333333333333,29.036,0.0,2026-10-04
GCBD5548,2.825,104.175,2.0,0.0,3.72,0.3923333333333333,29.036,0.0,2026-10-04
GCBD5887,2.825,104.175,2.0,0.0,3.72,0.3923333333333333,29.036,0.0,2026-10-04
GCBD15556,2.825,104.175,2.5,0.0,3.72,0.3923333333333333,29.036,0.0,2026-10-04
GCBD15557,2.825,104.175,3.2,0.0,3.72,0.3923333333333333,29.036,0.0,2026-10-04
GCBD15558,2.875,104.175,2.3,0.0,3.9,0.39433333333333337,29.046999999999993,1.0,2026-10-04
GCBD5549,2.875,104.175,1.4,0.0,3.9,0.39433333333333337,29.046999999999993,1.0,2026-10-04
GCBD5888,2.875,104.175,1.3,0.0,3.9,0.39433333333333337,29.046999999999993,1.0,2026-10-04
GCBD5550,2.875,104.125,2.4,0.0,4.04,0.407,29.057000000000002,0.0,2026-10-04
GCBD5889,2.875,104.175,2.7,0.0,3.9,0.39433333333333337,29.046999999999993,1.0,2026-10-04
GCBD5551,2.875,104.125,2.6,0.0,4.04,0.407,29.057000000000002,0.0,2026-10-04
GCBD5890,2.875,104.125,2.6,0.0,4.04,0.407,29.057000000000002,0.0,2026-10-04
GCBD5891,2.875,104.075,1.7,0.0,4.69,0.4240000000000001,29.081666666666663,0.0,2026-10-04
GCBD5552,2.875,104.075,1.9,0.0,4.69,0.4240000000000001,29.081666666666663,0.0,2026-10-04
GCBD7153,2.875,104.075,2.1,0.0,4.69,0.4240000000000001,29.081666666666663,0.0,2026-10-04
GCBD5892,2.875,104.025,3.7,0.0,4.75,0.4596666666666667,29.122666666666667,0.0,2026-10-04
GCBD5553,2.875,104.075,3.6,0.0,4.69,0.4240000000000001,29.081666666666663,0.0,2026-10-04
GCBD5893,2.925,104.075,3.8,0.0,4.84,0.42366666666666664,29.09,1.0,2026-10-04
GCBD5894,2.925,104.125,3.6,0.0,4.24,0.4106666666666667,29.070000000000004,1.0,2026-10-04
GCBD5895,2.925,104.125,2.7,0.0,4.24,0.4106666666666667,29.070000000000004,1.0,2026-10-04
GCBD5554,2.925,104.125,3.3,0.0,4.24,0.4106666666666667,29.070000000000004,1.0,2026-10-04
GCBD5555,2.925,104.125,2.1,0.0,4.24,0.4106666666666667,29.070000000000004,1.0,2026-10-04
GCBD5896,2.925,104.175,1.6,0.0,3.97,0.4026666666666666,29.062,1.0,2026-10-04
GCBD5556,2.925,104.125,2.2,0.0,4.24,0.4106666666666667,29.070000000000004,1.0,2026-10-04
GCBD5782,2.925,104.125,1.7,0.0,4.24,0.4106666666666667,29.070000000000004,1.0,2026-10-04
GCBD5897,2.925,104.075,2.6,0.0,4.84,0.42366666666666664,29.09,1.0,2026-10-04
GCBD5557,2.925,104.075,2.6,0.0,4.84,0.42366666666666664,29.09,1.0,2026-10-04
GCBD5898,3.975,113.525,3.1,3.38,3.38,1.3186666666666673,30.438333333333333,1.0,2026-10-04
GCBD5899,3.975,113.525,1.9,3.38,3.38,1.3186666666666673,30.438333333333333,1.0,2026-10-04
GCBD5900,3.975,113.525,2.0,3.38,3.38,1.3186666666666673,30.438333333333333,1.0,2026-10-04
GCBD4155,2.225,118.225,2.9,0.0,5.46,0.762,29.487000000000002,1.0,2026-10-04
GCBD4359,2.275,118.275,2.9,0.0,5.61,0.7143333333333334,29.413,1.0,2026-10-04
GCBD4360,2.275,118.225,2.3,0.0,5.43,0.747,29.45433333333333,1.0,2026-10-04
GCBD7933,5.975,80.425,1.7,0.0,2.39,1.1829999999999998,28.746999999999996,1.0,2026-10-04
GCBD6167,3.975,72.975,3.9,0.0,1.41,1.4463333333333337,29.804,1.0,2026-10-04
GCBD6168,4.025,72.925,2.9,0.0,1.21,1.4126666666666665,29.785333333333337,1.0,2026-10-04
GCBD6257,4.025,72.925,2.9,0.0,1.21,1.4126666666666665,29.785333333333337,1.0,2026-10-04
GCBD6258,4.025,72.825,2.5,0.0,1.2,1.3843333333333334,29.777333333333335,1.0,2026-10-04
GCBD6169,4.025,72.975,2.9,0.0,1.53,1.4376666666666662,29.802999999999997,1.0,2026-10-04
GCBD6259,4.025,72.825,2.4,0.0,1.2,1.3843333333333334,29.777333333333335,1.0,2026-10-04
GCBD6170,4.025,72.825,2.1,0.0,1.2,1.3843333333333334,29.777333333333335,1.0,2026-10-04
GCBD6260,4.025,72.975,3.3,0.0,1.53,1.4376666666666662,29.802999999999997,1.0,2026-10-04
GCBD6261,4.075,72.975,3.0,0.0,1.38,1.421,29.80133333333333,1.0,2026-10-04
GCBD6262,4.075,72.975,3.0,0.0,1.38,1.421,29.80133333333333,1.0,2026-10-04
GCBD15590,4.075,72.975,3.1,0.0,1.38,1.421,29.80133333333333,1.0,2026-10-04
GCBD6171,4.075,72.975,2.8,0.0,1.38,1.421,29.80133333333333,1.0,2026-10-04
GCBD6172,4.075,73.375,1.8,0.0,1.32,1.3960000000000004,29.748,1.0,2026-10-04
GCBD15591,4.075,72.925,2.6,0.0,1.22,1.3973333333333333,29.78766666666667,1.0,2026-10-04
GCBD6263,4.075,72.875,2.3,0.0,1.2,1.387,29.778000000000006,1.0,2026-10-04
GCBD6264,4.125,73.425,2.3,0.0,1.26,1.3719999999999999,29.71,1.0,2026-10-04
GCBD6265,4.125,73.475,1.0,0.0,1.27,1.3633333333333337,29.68866666666667,1.0,2026-10-04
GCBD6173,4.125,73.475,1.1,0.0,1.27,1.3633333333333337,29.68866666666667,1.0,2026-10-04
GCBD6220,4.125,73.475,0.6,0.0,1.27,1.3633333333333337,29.68866666666667,1.0,2026-10-04
GCBD15592,4.125,73.425,0.3,0.0,1.26,1.3719999999999999,29.71,1.0,2026-10-04
GCBD15593,4.125,73.475,2.1,0.0,1.27,1.3633333333333337,29.68866666666667,1.0,2026-10-04
GCBD6204,4.175,73.475,2.9,0.0,1.23,1.3576666666666666,29.68366666666667,1.0,2026-10-04
GCBD6230,4.175,72.825,0.6,0.0,1.36,1.365666666666667,29.79033333333333,1.0,2026-10-04
GCBD9924,4.175,73.475,1.0,0.0,1.23,1.3576666666666666,29.68366666666667,1.0,2026-10-04
GCBD6266,4.225,72.775,2.0,0.0,1.4,1.3786666666666667,29.814000000000004,1.0,2026-10-04
GCBD15597,4.225,73.675,2.7,0.0,1.92,1.4503333333333333,29.724333333333334,1.0,2026-10-04
GCBD15598,4.225,73.525,1.3,0.0,1.55,1.3776666666666668,29.689666666666668,1.0,2026-10-04
GCBD6267,4.225,73.525,1.6,0.0,1.55,1.3776666666666668,29.689666666666668,1.0,2026-10-04
GCBD6268,4.225,73.525,2.7,0.0,1.55,1.3776666666666668,29.689666666666668,1.0,2026-10-04
GCBD6269,4.275,72.775,2.6,0.0,1.41,1.391333333333333,29.829,1.0,2026-10-04
GCBD6270,4.275,72.975,2.6,0.0,1.52,1.390666666666667,29.803333333333335,1.0,2026-10-04
GCBD6174,4.275,72.975,2.3,0.0,1.52,1.390666666666667,29.803333333333335,1.0,2026-10-04
GCBD6271,4.275,72.975,2.4,0.0,1.52,1.390666666666667,29.803333333333335,1.0,2026-10-04
GCBD6213,4.275,72.975,2.6,0.0,1.52,1.390666666666667,29.803333333333335,1.0,2026-10-04
GCBD6208,4.275,72.975,1.8,0.0,1.52,1.390666666666667,29.803333333333335,1.0,2026-10-04
GCBD6217,4.275,73.025,3.0,0.0,1.52,1.4043333333333332,29.807666666666666,1.0,2026-10-04
GCBD6272,4.275,73.025,2.0,0.0,1.52,1.4043333333333332,29.807666666666666,1.0,2026-10-04
GCBD6273,4.275,73.025,2.9,0.0,1.52,1.4043333333333332,29.807666666666666,1.0,2026-10-04
GCBD15603,4.275,73.025,2.8,0.0,1.52,1.4043333333333332,29.807666666666666,1.0,2026-10-04
GCBD6175,4.275,73.025,2.7,0.0,1.52,1.4043333333333332,29.807666666666666,1.0,2026-10-04
GCBD6274,4.275,72.975,2.6,0.0,1.52,1.390666666666667,29.803333333333335,1.0,2026-10-04
GCBD6176,4.275,73.475,1.7,0.0,1.38,1.4046666666666665,29.72866666666666,1.0,2026-10-04
GCBD9925,4.275,73.475,1.7,0.0,1.38,1.4046666666666665,29.72866666666666,1.0,2026-10-04
GCBD6228,4.275,73.025,1.8,0.0,1.52,1.4043333333333332,29.807666666666666,1.0,2026-10-04
GCBD6222,4.275,72.775,0.4,0.0,1.41,1.391333333333333,29.829,1.0,2026-10-04
GCBD6207,4.275,73.475,1.3,0.0,1.38,1.4046666666666665,29.72866666666666,1.0,2026-10-04
GCBD6275,4.275,73.425,1.0,0.0,1.37,1.4126666666666667,29.751333333333335,1.0,2026-10-04
GCBD6276,4.275,73.425,1.0,0.0,1.37,1.4126666666666667,29.751333333333335,1.0,2026-10-04
GCBD6277,4.275,73.425,1.3,0.0,1.37,1.4126666666666667,29.751333333333335,1.0,2026-10-04
GCBD6278,4.275,73.425,1.6,0.0,1.37,1.4126666666666667,29.751333333333335,1.0,2026-10-04
GCBD6214,4.275,73.325,3.9,0.0,1.22,1.4326666666666665,29.801333333333332,1.0,2026-10-04
GCBD6210,4.275,73.425,2.8,0.0,1.37,1.4126666666666667,29.751333333333335,1.0,2026-10-04
GCBD6215,4.275,73.425,2.9,0.0,1.37,1.4126666666666667,29.751333333333335,1.0,2026-10-04
GCBD6216,4.275,73.475,2.9,0.0,1.38,1.4046666666666665,29.72866666666666,1.0,2026-10-04
GCBD6221,4.275,73.475,3.9,0.0,1.38,1.4046666666666665,29.72866666666666,1.0,2026-10-04
GCBD6279,4.325,73.425,2.0,0.0,1.36,1.447,29.78566666666667,1.0,2026-10-04
GCBD6177,4.325,73.575,1.7,0.0,1.76,1.459666666666667,29.75166666666667,1.0,2026-10-04
GCBD6280,4.325,73.575,0.9,0.0,1.76,1.459666666666667,29.75166666666667,1.0,2026-10-04
GCBD6218,4.325,73.575,0.9,0.0,1.76,1.459666666666667,29.75166666666667,1.0,2026-10-04
GCBD6178,4.325,73.575,1.2,0.0,1.76,1.459666666666667,29.75166666666667,1.0,2026-10-04
GCBD6212,4.325,73.375,1.3,0.0,1.35,1.452333333333333,29.801333333333332,1.0,2026-10-04
GCBD6179,4.325,73.625,3.0,0.0,1.83,1.466,29.743999999999996,1.0,2026-10-04
GCBD6209,4.375,72.975,2.3,0.0,1.37,1.4123333333333332,29.819666666666667,1.0,2026-10-04
GCBD6197,4.375,73.375,0.9,0.0,1.18,1.4696666666666665,29.819999999999997,1.0,2026-10-04
GCBD6229,4.425,73.475,2.8,0.0,1.51,1.5136666666666667,29.831666666666667,1.0,2026-10-04
GCBD6180,4.475,73.375,1.9,0.0,1.17,1.504,29.841666666666672,1.0,2026-10-04
GCBD6193,4.475,73.475,1.4,0.0,1.36,1.529,29.84133333333334,1.0,2026-10-04
GCBD6211,4.475,73.575,2.3,0.0,1.57,1.5313333333333332,29.81866666666667,1.0,2026-10-04
GCBD6181,4.525,73.375,2.4,0.0,1.17,1.5046666666666668,29.844,1.0,2026-10-04
GCBD6182,4.525,73.375,1.6,0.0,1.17,1.5046666666666668,29.844,1.0,2026-10-04
GCBD6183,4.525,73.375,1.6,0.0,1.17,1.5046666666666668,29.844,1.0,2026-10-04
GCBD6184,4.525,73.425,0.4,0.0,1.18,1.5156666666666665,29.842666666666666,1.0,2026-10-04
GCBD6185,4.525,73.375,1.9,0.0,1.17,1.5046666666666668,29.844,1.0,2026-10-04
GCBD6281,4.525,73.375,2.5,0.0,1.17,1.5046666666666668,29.844,1.0,2026-10-04
GCBD6186,4.575,73.375,0.9,0.0,1.33,1.5139999999999998,29.845666666666663,1.0,2026-10-04
GCBD6282,4.575,73.375,0.6,0.0,1.33,1.5139999999999998,29.845666666666663,1.0,2026-10-04
GCBD6219,4.625,73.825,2.4,0.0,2.31,1.4953333333333332,29.738,1.0,2026-10-04
GCBD6225,4.725,73.475,3.0,0.0,1.95,1.531333333333333,29.826000000000004,1.0,2026-10-04
GCBD6203,5.025,72.925,1.3,0.0,1.48,1.3956666666666666,29.690333333333335,1.0,2026-10-04
GCBD9926,5.275,73.175,2.3,0.0,1.66,1.383,29.569666666666663,1.0,2026-10-04
GCBD6187,5.275,72.275,1.7,0.0,2.2,1.4853333333333336,29.901,1.0,2026-10-04
GCBD6283,5.275,73.125,1.6,0.0,1.34,1.373,29.55966666666666,1.0,2026-10-04
GCBD6284,5.275,73.125,1.7,0.0,1.34,1.373,29.55966666666666,1.0,2026-10-04
GCBD6285,5.275,73.125,1.7,0.0,1.34,1.373,29.55966666666666,1.0,2026-10-04
GCBD6286,5.275,73.125,1.7,0.0,1.34,1.373,29.55966666666666,1.0,2026-10-04
GCBD6136,5.275,73.125,2.4,0.0,1.34,1.373,29.55966666666666,1.0,2026-10-04
GCBD6188,5.525,73.525,2.9,0.0,1.91,1.4716666666666665,29.606999999999992,1.0,2026-10-04
GCBD6189,5.525,73.475,1.3,0.0,2.02,1.4606666666666674,29.595999999999997,1.0,2026-10-04
GCBD6190,5.525,73.475,1.3,0.0,2.02,1.4606666666666674,29.595999999999997,1.0,2026-10-04
GCBD6191,5.525,73.475,2.9,0.0,2.02,1.4606666666666674,29.595999999999997,1.0,2026-10-04
GCBD15611,5.725,73.425,2.7,0.0,2.22,1.4576666666666669,29.532999999999998,1.0,2026-10-04
GCBD15612,5.725,73.425,2.8,0.0,2.22,1.4576666666666669,29.532999999999998,1.0,2026-10-04
GCBD6192,5.725,73.425,2.4,0.0,2.22,1.4576666666666669,29.532999999999998,1.0,2026-10-04
GCBD15613,5.725,73.425,2.3,0.0,2.22,1.4576666666666669,29.532999999999998,1.0,2026-10-04
GCBD15614,5.725,73.425,1.0,0.0,2.22,1.4576666666666669,29.532999999999998,1.0,2026-10-04
GCBD15615,5.725,73.425,1.4,0.0,2.22,1.4576666666666669,29.532999999999998,1.0,2026-10-04
GCBD15616,5.725,73.425,1.9,0.0,2.22,1.4576666666666669,29.532999999999998,1.0,2026-10-04
GCBD4364,5.625,95.525,2.2,0.16,1.65,1.38,30.063333333333333,1.0,2026-10-04
GCBD4159,5.625,95.525,1.6,0.16,1.65,1.38,30.063333333333333,1.0,2026-10-04
GCBD4365,5.625,95.525,2.9,0.16,1.65,1.38,30.063333333333333,1.0,2026-10-04
GCBD4366,5.625,95.525,2.9,0.16,1.65,1.38,30.063333333333333,1.0,2026-10-04
GCBD4367,5.625,95.575,2.7,0.17,1.62,1.383333333333333,30.096999999999998,1.0,2026-10-04
GCBD4368,5.625,95.525,2.3,0.16,1.65,1.38,30.063333333333333,1.0,2026-10-04
GCBD4369,5.625,95.525,2.4,0.16,1.65,1.38,30.063333333333333,1.0,2026-10-04
GCBD4160,5.625,95.175,2.9,0.0,2.92,1.44,29.821666666666665,1.0,2026-10-04
GCBD4161,5.675,95.375,1.7,0.15,3.35,1.4223333333333334,29.978,1.0,2026-10-04
GCBD9927,5.775,95.325,1.3,0.0,3.84,1.4200000000000002,29.97166666666667,1.0,2026-10-04
GCBD9928,5.775,95.325,3.6,0.0,3.84,1.4200000000000002,29.97166666666667,1.0,2026-10-04
GCBD9929,5.825,95.375,1.9,0.14,4.33,1.4383333333333332,30.034000000000002,1.0,2026-10-04
GCBD9930,5.825,95.375,0.4,0.14,4.33,1.4383333333333332,30.034000000000002,1.0,2026-10-04
GCBD9931,5.825,95.375,2.3,0.14,4.33,1.4383333333333332,30.034000000000002,1.0,2026-10-04
GCBD9932,5.875,95.275,2.3,0.0,3.73,1.4533333333333331,29.983,1.0,2026-10-04
GCBD4162,5.875,95.275,2.3,0.0,3.73,1.4533333333333331,29.983,1.0,2026-10-04
GCBD4163,5.875,95.275,2.3,0.0,3.73,1.4533333333333331,29.983,1.0,2026-10-04
GCBD9933,5.875,95.375,2.5,0.3,4.76,1.456,30.053333333333338,1.0,2026-10-04
GCBD9934,5.875,95.275,1.2,0.0,3.73,1.4533333333333331,29.983,1.0,2026-10-04
GCBD9935,5.875,95.375,2.4,0.3,4.76,1.456,30.053333333333338,1.0,2026-10-04
GCBD4164,5.875,95.275,2.0,0.0,3.73,1.4533333333333331,29.983,1.0,2026-10-04
GCBD9936,5.875,95.275,1.7,0.0,3.73,1.4533333333333331,29.983,1.0,2026-10-04
GCBD9937,5.875,95.225,2.4,0.0,3.31,1.4556666666666667,29.955999999999996,1.0,2026-10-04
GCBD9938,5.875,95.275,2.4,0.0,3.73,1.4533333333333331,29.983,1.0,2026-10-04
GCBD4183,5.875,95.325,1.9,0.0,4.03,1.4516666666666669,30.019000000000002,1.0,2026-10-04
GCBD9939,5.875,95.325,2.7,0.0,4.03,1.4516666666666669,30.019000000000002,1.0,2026-10-04
GCBD9940,5.875,95.225,2.7,0.0,3.31,1.4556666666666667,29.955999999999996,1.0,2026-10-04
GCBD4165,5.925,95.225,2.1,0.0,3.77,1.5096666666666667,30.011999999999993,1.0,2026-10-04
GCBD5902,4.025,100.525,3.8,0.43,4.58,1.2920000000000003,30.431,1.0,2026-10-04
GCBD5559,4.025,100.525,3.7,0.43,4.58,1.2920000000000003,30.431,1.0,2026-10-04
GCBD5903,4.025,100.525,3.3,0.43,4.58,1.2920000000000003,30.431,1.0,2026-10-04
GCBD5560,4.025,100.525,3.5,0.43,4.58,1.2920000000000003,30.431,1.0,2026-10-04
GCBD5561,4.025,100.525,2.3,0.43,4.58,1.2920000000000003,30.431,1.0,2026-10-04
GCBD5562,4.025,100.525,1.9,0.43,4.58,1.2920000000000003,30.431,1.0,2026-10-04
GCBD5563,4.025,100.525,2.6,0.43,4.58,1.2920000000000003,30.431,1.0,2026-10-04
GCBD5564,4.025,100.525,2.6,0.43,4.58,1.2920000000000003,30.431,1.0,2026-10-04
GCBD5904,4.025,100.525,2.1,0.43,4.58,1.2920000000000003,30.431,1.0,2026-10-04
GCBD5565,4.025,100.525,2.9,0.43,4.58,1.2920000000000003,30.431,1.0,2026-10-04
GCBD5566,4.075,100.525,2.5,0.59,4.98,1.3073333333333332,30.448333333333334,1.0,2026-10-04
GCBD5571,4.175,100.525,3.1,0.61,5.8500000000000005,1.319,30.461666666666666,1.0,2026-10-04
GCBD5943,4.275,113.825,2.8,3.62,3.62,1.3753333333333333,30.486666666666668,1.0,2026-10-04
GCBD5517,4.275,113.825,1.8,3.62,3.62,1.3753333333333333,30.486666666666668,1.0,2026-10-04
GCBD5809,4.275,113.825,0.8,3.62,3.62,1.3753333333333333,30.486666666666668,1.0,2026-10-04
GCBD5587,4.275,113.825,1.2,3.62,3.62,1.3753333333333333,30.486666666666668,1.0,2026-10-04
GCBD5806,4.275,113.825,1.1,3.62,3.62,1.3753333333333333,30.486666666666668,1.0,2026-10-04
GCBD5944,4.275,113.825,1.2,3.62,3.62,1.3753333333333333,30.486666666666668,1.0,2026-10-04
GCBD5945,4.275,113.825,1.1,3.62,3.62,1.3753333333333333,30.486666666666668,1.0,2026-10-04
GCBD5805,4.275,113.825,0.9,3.62,3.62,1.3753333333333333,30.486666666666668,1.0,2026-10-04
GCBD5588,4.275,113.825,0.9,3.62,3.62,1.3753333333333333,30.486666666666668,1.0,2026-10-04
GCBD5946,4.275,113.825,1.1,3.62,3.62,1.3753333333333333,30.486666666666668,1.0,2026-10-04
GCBD5795,4.275,113.825,0.8,3.62,3.62,1.3753333333333333,30.486666666666668,1.0,2026-10-04
GCBD5807,4.275,113.825,1.4,3.62,3.62,1.3753333333333333,30.486666666666668,1.0,2026-10-04
GCBD5590,4.275,113.825,1.5,3.62,3.62,1.3753333333333333,30.486666666666668,1.0,2026-10-04
GCBD5788,4.275,113.825,1.8,3.62,3.62,1.3753333333333333,30.486666666666668,1.0,2026-10-04
GCBD5776,4.275,113.825,1.8,3.62,3.62,1.3753333333333333,30.486666666666668,1.0,2026-10-04
GCBD5947,4.275,113.825,1.9,3.62,3.62,1.3753333333333333,30.486666666666668,1.0,2026-10-04
GCBD5808,4.275,113.825,1.9,3.62,3.62,1.3753333333333333,30.486666666666668,1.0,2026-10-04
GCBD5591,4.275,113.825,1.9,3.62,3.62,1.3753333333333333,30.486666666666668,1.0,2026-10-04
GCBD5592,4.275,113.825,2.1,3.62,3.62,1.3753333333333333,30.486666666666668,1.0,2026-10-04
GCBD5792,4.275,113.825,2.1,3.62,3.62,1.3753333333333333,30.486666666666668,1.0,2026-10-04
GCBD5948,4.275,113.825,2.7,3.62,3.62,1.3753333333333333,30.486666666666668,1.0,2026-10-04
GCBD5777,4.325,113.925,3.2,3.9,3.9,1.369,30.493666666666666,1.0,2026-10-04
GCBD5596,4.325,113.875,3.1,3.83,3.83,1.3676666666666664,30.484999999999996,1.0,2026-10-04
GCBD5778,4.325,113.875,3.3,3.83,3.83,1.3676666666666664,30.484999999999996,1.0,2026-10-04
GCBD5810,4.325,113.875,3.3,3.83,3.83,1.3676666666666664,30.484999999999996,1.0,2026-10-04
GCBD5597,4.325,113.875,3.2,3.83,3.83,1.3676666666666664,30.484999999999996,1.0,2026-10-04
GCBD5951,4.325,113.875,3.4,3.83,3.83,1.3676666666666664,30.484999999999996,1.0,2026-10-04
GCBD5598,4.325,113.875,3.4,3.83,3.83,1.3676666666666664,30.484999999999996,1.0,2026-10-04
GCBD5811,4.425,113.725,3.3,2.59,2.59,1.3336666666666666,30.435000000000006,1.0,2026-10-04
GCBD5812,4.425,113.725,3.0,2.59,2.59,1.3336666666666666,30.435000000000006,1.0,2026-10-04
GCBD5978,4.725,103.925,1.5,0.0,2.93,0.6566666666666667,29.34233333333333,1.0,2026-10-04
GCBD5633,4.825,103.675,2.7,0.0,3.47,0.7013333333333333,29.334666666666667,1.0,2026-10-04
GCBD5979,4.825,103.675,2.7,0.0,3.47,0.7013333333333333,29.334666666666667,1.0,2026-10-04
GCBD5637,4.825,103.675,2.1,0.0,3.47,0.7013333333333333,29.334666666666667,1.0,2026-10-04
GCBD5980,4.825,103.675,2.0,0.0,3.47,0.7013333333333333,29.334666666666667,1.0,2026-10-04
GCBD5638,4.825,103.675,1.8,0.0,3.47,0.7013333333333333,29.334666666666667,1.0,2026-10-04
GCBD5640,4.825,103.675,1.4,0.0,3.47,0.7013333333333333,29.334666666666667,1.0,2026-10-04
GCBD5642,4.825,103.675,1.2,0.0,3.47,0.7013333333333333,29.334666666666667,1.0,2026-10-04
GCBD5643,4.825,103.675,1.0,0.0,3.47,0.7013333333333333,29.334666666666667,1.0,2026-10-04
GCBD5981,4.825,103.675,0.7,0.0,3.47,0.7013333333333333,29.334666666666667,1.0,2026-10-04
GCBD5982,4.825,103.675,1.5,0.0,3.47,0.7013333333333333,29.334666666666667,1.0,2026-10-04
GCBD5983,4.825,103.675,1.2,0.0,3.47,0.7013333333333333,29.334666666666667,1.0,2026-10-04
GCBD5984,4.825,103.675,1.0,0.0,3.47,0.7013333333333333,29.334666666666667,1.0,2026-10-04
GCBD5985,4.825,103.675,1.7,0.0,3.47,0.7013333333333333,29.334666666666667,1.0,2026-10-04
GCBD5986,4.825,103.675,1.1,0.0,3.47,0.7013333333333333,29.334666666666667,1.0,2026-10-04
GCBD5669,5.225,103.275,1.9,0.0,4.18,0.8256666666666667,29.623333333333335,1.0,2026-10-04
GCBD5995,5.225,103.275,1.9,0.0,4.18,0.8256666666666667,29.623333333333335,1.0,2026-10-04
GCBD5670,5.225,103.275,1.6,0.0,4.18,0.8256666666666667,29.623333333333335,1.0,2026-10-04
GCBD5998,5.225,103.275,0.7,0.0,4.18,0.8256666666666667,29.623333333333335,1.0,2026-10-04
GCBD5671,5.225,103.275,0.9,0.0,4.18,0.8256666666666667,29.623333333333335,1.0,2026-10-04
GCBD5999,5.225,103.275,1.8,0.0,4.18,0.8256666666666667,29.623333333333335,1.0,2026-10-04
GCBD6000,5.225,103.275,1.8,0.0,4.18,0.8256666666666667,29.623333333333335,1.0,2026-10-04
GCBD5672,5.225,103.275,1.9,0.0,4.18,0.8256666666666667,29.623333333333335,1.0,2026-10-04
GCBD5673,5.225,103.275,1.8,0.0,4.18,0.8256666666666667,29.623333333333335,1.0,2026-10-04
GCBD5674,5.575,103.075,2.9,0.0,0.94,1.0313333333333332,29.935999999999996,1.0,2026-10-04
GCBD5675,5.625,103.075,2.1,0.0,0.76,1.0373333333333332,29.943666666666665,1.0,2026-10-04
GCBD5676,5.625,103.075,2.2,0.0,0.76,1.0373333333333332,29.943666666666665,1.0,2026-10-04
GCBD5677,5.625,103.175,1.7,0.0,0.61,1.0139999999999998,29.894999999999996,1.0,2026-10-04
GCBD5678,5.625,103.175,3.4,0.0,0.61,1.0139999999999998,29.894999999999996,1.0,2026-10-04
GCBD5679,5.675,103.075,1.1,0.0,0.3,1.0543333333333333,29.952333333333335,1.0,2026-10-04
GCBD5681,5.725,102.975,2.6,0.0,0.3,1.0919999999999999,30.014666666666667,1.0,2026-10-04
GCBD6007,5.725,102.975,2.7,0.0,0.3,1.0919999999999999,30.014666666666667,1.0,2026-10-04
GCBD6008,5.725,103.475,3.2,0.0,0.45,0.8363333333333335,29.654666666666675,1.0,2026-10-04
GCBD5684,5.725,102.975,3.2,0.0,0.3,1.0919999999999999,30.014666666666667,1.0,2026-10-04
GCBD5779,5.725,103.025,2.3,0.0,0.16,1.0726666666666664,29.988,1.0,2026-10-04
GCBD5685,5.725,102.975,3.7,0.0,0.3,1.0919999999999999,30.014666666666667,1.0,2026-10-04
GCBD6009,5.725,103.775,2.8,0.0,0.77,0.6980000000000001,29.468999999999998,1.0,2026-10-04
GCBD6010,5.775,103.025,2.5,0.0,0.15,1.0773333333333333,29.99266666666667,1.0,2026-10-04
GCBD5686,5.775,103.025,2.4,0.0,0.15,1.0773333333333333,29.99266666666667,1.0,2026-10-04
GCBD5687,5.775,103.025,3.4,0.0,0.15,1.0773333333333333,29.99266666666667,1.0,2026-10-04
GCBD6011,5.775,103.025,2.3,0.0,0.15,1.0773333333333333,29.99266666666667,1.0,2026-10-04
GCBD6012,5.775,103.025,2.0,0.0,0.15,1.0773333333333333,29.99266666666667,1.0,2026-10-04
GCBD6013,5.775,103.025,1.9,0.0,0.15,1.0773333333333333,29.99266666666667,1.0,2026-10-04
GCBD5688,5.775,103.025,1.9,0.0,0.15,1.0773333333333333,29.99266666666667,1.0,2026-10-04
GCBD5689,5.775,103.025,1.6,0.0,0.15,1.0773333333333333,29.99266666666667,1.0,2026-10-04
GCBD6014,5.775,103.025,1.5,0.0,0.15,1.0773333333333333,29.99266666666667,1.0,2026-10-04
GCBD6015,5.775,103.025,1.3,0.0,0.15,1.0773333333333333,29.99266666666667,1.0,2026-10-04
GCBD6016,5.775,103.075,2.6,0.0,0.15,1.0693333333333332,29.96866666666666,1.0,2026-10-04
GCBD5690,5.775,103.025,1.4,0.0,0.15,1.0773333333333333,29.99266666666667,1.0,2026-10-04
GCBD6017,5.775,103.025,1.2,0.0,0.15,1.0773333333333333,29.99266666666667,1.0,2026-10-04
GCBD6018,5.775,103.025,1.6,0.0,0.15,1.0773333333333333,29.99266666666667,1.0,2026-10-04
GCBD6019,5.775,103.075,1.8,0.0,0.15,1.0693333333333332,29.96866666666666,1.0,2026-10-04
GCBD5692,5.775,103.075,1.8,0.0,0.15,1.0693333333333332,29.96866666666666,1.0,2026-10-04
GCBD6020,5.775,102.975,1.9,0.0,0.16,1.0966666666666667,30.019333333333332,1.0,2026-10-04
GCBD6021,5.775,103.075,1.8,0.0,0.15,1.0693333333333332,29.96866666666666,1.0,2026-10-04
GCBD5693,5.775,103.075,1.9,0.0,0.15,1.0693333333333332,29.96866666666666,1.0,2026-10-04
GCBD6022,5.775,103.025,0.9,0.0,0.15,1.0773333333333333,29.99266666666667,1.0,2026-10-04
GCBD6023,5.775,103.025,1.0,0.0,0.15,1.0773333333333333,29.99266666666667,1.0,2026-10-04
GCBD6024,5.775,103.025,1.9,0.0,0.15,1.0773333333333333,29.99266666666667,1.0,2026-10-04
GCBD6025,5.775,103.025,1.0,0.0,0.15,1.0773333333333333,29.99266666666667,1.0,2026-10-04
GCBD5694,5.775,103.025,2.0,0.0,0.15,1.0773333333333333,29.99266666666667,1.0,2026-10-04
GCBD7152,5.775,102.975,2.4,0.0,0.16,1.0966666666666667,30.019333333333332,1.0,2026-10-04
GCBD6026,5.775,103.025,1.5,0.0,0.15,1.0773333333333333,29.99266666666667,1.0,2026-10-04
GCBD5695,5.775,102.975,2.5,0.0,0.16,1.0966666666666667,30.019333333333332,1.0,2026-10-04
GCBD15617,5.775,102.875,2.9,0.0,1.05,1.1423333333333334,30.090666666666667,1.0,2026-10-04
GCBD15618,5.775,102.875,3.6,0.0,1.05,1.1423333333333334,30.090666666666667,1.0,2026-10-04
GCBD5697,5.775,103.025,2.9,0.0,0.15,1.0773333333333333,29.99266666666667,1.0,2026-10-04
GCBD6027,5.825,102.975,3.1,0.0,0.15,1.1,30.02266666666667,1.0,2026-10-04
GCBD5698,5.825,103.025,2.3,0.0,0.15,1.0763333333333334,29.991666666666667,1.0,2026-10-04
GCBD5700,5.825,103.025,2.0,0.0,0.15,1.0763333333333334,29.991666666666667,1.0,2026-10-04
GCBD15619,5.825,103.025,1.8,0.0,0.15,1.0763333333333334,29.991666666666667,1.0,2026-10-04
GCBD6029,5.825,102.775,1.4,0.0,1.24,1.1840000000000002,30.14866666666666,1.0,2026-10-04
GCBD6030,5.825,103.025,2.4,0.0,0.15,1.0763333333333334,29.991666666666667,1.0,2026-10-04
GCBD5794,5.875,102.725,1.7,0.0,1.09,1.1969999999999998,30.17,1.0,2026-10-04
GCBD6031,5.875,102.725,2.0,0.0,1.09,1.1969999999999998,30.17,1.0,2026-10-04
GCBD5701,5.875,102.725,2.6,0.0,1.09,1.1969999999999998,30.17,1.0,2026-10-04
GCBD15620,5.875,102.775,1.4,0.0,1.22,1.1903333333333335,30.154999999999998,1.0,2026-10-04
GCBD15621,5.875,102.775,1.6,0.0,1.22,1.1903333333333335,30.154999999999998,1.0,2026-10-04
GCBD6032,5.875,102.775,1.4,0.0,1.22,1.1903333333333335,30.154999999999998,1.0,2026-10-04
GCBD5702,5.875,102.775,1.3,0.0,1.22,1.1903333333333335,30.154999999999998,1.0,2026-10-04
GCBD15622,5.875,102.775,1.6,0.0,1.22,1.1903333333333335,30.154999999999998,1.0,2026-10-04
GCBD6033,5.875,102.725,2.8,0.0,1.09,1.1969999999999998,30.17,1.0,2026-10-04
GCBD6034,5.925,102.725,2.9,0.0,1.09,1.1986666666666665,30.17333333333333,1.0,2026-10-04
GCBD6035,5.925,102.725,2.5,0.0,1.09,1.1986666666666665,30.17333333333333,1.0,2026-10-04
GCBD6036,5.925,102.725,1.9,0.0,1.09,1.1986666666666665,30.17333333333333,1.0,2026-10-04
GCBD5703,5.925,102.725,2.3,0.0,1.09,1.1986666666666665,30.17333333333333,1.0,2026-10-04
GCBD5704,5.925,102.725,2.6,0.0,1.09,1.1986666666666665,30.17333333333333,1.0,2026-10-04
GCBD6037,5.925,102.775,3.1,0.0,1.07,1.1960000000000004,30.155000000000005,1.0,2026-10-04
GCBD5797,5.925,102.725,1.6,0.0,1.09,1.1986666666666665,30.17333333333333,1.0,2026-10-04
GCBD5705,5.925,102.775,2.6,0.0,1.07,1.1960000000000004,30.155000000000005,1.0,2026-10-04
GCBD6038,5.925,102.775,2.5,0.0,1.07,1.1960000000000004,30.155000000000005,1.0,2026-10-04
GCBD5796,5.925,102.775,1.8,0.0,1.07,1.1960000000000004,30.155000000000005,1.0,2026-10-04
GCBD5706,5.925,102.725,0.4,0.0,1.09,1.1986666666666665,30.17333333333333,1.0,2026-10-04
GCBD6039,5.925,102.775,1.8,0.0,1.07,1.1960000000000004,30.155000000000005,1.0,2026-10-04
GCBD5707,5.925,102.775,1.9,0.0,1.07,1.1960000000000004,30.155000000000005,1.0,2026-10-04
GCBD5708,5.925,102.725,0.8,0.0,1.09,1.1986666666666665,30.17333333333333,1.0,2026-10-04
GCBD5709,5.925,102.725,1.6,0.0,1.09,1.1986666666666665,30.17333333333333,1.0,2026-10-04
GCBD6040,5.925,102.725,1.7,0.0,1.09,1.1986666666666665,30.17333333333333,1.0,2026-10-04
GCBD6041,5.925,102.675,2.0,0.0,1.11,1.2020000000000002,30.18466666666667,1.0,2026-10-04
GCBD5813,5.975,102.725,3.2,0.0,1.22,1.2009999999999998,30.17066666666667,1.0,2026-10-04
GCBD6042,5.975,102.725,3.1,0.0,1.22,1.2009999999999998,30.17066666666667,1.0,2026-10-04
GCBD5710,5.975,102.675,1.6,0.0,1.1,1.2076666666666667,30.185999999999993,1.0,2026-10-04
GCBD6046,5.975,102.675,1.5,0.0,1.1,1.2076666666666667,30.185999999999993,1.0,2026-10-04
GCBD6053,5.975,102.725,2.1,0.0,1.22,1.2009999999999998,30.17066666666667,1.0,2026-10-04
GCBD6047,5.975,116.025,1.6,2.51,2.51,1.3573333333333333,30.733333333333334,1.0,2026-10-04
GCBD6051,5.975,116.025,1.4,2.51,2.51,1.3573333333333333,30.733333333333334,1.0,2026-10-04
GCBD6052,5.975,116.025,0.9,2.51,2.51,1.3573333333333333,30.733333333333334,1.0,2026-10-04
GCBD6054,5.975,116.025,2.4,2.51,2.51,1.3573333333333333,30.733333333333334,1.0,2026-10-04
GCBD1901,4.825,114.325,2.3,6.3,6.46,1.3083333333333336,30.458333333333336,1.0,2026-10-04
GCBD1902,4.825,114.325,2.6,6.3,6.46,1.3083333333333336,30.458333333333336,1.0,2026-10-04
GCBD1903,4.925,114.625,3.2,6.93,7.08,1.2516666666666667,30.505000000000003,1.0,2026-10-04
GCBD1904,4.925,114.625,3.1,6.93,7.08,1.2516666666666667,30.505000000000003,1.0,2026-10-04
GCBD1905,4.925,114.625,2.8,6.93,7.08,1.2516666666666667,30.505000000000003,1.0,2026-10-04
GCBD1906,4.925,114.625,2.9,6.93,7.08,1.2516666666666667,30.505000000000003,1.0,2026-10-04
GCBD1907,4.925,114.375,0.8,5.78,6.23,1.282,30.44966666666667,1.0,2026-10-04
GCBD1908,4.925,114.375,0.7,5.78,6.23,1.282,30.44966666666667,1.0,2026-10-04
GCBD1909,4.925,114.325,1.1,5.66,5.98,1.2896666666666665,30.443333333333335,1.0,2026-10-04
GCBD1910,4.925,114.325,1.1,5.66,5.98,1.2896666666666665,30.443333333333335,1.0,2026-10-04
GCBD1911,4.925,114.675,2.6,7.12,7.26,1.2506666666666666,30.521,1.0,2026-10-04
GCBD1912,4.925,114.675,2.9,7.12,7.26,1.2506666666666666,30.521,1.0,2026-10-04
GCBD1913,4.925,114.675,2.4,7.12,7.26,1.2506666666666666,30.521,1.0,2026-10-04
GCBD1914,4.925,114.675,2.8,7.12,7.26,1.2506666666666666,30.521,1.0,2026-10-04
GCBD1915,4.975,114.375,2.6,5.59,6.19,1.2703333333333333,30.439999999999998,1.0,2026-10-04
GCBD1916,4.975,114.625,0.3,6.57,6.86,1.2466666666666668,30.504000000000005,1.0,2026-10-04
GCBD1917,4.975,114.625,0.7,6.57,6.86,1.2466666666666668,30.504000000000005,1.0,2026-10-04
GCBD1918,5.025,114.725,1.9,7.15,7.44,1.2523333333333333,30.535,1.0,2026-10-04
GCBD1919,5.025,114.725,1.9,7.15,7.44,1.2523333333333333,30.535,1.0,2026-10-04
GCBD1920,5.025,114.725,1.6,7.15,7.44,1.2523333333333333,30.535,1.0,2026-10-04
GCBD1921,5.025,114.725,0.6,7.15,7.44,1.2523333333333333,30.535,1.0,2026-10-04
GCBD1922,5.025,114.725,0.8,7.15,7.44,1.2523333333333333,30.535,1.0,2026-10-04
GCBD1900,5.075,114.725,0.7,6.890000000000001,7.18,1.2530000000000003,30.53033333333333,1.0,2026-10-04
GCBD1899,5.075,115.075,2.5,8.26,8.74,1.3509999999999998,30.661666666666665,1.0,2026-10-04
GCBD1923,5.075,115.075,2.6,8.26,8.74,1.3509999999999998,30.661666666666665,1.0,2026-10-04
GCBD1924,5.075,115.075,2.7,8.26,8.74,1.3509999999999998,30.661666666666665,1.0,2026-10-04
GCBD1896,5.075,114.625,2.4,6.3100000000000005,6.46,1.2510000000000001,30.497666666666667,1.0,2026-10-04
GCBD1925,5.075,114.975,2.5,7.37,7.84,1.3079999999999998,30.618000000000002,1.0,2026-10-04
GCBD1926,5.075,114.975,2.4,7.37,7.84,1.3079999999999998,30.618000000000002,1.0,2026-10-04
GCBD1927,5.075,114.975,2.6,7.37,7.84,1.3079999999999998,30.618000000000002,1.0,2026-10-04
GCBD1897,5.075,114.975,3.0,7.37,7.84,1.3079999999999998,30.618000000000002,1.0,2026-10-04
GCBD1928,5.125,114.775,2.7,6.71,7.01,1.254,30.542333333333332,1.0,2026-10-04
GCBD1929,5.125,114.775,2.7,6.71,7.01,1.254,30.542333333333332,1.0,2026-10-04
GCBD1930,5.125,115.075,2.0,7.66,8.14,1.3430000000000002,30.66,1.0,2026-10-04
GCBD1931,5.125,115.075,2.0,7.66,8.14,1.3430000000000002,30.66,1.0,2026-10-04
GCBD1932,5.125,115.075,1.9,7.66,8.14,1.3430000000000002,30.66,1.0,2026-10-04
GCBD1898,5.125,114.575,2.9,4.76,5.0600000000000005,1.2493333333333332,30.473999999999997,1.0,2026-10-04
GCBD1933,5.175,114.775,2.1,5.89,6.19,1.2526666666666668,30.53433333333333,1.0,2026-10-04
GCBD1934,5.175,114.775,2.0,5.89,6.19,1.2526666666666668,30.53433333333333,1.0,2026-10-04
GCBD5991,5.175,115.125,1.9,8.09,8.58,1.3556666666666668,30.675666666666665,1.0,2026-10-04
GCBD5992,5.175,115.125,2.1,8.09,8.58,1.3556666666666668,30.675666666666665,1.0,2026-10-04
GCBD15610,5.175,115.125,2.6,8.09,8.58,1.3556666666666668,30.675666666666665,1.0,2026-10-04
GCBD5993,5.225,115.125,3.2,7.71,8.18,1.351,30.671333333333333,1.0,2026-10-04
GCBD5994,5.225,115.125,3.2,7.71,8.18,1.351,30.671333333333333,1.0,2026-10-04
GCBD1935,5.225,114.775,2.6,5.3500000000000005,5.64,1.246333333333333,30.522333333333336,1.0,2026-10-04
GCBD1936,5.225,114.775,2.6,5.3500000000000005,5.64,1.246333333333333,30.522333333333336,1.0,2026-10-04
GCBD1937,5.225,114.725,1.9,4.95,5.09,1.2476666666666665,30.498666666666672,1.0,2026-10-04
GCBD5996,5.225,115.125,0.8,7.71,8.18,1.351,30.671333333333333,1.0,2026-10-04
GCBD5997,5.225,115.125,1.9,7.71,8.18,1.351,30.671333333333333,1.0,2026-10-04
GCBD6001,5.725,115.625,2.3,3.82,3.82,1.3766666666666665,30.752666666666663,1.0,2026-10-04
GCBD6002,5.725,115.675,3.3,3.62,3.62,1.3656666666666666,30.752333333333336,1.0,2026-10-04
GCBD6003,5.725,115.675,3.0,3.62,3.62,1.3656666666666666,30.752333333333336,1.0,2026-10-04
GCBD6004,5.725,115.675,1.4,3.62,3.62,1.3656666666666666,30.752333333333336,1.0,2026-10-04
GCBD6005,5.725,115.625,1.4,3.82,3.82,1.3766666666666665,30.752666666666663,1.0,2026-10-04
GCBD6006,5.725,115.625,2.3,3.82,3.82,1.3766666666666665,30.752666666666663,1.0,2026-10-04
GCBD5680,5.725,115.025,2.5,2.94,2.94,1.2830000000000001,30.51333333333334,1.0,2026-10-04
GCBD5682,5.725,115.025,1.4,2.94,2.94,1.2830000000000001,30.51333333333334,1.0,2026-10-04
GCBD5683,5.725,115.025,1.5,2.94,2.94,1.2830000000000001,30.51333333333334,1.0,2026-10-04
GCBD5691,5.775,115.075,1.8,2.96,2.96,1.311,30.53766666666667,1.0,2026-10-04
GCBD5696,5.775,114.925,2.9,2.48,2.48,1.278333333333333,30.455000000000002,1.0,2026-10-04
GCBD5699,5.825,115.025,2.3,2.83,2.83,1.307333333333333,30.508000000000003,1.0,2026-10-04
GCBD6043,5.975,115.975,2.6,2.68,2.68,1.3659999999999997,30.740333333333336,1.0,2026-10-04
GCBD6044,5.975,115.975,2.5,2.68,2.68,1.3659999999999997,30.740333333333336,1.0,2026-10-04
GCBD6045,5.975,115.975,2.6,2.68,2.68,1.3659999999999997,30.740333333333336,1.0,2026-10-04
GCBD6048,5.975,115.975,0.7,2.68,2.68,1.3659999999999997,30.740333333333336,1.0,2026-10-04
GCBD6049,5.975,115.975,2.4,2.68,2.68,1.3659999999999997,30.740333333333336,1.0,2026-10-04
GCBD6050,5.975,115.975,2.2,2.68,2.68,1.3659999999999997,30.740333333333336,1.0,2026-10-04
GCBD5905,4.125,118.625,2.4,0.0,4.55,0.8459999999999999,29.646999999999995,1.0,2026-10-04
GCBD5906,4.125,118.625,2.6,0.0,4.55,0.8459999999999999,29.646999999999995,1.0,2026-10-04
GCBD5907,4.125,118.625,2.2,0.0,4.55,0.8459999999999999,29.646999999999995,1.0,2026-10-04
GCBD5908,4.125,118.625,2.4,0.0,4.55,0.8459999999999999,29.646999999999995,1.0,2026-10-04
GCBD5909,4.125,118.625,2.3,0.0,4.55,0.8459999999999999,29.646999999999995,1.0,2026-10-04
GCBD5910,4.125,118.625,1.7,0.0,4.55,0.8459999999999999,29.646999999999995,1.0,2026-10-04
GCBD5911,4.125,118.625,1.5,0.0,4.55,0.8459999999999999,29.646999999999995,1.0,2026-10-04
GCBD5567,4.125,118.225,1.4,1.05,6.32,1.1736666666666664,30.04166666666667,2.0,2026-10-04
GCBD5912,4.125,118.625,1.8,0.0,4.55,0.8459999999999999,29.646999999999995,1.0,2026-10-04
GCBD5913,4.125,118.625,1.1,0.0,4.55,0.8459999999999999,29.646999999999995,1.0,2026-10-04
GCBD5914,4.125,118.625,0.8,0.0,4.55,0.8459999999999999,29.646999999999995,1.0,2026-10-04
GCBD5915,4.125,118.625,0.8,0.0,4.55,0.8459999999999999,29.646999999999995,1.0,2026-10-04
GCBD5916,4.125,118.625,0.8,0.0,4.55,0.8459999999999999,29.646999999999995,1.0,2026-10-04
GCBD5917,4.125,118.625,1.2,0.0,4.55,0.8459999999999999,29.646999999999995,1.0,2026-10-04
GCBD5918,4.125,118.625,1.3,0.0,4.55,0.8459999999999999,29.646999999999995,1.0,2026-10-04
GCBD5568,4.125,118.225,1.9,1.05,6.32,1.1736666666666664,30.04166666666667,2.0,2026-10-04
GCBD5569,4.125,118.175,1.9,1.1,7.0600000000000005,1.2199999999999998,30.108,2.0,2026-10-04
GCBD5919,4.175,118.275,3.2,0.92,6.28,1.1813333333333336,30.044666666666668,2.0,2026-10-04
GCBD5920,4.175,118.275,2.6,0.92,6.28,1.1813333333333336,30.044666666666668,2.0,2026-10-04
GCBD5921,4.175,118.875,3.4,0.0,4.8100000000000005,0.8316666666666668,29.604666666666667,1.0,2026-10-04
GCBD5922,4.175,118.875,1.5,0.0,4.8100000000000005,0.8316666666666668,29.604666666666667,1.0,2026-10-04
GCBD5923,4.175,118.275,1.3,0.92,6.28,1.1813333333333336,30.044666666666668,2.0,2026-10-04
GCBD5924,4.175,118.275,1.3,0.92,6.28,1.1813333333333336,30.044666666666668,2.0,2026-10-04
GCBD5925,4.175,118.325,2.0,0.6,5.89,1.1260000000000001,29.975333333333328,2.0,2026-10-04
GCBD5926,4.175,118.325,2.0,0.6,5.89,1.1260000000000001,29.975333333333328,2.0,2026-10-04
GCBD5927,4.175,118.325,1.9,0.6,5.89,1.1260000000000001,29.975333333333328,2.0,2026-10-04
GCBD5570,4.175,118.875,1.7,0.0,4.8100000000000005,0.8316666666666668,29.604666666666667,1.0,2026-10-04
GCBD5928,4.175,118.925,3.3,0.0,4.3100000000000005,0.7716666666666668,29.54,1.0,2026-10-04
GCBD15594,4.225,118.675,3.1,0.0,4.5,0.8243333333333333,29.62,1.0,2026-10-04
GCBD5929,4.225,118.775,2.5,0.0,4.93,0.8583333333333332,29.637999999999998,1.0,2026-10-04
GCBD5572,4.225,118.775,2.3,0.0,4.93,0.8583333333333332,29.637999999999998,1.0,2026-10-04
GCBD5573,4.225,118.675,1.7,0.0,4.5,0.8243333333333333,29.62,1.0,2026-10-04
GCBD5930,4.225,118.675,1.7,0.0,4.5,0.8243333333333333,29.62,1.0,2026-10-04
GCBD5574,4.225,118.675,1.2,0.0,4.5,0.8243333333333333,29.62,1.0,2026-10-04
GCBD15595,4.225,118.675,0.8,0.0,4.5,0.8243333333333333,29.62,1.0,2026-10-04
GCBD5575,4.225,118.675,1.4,0.0,4.5,0.8243333333333333,29.62,1.0,2026-10-04
GCBD5576,4.225,118.675,1.7,0.0,4.5,0.8243333333333333,29.62,1.0,2026-10-04
GCBD5931,4.225,118.675,1.2,0.0,4.5,0.8243333333333333,29.62,1.0,2026-10-04
GCBD5932,4.225,118.675,1.1,0.0,4.5,0.8243333333333333,29.62,1.0,2026-10-04
GCBD5933,4.225,118.675,1.1,0.0,4.5,0.8243333333333333,29.62,1.0,2026-10-04
GCBD5577,4.225,118.675,0.7,0.0,4.5,0.8243333333333333,29.62,1.0,2026-10-04
GCBD5578,4.225,118.625,1.6,0.0,4.74,0.8573333333333333,29.657999999999998,1.0,2026-10-04
GCBD15596,4.225,118.625,1.3,0.0,4.74,0.8573333333333333,29.657999999999998,1.0,2026-10-04
GCBD5934,4.225,118.625,1.2,0.0,4.74,0.8573333333333333,29.657999999999998,1.0,2026-10-04
GCBD5579,4.225,118.625,2.3,0.0,4.74,0.8573333333333333,29.657999999999998,1.0,2026-10-04
GCBD5935,4.225,118.625,1.7,0.0,4.74,0.8573333333333333,29.657999999999998,1.0,2026-10-04
GCBD15599,4.225,118.625,1.2,0.0,4.74,0.8573333333333333,29.657999999999998,1.0,2026-10-04
GCBD5580,4.225,118.575,1.6,0.0,5.0,0.8993333333333333,29.711666666666662,1.0,2026-10-04
GCBD5581,4.225,118.575,2.7,0.0,5.0,0.8993333333333333,29.711666666666662,1.0,2026-10-04
GCBD5936,4.225,118.625,1.4,0.0,4.74,0.8573333333333333,29.657999999999998,1.0,2026-10-04
GCBD5937,4.225,118.375,1.9,0.89,6.09,1.119,29.96633333333334,2.0,2026-10-04
GCBD5582,4.225,118.425,1.9,0.72,6.01,1.068,29.903666666666666,2.0,2026-10-04
GCBD15600,4.225,118.625,1.9,0.0,4.74,0.8573333333333333,29.657999999999998,1.0,2026-10-04
GCBD5938,4.225,118.375,2.6,0.89,6.09,1.119,29.96633333333334,2.0,2026-10-04
GCBD5939,4.225,118.625,2.4,0.0,4.74,0.8573333333333333,29.657999999999998,1.0,2026-10-04
GCBD5583,4.225,118.625,2.7,0.0,4.74,0.8573333333333333,29.657999999999998,1.0,2026-10-04
GCBD15601,4.225,118.625,2.6,0.0,4.74,0.8573333333333333,29.657999999999998,1.0,2026-10-04
GCBD5940,4.225,118.625,2.8,0.0,4.74,0.8573333333333333,29.657999999999998,1.0,2026-10-04
GCBD5941,4.225,118.625,2.8,0.0,4.74,0.8573333333333333,29.657999999999998,1.0,2026-10-04
GCBD15602,4.225,118.625,2.8,0.0,4.74,0.8573333333333333,29.657999999999998,1.0,2026-10-04
GCBD5942,4.225,118.625,2.8,0.0,4.74,0.8573333333333333,29.657999999999998,1.0,2026-10-04
GCBD5584,4.275,118.625,2.8,0.0,5.59,0.9163333333333336,29.723999999999997,1.0,2026-10-04
GCBD5585,4.275,118.625,2.7,0.0,5.59,0.9163333333333336,29.723999999999997,1.0,2026-10-04
GCBD5586,4.275,118.525,2.4,0.0,5.82,0.9763333333333333,29.802666666666667,1.0,2026-10-04
GCBD5589,4.275,118.725,1.3,0.0,5.23,0.8646666666666666,29.648666666666667,1.0,2026-10-04
GCBD5593,4.325,118.825,3.2,0.0,3.93,0.7966666666666666,29.566,1.0,2026-10-04
GCBD5949,4.325,118.875,2.1,0.0,3.89,0.7866666666666668,29.543333333333333,1.0,2026-10-04
GCBD5950,4.325,118.875,1.4,0.0,3.89,0.7866666666666668,29.543333333333333,1.0,2026-10-04
GCBD5594,4.325,118.875,1.3,0.0,3.89,0.7866666666666668,29.543333333333333,1.0,2026-10-04
GCBD5595,4.325,118.875,1.0,0.0,3.89,0.7866666666666668,29.543333333333333,1.0,2026-10-04
GCBD5599,4.425,118.775,3.1,0.0,4.26,0.8626666666666666,29.643666666666668,1.0,2026-10-04
GCBD5600,4.425,118.775,2.5,0.0,4.26,0.8626666666666666,29.643666666666668,1.0,2026-10-04
GCBD5601,4.475,118.575,2.0,0.0,5.57,1.0606666666666669,29.906666666666663,1.0,2026-10-04
GCBD5602,4.475,118.925,2.3,0.0,3.12,0.8306666666666666,29.571,1.0,2026-10-04
GCBD5952,4.475,118.925,2.3,0.0,3.12,0.8306666666666666,29.571,1.0,2026-10-04
GCBD15604,4.475,118.875,2.2,0.0,3.13,0.8103333333333332,29.569999999999997,1.0,2026-10-04
GCBD5783,4.475,118.625,2.5,0.0,5.45,1.0439999999999998,29.869666666666664,1.0,2026-10-04
GCBD5603,4.525,118.925,3.0,0.0,3.12,0.8599999999999999,29.610333333333333,1.0,2026-10-04
GCBD5604,4.525,118.725,1.2,0.0,4.3,0.9433333333333332,29.744666666666664,1.0,2026-10-04
GCBD5605,4.525,118.825,2.3,0.0,3.44,0.8666666666666667,29.638333333333332,1.0,2026-10-04
GCBD5606,4.525,118.825,2.3,0.0,3.44,0.8666666666666667,29.638333333333332,1.0,2026-10-04
GCBD5607,4.525,118.925,2.7,0.0,3.12,0.8599999999999999,29.610333333333333,1.0,2026-10-04
GCBD5608,4.575,118.925,2.1,0.0,3.26,0.9069999999999999,29.657666666666664,1.0,2026-10-04
GCBD5953,4.575,118.925,1.9,0.0,3.26,0.9069999999999999,29.657666666666664,1.0,2026-10-04
GCBD5609,4.575,118.625,2.1,0.0,4.95,1.0046666666666664,29.854333333333333,1.0,2026-10-04
GCBD5610,4.575,118.575,2.9,0.0,5.4,1.0453333333333332,29.909333333333333,1.0,2026-10-04
GCBD5954,4.575,118.925,1.7,0.0,3.26,0.9069999999999999,29.657666666666664,1.0,2026-10-04
GCBD5955,4.575,118.775,2.0,0.0,3.61,0.9260000000000002,29.716333333333335,1.0,2026-10-04
GCBD5611,4.575,118.775,2.3,0.0,3.61,0.9260000000000002,29.716333333333335,1.0,2026-10-04
GCBD5956,4.575,118.775,2.0,0.0,3.61,0.9260000000000002,29.716333333333335,1.0,2026-10-04
GCBD5612,4.575,118.775,2.2,0.0,3.61,0.9260000000000002,29.716333333333335,1.0,2026-10-04
GCBD5613,4.575,118.975,2.1,0.0,3.0700000000000003,0.9049999999999999,29.646333333333335,1.0,2026-10-04
GCBD5957,4.575,118.975,2.0,0.0,3.0700000000000003,0.9049999999999999,29.646333333333335,1.0,2026-10-04
GCBD5958,4.575,118.775,1.3,0.0,3.61,0.9260000000000002,29.716333333333335,1.0,2026-10-04
GCBD5614,4.575,118.775,2.0,0.0,3.61,0.9260000000000002,29.716333333333335,1.0,2026-10-04
GCBD5959,4.575,118.775,1.8,0.0,3.61,0.9260000000000002,29.716333333333335,1.0,2026-10-04
GCBD5615,4.575,118.775,2.2,0.0,3.61,0.9260000000000002,29.716333333333335,1.0,2026-10-04
GCBD5960,4.575,118.925,2.5,0.0,3.26,0.9069999999999999,29.657666666666664,1.0,2026-10-04
GCBD5616,4.575,118.925,0.7,0.0,3.26,0.9069999999999999,29.657666666666664,1.0,2026-10-04
GCBD5617,4.575,118.925,1.8,0.0,3.26,0.9069999999999999,29.657666666666664,1.0,2026-10-04
GCBD5961,4.575,118.925,2.4,0.0,3.26,0.9069999999999999,29.657666666666664,1.0,2026-10-04
GCBD5618,4.575,118.925,1.5,0.0,3.26,0.9069999999999999,29.657666666666664,1.0,2026-10-04
GCBD5962,4.575,118.925,1.4,0.0,3.26,0.9069999999999999,29.657666666666664,1.0,2026-10-04
GCBD5619,4.575,118.925,2.1,0.0,3.26,0.9069999999999999,29.657666666666664,1.0,2026-10-04
GCBD5963,4.575,118.775,1.7,0.0,3.61,0.9260000000000002,29.716333333333335,1.0,2026-10-04
GCBD5964,4.575,118.925,2.6,0.0,3.26,0.9069999999999999,29.657666666666664,1.0,2026-10-04
GCBD5965,4.575,118.875,1.8,0.0,3.44,0.9023333333333335,29.663,1.0,2026-10-04
GCBD5966,4.575,118.875,1.8,0.0,3.44,0.9023333333333335,29.663,1.0,2026-10-04
GCBD5967,4.575,118.875,2.0,0.0,3.44,0.9023333333333335,29.663,1.0,2026-10-04
GCBD5968,4.575,118.875,2.1,0.0,3.44,0.9023333333333335,29.663,1.0,2026-10-04
GCBD15605,4.575,118.875,2.1,0.0,3.44,0.9023333333333335,29.663,1.0,2026-10-04
GCBD5969,4.575,118.875,2.3,0.0,3.44,0.9023333333333335,29.663,1.0,2026-10-04
GCBD5620,4.575,118.875,2.4,0.0,3.44,0.9023333333333335,29.663,1.0,2026-10-04
GCBD5970,4.575,118.875,2.6,0.0,3.44,0.9023333333333335,29.663,1.0,2026-10-04
GCBD15606,4.575,118.875,2.6,0.0,3.44,0.9023333333333335,29.663,1.0,2026-10-04
GCBD15607,4.575,118.875,2.4,0.0,3.44,0.9023333333333335,29.663,1.0,2026-10-04
GCBD15608,4.575,118.875,2.4,0.0,3.44,0.9023333333333335,29.663,1.0,2026-10-04
GCBD5971,4.575,118.875,2.9,0.0,3.44,0.9023333333333335,29.663,1.0,2026-10-04
GCBD5621,4.625,118.775,2.6,0.0,3.91,0.962,29.759666666666664,1.0,2026-10-04
GCBD15609,4.625,118.875,2.6,0.0,3.7,0.958,29.721333333333337,1.0,2026-10-04
GCBD5972,4.625,118.825,1.2,0.0,3.89,0.9576666666666664,29.738333333333333,1.0,2026-10-04
GCBD5973,4.625,118.775,2.5,0.0,3.91,0.962,29.759666666666664,1.0,2026-10-04
GCBD5622,4.625,118.575,1.8,0.0,4.88,1.048,29.919999999999998,1.0,2026-10-04
GCBD5974,4.625,118.725,1.7,0.0,3.98,0.9696666666666667,29.787333333333333,1.0,2026-10-04
GCBD5975,4.625,118.825,2.5,0.0,3.89,0.9576666666666664,29.738333333333333,1.0,2026-10-04
GCBD5976,4.625,118.825,3.4,0.0,3.89,0.9576666666666664,29.738333333333333,1.0,2026-10-04
GCBD5623,4.625,118.825,2.5,0.0,3.89,0.9576666666666664,29.738333333333333,1.0,2026-10-04
GCBD5624,4.625,118.775,3.7,0.0,3.91,0.962,29.759666666666664,1.0,2026-10-04
GCBD5977,4.675,118.675,2.7,0.0,3.92,0.9946666666666668,29.843,1.0,2026-10-04
GCBD5625,4.725,118.525,2.3,0.0,4.82,1.1090000000000002,30.020333333333333,1.0,2026-10-04
GCBD5626,4.775,118.375,2.5,0.0,5.23,1.229666666666667,30.182666666666666,1.0,2026-10-04
GCBD5627,4.775,118.375,2.3,0.0,5.23,1.229666666666667,30.182666666666666,1.0,2026-10-04
GCBD5628,4.775,118.425,1.4,0.0,5.0600000000000005,1.2053333333333331,30.146333333333335,1.0,2026-10-04
GCBD5629,4.775,118.375,1.7,0.0,5.23,1.229666666666667,30.182666666666666,1.0,2026-10-04
GCBD5630,4.775,118.425,2.1,0.0,5.0600000000000005,1.2053333333333331,30.146333333333335,1.0,2026-10-04
GCBD5631,4.775,118.375,2.5,0.0,5.23,1.229666666666667,30.182666666666666,1.0,2026-10-04
GCBD5632,4.775,118.325,2.6,0.0,5.26,1.2429999999999999,30.206,1.0,2026-10-04
GCBD5634,4.825,118.325,2.6,0.0,4.71,1.2403333333333333,30.205,1.0,2026-10-04
GCBD5635,4.825,118.375,2.5,0.0,4.71,1.225,30.186,1.0,2026-10-04
GCBD5636,4.825,118.375,2.7,0.0,4.71,1.225,30.186,1.0,2026-10-04
GCBD5639,4.825,118.275,2.4,0.0,5.0200000000000005,1.249333333333333,30.21633333333333,1.0,2026-10-04
GCBD5641,4.825,118.275,2.2,0.0,5.0200000000000005,1.249333333333333,30.21633333333333,1.0,2026-10-04
GCBD5644,4.925,118.225,2.8,0.0,4.68,1.247,30.224,1.0,2026-10-04
GCBD5645,4.875,118.175,3.7,0.0,5.24,1.2626666666666668,30.231333333333332,1.0,2026-10-04
GCBD5646,4.925,118.275,2.7,0.0,4.66,1.243,30.220000000000006,1.0,2026-10-04
GCBD5647,4.925,118.225,2.7,0.0,4.68,1.247,30.224,1.0,2026-10-04
GCBD5648,4.925,118.225,0.2,0.0,4.68,1.247,30.224,1.0,2026-10-04
GCBD5649,4.925,118.275,2.1,0.0,4.66,1.243,30.220000000000006,1.0,2026-10-04
GCBD5650,4.925,118.275,0.9,0.0,4.66,1.243,30.220000000000006,1.0,2026-10-04
GCBD5651,4.925,118.675,0.6,0.0,3.04,1.0246666666666666,29.940666666666665,1.0,2026-10-04
GCBD5652,4.925,118.225,0.8,0.0,4.68,1.247,30.224,1.0,2026-10-04
GCBD5653,4.925,118.625,0.8,0.0,3.25,1.0516666666666667,29.98,1.0,2026-10-04
GCBD5654,4.925,118.225,0.7,0.0,4.68,1.247,30.224,1.0,2026-10-04
GCBD5987,4.925,118.225,1.1,0.0,4.68,1.247,30.224,1.0,2026-10-04
GCBD5988,4.925,118.225,1.2,0.0,4.68,1.247,30.224,1.0,2026-10-04
GCBD5655,4.925,118.725,2.7,0.0,3.01,1.0113333333333334,29.91733333333333,1.0,2026-10-04
GCBD5656,4.925,118.275,1.4,0.0,4.66,1.243,30.220000000000006,1.0,2026-10-04
GCBD5657,4.925,118.575,1.8,0.0,3.45,1.0746666666666664,30.021,1.0,2026-10-04
GCBD5658,4.925,118.575,1.7,0.0,3.45,1.0746666666666664,30.021,1.0,2026-10-04
GCBD5659,4.925,118.275,2.0,0.0,4.66,1.243,30.220000000000006,1.0,2026-10-04
GCBD5660,4.925,118.275,2.9,0.0,4.66,1.243,30.220000000000006,1.0,2026-10-04
GCBD5989,4.925,118.275,3.0,0.0,4.66,1.243,30.220000000000006,1.0,2026-10-04
GCBD5661,4.925,118.275,3.0,0.0,4.66,1.243,30.220000000000006,1.0,2026-10-04
GCBD5662,4.925,118.575,3.0,0.0,3.45,1.0746666666666664,30.021,1.0,2026-10-04
GCBD5663,4.925,118.275,3.7,0.0,4.66,1.243,30.220000000000006,1.0,2026-10-04
GCBD5664,4.925,118.275,3.3,0.0,4.66,1.243,30.220000000000006,1.0,2026-10-04
GCBD5665,4.925,118.275,3.3,0.0,4.66,1.243,30.220000000000006,1.0,2026-10-04
GCBD5666,4.925,118.275,3.4,0.0,4.66,1.243,30.220000000000006,1.0,2026-10-04
GCBD5990,4.975,118.225,3.6,0.0,4.62,1.2510000000000001,30.228666666666673,1.0,2026-10-04
GCBD5667,4.975,118.225,3.4,0.0,4.62,1.2510000000000001,30.228666666666673,1.0,2026-10-04
GCBD5668,4.975,118.225,4.4,0.0,4.62,1.2510000000000001,30.228666666666673,1.0,2026-10-04
GCBD5784,4.975,118.375,1.8,0.0,4.65,1.242,30.21533333333333,1.0,2026-10-04
GCBD4370,6.075,95.125,0.5,0.59,3.84,1.6400000000000003,30.080666666666666,1.0,2026-10-04
GCBD4371,6.075,95.125,1.3,0.59,3.84,1.6400000000000003,30.080666666666666,1.0,2026-10-04
GCBD7938,6.975,79.775,3.5,0.0,2.93,1.6223333333333334,28.987333333333336,0.0,2026-10-04
GCBD3833,7.075,78.475,2.4,0.0,2.35,1.11,28.361,0.0,2026-10-04
GCBD7935,6.025,80.175,2.0,0.0,2.91,1.2343333333333333,28.817,1.0,2026-10-04
GCBD7934,6.075,81.275,2.9,0.0,2.11,1.0826666666666669,28.59733333333334,0.0,2026-10-04
GCBD7936,6.125,80.075,1.3,0.0,3.13,1.3960000000000001,28.950666666666663,1.0,2026-10-04
GCBD7942,6.125,80.075,0.7,0.0,3.13,1.3960000000000001,28.950666666666663,1.0,2026-10-04
GCBD7937,6.175,80.075,1.0,0.0,3.15,1.4733333333333336,29.012666666666664,1.0,2026-10-04
GCBD7944,6.325,81.625,0.7,0.0,2.38,0.9220000000000002,28.59666666666667,0.0,2026-10-04
GCBD7939,7.725,81.725,0.4,0.0,0.0,0.8236666666666665,29.699666666666662,1.0,2026-10-04
GCBD5793,6.025,100.025,3.2,0.0,2.96,1.4306666666666668,30.483000000000008,1.0,2026-10-04
GCBD5804,6.075,100.025,2.9,0.0,2.97,1.4126666666666667,30.475,1.0,2026-10-04
GCBD5800,6.075,100.025,2.9,0.0,2.97,1.4126666666666667,30.475,1.0,2026-10-04
GCBD6071,6.075,100.025,2.4,0.0,2.97,1.4126666666666667,30.475,1.0,2026-10-04
GCBD5801,6.075,100.025,2.7,0.0,2.97,1.4126666666666667,30.475,1.0,2026-10-04
GCBD5711,6.075,100.025,2.4,0.0,2.97,1.4126666666666667,30.475,1.0,2026-10-04
GCBD5712,6.075,100.025,2.1,0.0,2.97,1.4126666666666667,30.475,1.0,2026-10-04
GCBD5521,6.075,100.025,2.1,0.0,2.97,1.4126666666666667,30.475,1.0,2026-10-04
GCBD5803,6.075,100.025,1.7,0.0,2.97,1.4126666666666667,30.475,1.0,2026-10-04
GCBD5713,6.075,100.025,2.3,0.0,2.97,1.4126666666666667,30.475,1.0,2026-10-04
GCBD6072,6.075,100.025,2.0,0.0,2.97,1.4126666666666667,30.475,1.0,2026-10-04
GCBD6073,6.075,100.025,2.5,0.0,2.97,1.4126666666666667,30.475,1.0,2026-10-04
GCBD5802,6.075,100.075,1.9,0.0,3.29,1.4046666666666667,30.468999999999998,1.0,2026-10-04
GCBD5714,6.075,100.075,2.7,0.0,3.29,1.4046666666666667,30.468999999999998,1.0,2026-10-04
GCBD5798,6.075,100.025,2.7,0.0,2.97,1.4126666666666667,30.475,1.0,2026-10-04
GCBD5715,6.075,100.075,2.0,0.0,3.29,1.4046666666666667,30.468999999999998,1.0,2026-10-04
GCBD8157,6.425,101.925,3.2,0.0,0.3,1.0740000000000003,30.074999999999996,1.0,2026-10-04
GCBD5799,6.025,99.925,2.1,0.0,2.57,1.4456666666666667,30.485,1.0,2026-10-04
GCBD5780,6.425,99.675,2.4,0.0,4.6000000000000005,1.5186666666666668,30.47833333333333,1.0,2026-10-04
GCBD8257,6.525,99.175,1.3,0.0,4.38,1.501333333333333,30.322666666666667,1.0,2026-10-04
GCBD8273,6.525,99.175,1.2,0.0,4.38,1.501333333333333,30.322666666666667,1.0,2026-10-04
GCBD8274,6.525,99.225,1.6,0.0,4.33,1.512,30.345666666666663,1.0,2026-10-04
GCBD8275,6.575,99.275,2.9,0.14,4.42,1.5260000000000002,30.366333333333333,1.0,2026-10-04
GCBD15623,6.575,99.325,2.7,0.15,4.44,1.5303333333333338,30.392999999999994,1.0,2026-10-04
GCBD8258,6.825,99.575,2.9,0.0,5.16,1.4803333333333333,30.372333333333337,1.0,2026-10-04
GCBD8255,6.925,99.675,2.8,0.0,4.82,1.463,30.331,1.0,2026-10-04
GCBD8256,7.325,99.225,2.9,0.0,5.45,1.7676666666666665,30.34033333333333,1.0,2026-10-04
GCBD8252,7.425,99.225,2.9,0.0,5.49,1.7979999999999996,30.34066666666667,1.0,2026-10-04
GCBD8171,7.525,98.325,1.5,0.0,5.8100000000000005,1.3066666666666664,29.772666666666666,1.0,2026-10-04
GCBD8172,7.575,98.375,2.5,0.0,5.89,1.3430000000000002,29.816000000000006,1.0,2026-10-04
GCBD8173,7.575,98.375,2.6,0.0,5.89,1.3430000000000002,29.816000000000006,1.0,2026-10-04
GCBD8174,7.625,98.375,2.4,0.0,5.86,1.3513333333333335,29.822999999999997,1.0,2026-10-04
GCBD8175,7.625,98.375,2.3,0.0,5.86,1.3513333333333335,29.822999999999997,1.0,2026-10-04
GCBD8276,7.625,98.375,2.0,0.0,5.86,1.3513333333333335,29.822999999999997,1.0,2026-10-04
GCBD8176,7.625,98.375,2.0,0.0,5.86,1.3513333333333335,29.822999999999997,1.0,2026-10-04
GCBD8177,7.625,98.375,1.5,0.0,5.86,1.3513333333333335,29.822999999999997,1.0,2026-10-04
GCBD8277,7.675,98.775,3.0,0.0,5.57,1.5743333333333331,30.155333333333328,1.0,2026-10-04
GCBD8178,7.675,98.775,1.1,0.0,5.57,1.5743333333333331,30.155333333333328,1.0,2026-10-04
GCBD8278,7.675,98.775,2.0,0.0,5.57,1.5743333333333331,30.155333333333328,1.0,2026-10-04
GCBD8279,7.725,98.775,0.7,0.0,5.5600000000000005,1.5723333333333336,30.147000000000002,1.0,2026-10-04
GCBD8261,7.725,98.725,1.7,0.0,5.54,1.5519999999999998,30.11933333333333,1.0,2026-10-04
GCBD8179,7.725,98.375,2.3,0.0,5.8500000000000005,1.385,29.852333333333327,1.0,2026-10-04
GCBD8170,7.775,98.775,1.3,0.0,5.44,1.578666666666667,30.14133333333334,1.0,2026-10-04
GCBD8180,7.775,98.275,2.5,0.0,5.53,1.254,29.675333333333338,1.0,2026-10-04
GCBD8181,7.825,98.425,3.1,0.0,5.98,1.4386666666666665,29.910666666666668,1.0,2026-10-04
GCBD8280,7.825,98.775,1.5,0.0,5.49,1.5773333333333333,30.134000000000004,1.0,2026-10-04
GCBD8182,7.825,98.275,1.4,0.0,5.7,1.2536666666666667,29.65733333333333,1.0,2026-10-04
GCBD8183,7.825,98.275,2.0,0.0,5.7,1.2536666666666667,29.65733333333333,1.0,2026-10-04
GCBD8184,7.875,98.525,1.6,0.0,5.98,1.4943333333333335,29.97133333333333,1.0,2026-10-04
GCBD8185,7.875,98.275,1.9,0.0,5.76,1.2626666666666666,29.64833333333333,1.0,2026-10-04
GCBD8186,7.875,98.525,1.8,0.0,5.98,1.4943333333333335,29.97133333333333,1.0,2026-10-04
GCBD8187,7.875,98.275,2.2,0.0,5.76,1.2626666666666666,29.64833333333333,1.0,2026-10-04
GCBD8188,7.925,98.275,0.9,0.0,5.76,1.2703333333333333,29.641999999999996,1.0,2026-10-04
GCBD8189,7.925,98.275,0.7,0.0,5.76,1.2703333333333333,29.641999999999996,1.0,2026-10-04
GCBD8281,7.925,98.875,2.5,0.0,5.29,1.602666666666667,30.153333333333325,1.0,2026-10-04
GCBD8190,7.925,98.775,2.3,0.0,5.13,1.5733333333333335,30.116333333333326,1.0,2026-10-04
GCBD8191,7.925,98.275,2.5,0.0,5.76,1.2703333333333333,29.641999999999996,1.0,2026-10-04
GCBD8192,7.925,98.275,2.5,0.0,5.76,1.2703333333333333,29.641999999999996,1.0,2026-10-04
GCBD8193,7.925,98.775,3.5,0.0,5.13,1.5733333333333335,30.116333333333326,1.0,2026-10-04
GCBD8282,7.975,98.775,2.8,0.0,5.1000000000000005,1.5643333333333334,30.103999999999992,1.0,2026-10-04
GCBD8283,7.975,98.825,2.9,0.0,5.12,1.583,30.13366666666667,1.0,2026-10-04
GCBD8284,7.975,98.825,3.9,0.0,5.12,1.583,30.13366666666667,1.0,2026-10-04
GCBD8285,7.975,98.825,3.1,0.0,5.12,1.583,30.13366666666667,1.0,2026-10-04
GCBD6075,6.175,118.075,2.9,15.13,15.13,1.535333333333333,30.82133333333333,4.0,2026-10-04
GCBD6076,6.175,118.125,2.3,15.22,15.22,1.5173333333333332,30.785666666666668,4.0,2026-10-04
GCBD6077,6.175,118.125,1.9,15.22,15.22,1.5173333333333332,30.785666666666668,4.0,2026-10-04
GCBD6078,6.175,118.075,0.4,15.13,15.13,1.535333333333333,30.82133333333333,4.0,2026-10-04
GCBD6079,6.175,118.075,1.4,15.13,15.13,1.535333333333333,30.82133333333333,4.0,2026-10-04
GCBD6055,6.025,115.975,3.9,2.4,2.4,1.3726666666666667,30.738333333333333,1.0,2026-10-04
GCBD6056,6.025,116.025,2.2,2.51,2.51,1.363666666666667,30.732333333333333,1.0,2026-10-04
GCBD6057,6.025,116.025,2.0,2.51,2.51,1.363666666666667,30.732333333333333,1.0,2026-10-04
GCBD6058,6.025,116.025,2.0,2.51,2.51,1.363666666666667,30.732333333333333,1.0,2026-10-04
GCBD6059,6.025,116.025,3.0,2.51,2.51,1.363666666666667,30.732333333333333,1.0,2026-10-04
GCBD6060,6.025,116.025,1.9,2.51,2.51,1.363666666666667,30.732333333333333,1.0,2026-10-04
GCBD6061,6.025,116.025,2.0,2.51,2.51,1.363666666666667,30.732333333333333,1.0,2026-10-04
GCBD6062,6.025,116.025,3.0,2.51,2.51,1.363666666666667,30.732333333333333,1.0,2026-10-04
GCBD6063,6.025,116.075,2.9,2.36,2.36,1.3659999999999999,30.728,1.0,2026-10-04
GCBD5785,6.025,116.025,1.3,2.51,2.51,1.363666666666667,30.732333333333333,1.0,2026-10-04
GCBD6064,6.025,116.025,2.7,2.51,2.51,1.363666666666667,30.732333333333333,1.0,2026-10-04
GCBD6065,6.025,116.025,2.4,2.51,2.51,1.363666666666667,30.732333333333333,1.0,2026-10-04
GCBD6066,6.025,116.025,2.3,2.51,2.51,1.363666666666667,30.732333333333333,1.0,2026-10-04
GCBD1651,6.025,116.025,1.0,2.51,2.51,1.363666666666667,30.732333333333333,1.0,2026-10-04
GCBD6067,6.025,116.025,2.3,2.51,2.51,1.363666666666667,30.732333333333333,1.0,2026-10-04
GCBD6068,6.025,116.075,2.5,2.36,2.36,1.3659999999999999,30.728,1.0,2026-10-04
GCBD6069,6.025,116.025,1.1,2.51,2.51,1.363666666666667,30.732333333333333,1.0,2026-10-04
GCBD5786,6.025,116.025,1.5,2.51,2.51,1.363666666666667,30.732333333333333,1.0,2026-10-04
GCBD6070,6.025,116.025,1.9,2.51,2.51,1.363666666666667,30.732333333333333,1.0,2026-10-04
GCBD6074,6.075,116.025,2.1,2.68,2.68,1.3703333333333334,30.73,1.0,2026-10-04
GCBD6080,6.325,116.325,3.2,1.48,1.48,1.2753333333333332,30.638,1.0,2026-10-04
GCBD6081,6.375,116.325,2.9,1.46,1.46,1.2763333333333333,30.633666666666667,1.0,2026-10-04
GCBD6082,6.375,116.325,2.8,1.46,1.46,1.2763333333333333,30.633666666666667,1.0,2026-10-04
GCBD6083,6.375,116.325,1.0,1.46,1.46,1.2763333333333333,30.633666666666667,1.0,2026-10-04
GCBD6084,6.375,116.325,0.9,1.46,1.46,1.2763333333333333,30.633666666666667,1.0,2026-10-04
GCBD6085,6.375,116.325,0.3,1.46,1.46,1.2763333333333333,30.633666666666667,1.0,2026-10-04
GCBD6086,6.375,116.325,2.0,1.46,1.46,1.2763333333333333,30.633666666666667,1.0,2026-10-04
GCBD6087,6.375,116.325,1.7,1.46,1.46,1.2763333333333333,30.633666666666667,1.0,2026-10-04
GCBD6088,6.375,116.325,1.7,1.46,1.46,1.2763333333333333,30.633666666666667,1.0,2026-10-04
GCBD6089,6.375,116.325,2.1,1.46,1.46,1.2763333333333333,30.633666666666667,1.0,2026-10-04
GCBD5716,6.475,117.875,1.8,14.14,14.14,1.5286666666666666,30.844666666666665,4.0,2026-10-04
GCBD5717,6.475,117.875,2.2,14.14,14.14,1.5286666666666666,30.844666666666665,4.0,2026-10-04
GCBD5718,6.475,117.925,2.0,14.3,14.3,1.526,30.826,4.0,2026-10-04
GCBD5719,6.475,117.925,2.0,14.3,14.3,1.526,30.826,4.0,2026-10-04
GCBD5720,6.475,117.925,2.6,14.3,14.3,1.526,30.826,4.0,2026-10-04
GCBD5721,6.475,117.925,3.0,14.3,14.3,1.526,30.826,4.0,2026-10-04
GCBD5722,6.525,117.925,2.8,14.4,14.4,1.5350000000000001,30.824999999999996,4.0,2026-10-04
GCBD5723,6.525,117.925,2.2,14.4,14.4,1.5350000000000001,30.824999999999996,4.0,2026-10-04
GCBD5724,6.525,117.925,2.1,14.4,14.4,1.5350000000000001,30.824999999999996,4.0,2026-10-04
GCBD6091,6.525,117.925,2.5,14.4,14.4,1.5350000000000001,30.824999999999996,4.0,2026-10-04
GCBD6092,6.525,117.925,2.0,14.4,14.4,1.5350000000000001,30.824999999999996,4.0,2026-10-04
GCBD6093,6.525,117.925,2.1,14.4,14.4,1.5350000000000001,30.824999999999996,4.0,2026-10-04
GCBD6094,6.525,117.925,2.4,14.4,14.4,1.5350000000000001,30.824999999999996,4.0,2026-10-04
GCBD6095,6.525,117.925,2.3,14.4,14.4,1.5350000000000001,30.824999999999996,4.0,2026-10-04
GCBD5725,6.525,117.925,2.5,14.4,14.4,1.5350000000000001,30.824999999999996,4.0,2026-10-04
GCBD6096,6.525,117.925,1.4,14.4,14.4,1.5350000000000001,30.824999999999996,4.0,2026-10-04
GCBD5726,6.525,117.925,1.2,14.4,14.4,1.5350000000000001,30.824999999999996,4.0,2026-10-04
GCBD5727,6.525,117.925,0.7,14.4,14.4,1.5350000000000001,30.824999999999996,4.0,2026-10-04
GCBD5728,6.525,117.925,1.1,14.4,14.4,1.5350000000000001,30.824999999999996,4.0,2026-10-04
GCBD6097,6.525,117.925,1.9,14.4,14.4,1.5350000000000001,30.824999999999996,4.0,2026-10-04
GCBD5729,6.525,117.925,2.1,14.4,14.4,1.5350000000000001,30.824999999999996,4.0,2026-10-04
GCBD5730,6.575,117.925,2.6,14.37,14.37,1.549,30.82299999999999,4.0,2026-10-04
GCBD5731,6.575,117.925,2.8,14.37,14.37,1.549,30.82299999999999,4.0,2026-10-04
GCBD6098,6.575,117.925,2.3,14.37,14.37,1.549,30.82299999999999,4.0,2026-10-04
GCBD5732,6.575,117.925,1.5,14.37,14.37,1.549,30.82299999999999,4.0,2026-10-04
GCBD6099,6.575,117.875,2.8,14.35,14.35,1.5420000000000003,30.840333333333334,4.0,2026-10-04
GCBD5787,6.625,117.875,1.8,14.21,14.21,1.5503333333333333,30.840333333333334,4.0,2026-10-04
GCBD5733,6.725,116.325,3.0,1.77,1.77,1.319,30.656666666666663,1.0,2026-10-04
GCBD5734,6.725,116.375,2.8,1.76,1.76,1.319,30.665666666666663,1.0,2026-10-04
GCBD5735,6.725,116.325,2.3,1.77,1.77,1.319,30.656666666666663,1.0,2026-10-04
GCBD6100,6.725,116.325,2.3,1.77,1.77,1.319,30.656666666666663,1.0,2026-10-04
GCBD5736,6.725,116.325,2.2,1.77,1.77,1.319,30.656666666666663,1.0,2026-10-04
GCBD5737,6.725,116.325,2.1,1.77,1.77,1.319,30.656666666666663,1.0,2026-10-04
GCBD6101,6.725,116.325,2.1,1.77,1.77,1.319,30.656666666666663,1.0,2026-10-04
GCBD15624,6.725,116.375,2.0,1.76,1.76,1.319,30.665666666666663,1.0,2026-10-04
GCBD5738,6.725,116.325,1.7,1.77,1.77,1.319,30.656666666666663,1.0,2026-10-04
GCBD6102,6.725,116.325,1.5,1.77,1.77,1.319,30.656666666666663,1.0,2026-10-04
GCBD6103,6.725,116.325,1.3,1.77,1.77,1.319,30.656666666666663,1.0,2026-10-04
GCBD5739,6.725,116.325,1.6,1.77,1.77,1.319,30.656666666666663,1.0,2026-10-04
GCBD6104,6.725,116.325,2.8,1.77,1.77,1.319,30.656666666666663,1.0,2026-10-04
GCBD5740,6.725,116.375,1.9,1.76,1.76,1.319,30.665666666666663,1.0,2026-10-04
GCBD5741,6.725,116.375,1.9,1.76,1.76,1.319,30.665666666666663,1.0,2026-10-04
GCBD5742,6.725,116.325,1.8,1.77,1.77,1.319,30.656666666666663,1.0,2026-10-04
GCBD5743,6.725,116.375,0.9,1.76,1.76,1.319,30.665666666666663,1.0,2026-10-04
GCBD5744,6.725,116.325,2.6,1.77,1.77,1.319,30.656666666666663,1.0,2026-10-04
GCBD5745,6.825,117.425,2.3,12.6,12.6,1.5703333333333334,30.897,4.0,2026-10-04
GCBD15625,6.825,117.375,2.2,12.02,12.02,1.5726666666666667,30.900333333333332,4.0,2026-10-04
GCBD15626,6.825,117.475,0.5,12.59,12.59,1.5770000000000006,30.89833333333333,4.0,2026-10-04
GCBD15627,6.825,116.875,0.2,3.37,3.96,1.476333333333333,30.797333333333334,1.0,2026-10-04
GCBD15628,6.875,116.875,2.7,3.51,3.96,1.484333333333333,30.80166666666667,1.0,2026-10-04
GCBD5746,6.875,117.575,2.3,12.21,12.21,1.5793333333333335,30.874666666666666,4.0,2026-10-04
GCBD15629,6.875,117.375,1.4,11.39,11.39,1.5599999999999998,30.877666666666663,4.0,2026-10-04
GCBD5747,6.875,117.375,1.7,11.39,11.39,1.5599999999999998,30.877666666666663,4.0,2026-10-04
GCBD5748,6.875,117.325,3.3,11.18,11.31,1.5679999999999998,30.88633333333333,4.0,2026-10-04
GCBD6105,6.875,117.525,2.5,12.41,12.41,1.5770000000000002,30.88,4.0,2026-10-04
GCBD15630,6.925,116.825,2.7,2.98,2.99,1.4723333333333335,30.78533333333333,1.0,2026-10-04
GCBD5749,6.925,117.325,2.7,10.22,10.31,1.5563333333333333,30.857666666666667,4.0,2026-10-04
GCBD15631,6.925,117.325,2.8,10.22,10.31,1.5563333333333333,30.857666666666667,4.0,2026-10-04
GCBD6106,6.925,117.025,2.0,4.67,5.94,1.5003333333333333,30.805333333333337,1.0,2026-10-04
GCBD15632,6.925,117.025,1.9,4.67,5.94,1.5003333333333333,30.805333333333337,1.0,2026-10-04
GCBD6107,6.925,117.025,3.0,4.67,5.94,1.5003333333333333,30.805333333333337,1.0,2026-10-04
GCBD15633,6.975,117.275,2.3,8.65,8.66,1.5449999999999997,30.82766666666667,4.0,2026-10-04
GCBD15634,6.975,117.025,2.7,4.92,6.04,1.4973333333333332,30.789666666666662,1.0,2026-10-04
GCBD6108,6.975,117.025,3.0,4.92,6.04,1.4973333333333332,30.789666666666662,1.0,2026-10-04
GCBD5750,6.975,116.875,3.0,3.06,3.0700000000000003,1.4773333333333336,30.78766666666667,1.0,2026-10-04
GCBD5751,6.975,117.325,2.8,9.31,9.31,1.543666666666667,30.827000000000005,4.0,2026-10-04
GCBD6109,6.975,117.025,1.2,4.92,6.04,1.4973333333333332,30.789666666666662,1.0,2026-10-04
GCBD15635,6.975,117.475,2.8,10.35,10.35,1.5533333333333332,30.83733333333333,4.0,2026-10-04
GCBD5752,7.025,117.425,3.3,9.68,9.68,1.5490000000000002,30.816666666666666,4.0,2026-10-04
GCBD5753,7.025,117.425,1.4,9.68,9.68,1.5490000000000002,30.816666666666666,4.0,2026-10-04
GCBD15636,7.025,117.075,1.0,4.99,6.3100000000000005,1.5036666666666667,30.78533333333333,1.0,2026-10-04
GCBD15637,7.025,117.025,2.6,4.6000000000000005,5.71,1.4919999999999998,30.78166666666666,1.0,2026-10-04
GCBD5754,7.025,117.425,2.7,9.68,9.68,1.5490000000000002,30.816666666666666,4.0,2026-10-04
GCBD15638,7.025,117.475,2.4,9.82,9.82,1.5516666666666667,30.818666666666665,4.0,2026-10-04
GCBD15639,7.075,117.375,2.8,8.43,8.43,1.5413333333333334,30.797000000000008,4.0,2026-10-04
GCBD6110,7.075,117.025,0.4,3.93,4.87,1.4873333333333332,30.765,1.0,2026-10-04
GCBD6111,7.075,117.025,1.1,3.93,4.87,1.4873333333333332,30.765,1.0,2026-10-04
GCBD6112,7.075,117.025,0.6,3.93,4.87,1.4873333333333332,30.765,1.0,2026-10-04
GCBD6113,7.075,117.025,1.4,3.93,4.87,1.4873333333333332,30.765,1.0,2026-10-04
GCBD15640,7.075,117.225,2.6,7.09,7.18,1.5159999999999998,30.779999999999994,1.0,2026-10-04
GCBD15641,7.075,117.075,2.4,4.63,5.92,1.4893333333333336,30.768666666666668,1.0,2026-10-04
GCBD5755,7.075,117.425,1.9,8.97,8.97,1.5433333333333334,30.801,4.0,2026-10-04
GCBD6114,7.075,117.025,1.8,3.93,4.87,1.4873333333333332,30.765,1.0,2026-10-04
GCBD6115,7.075,117.025,1.9,3.93,4.87,1.4873333333333332,30.765,1.0,2026-10-04
GCBD15642,7.075,117.075,2.0,4.63,5.92,1.4893333333333336,30.768666666666668,1.0,2026-10-04
GCBD15643,7.075,117.475,1.5,9.54,9.54,1.546,30.802999999999997,4.0,2026-10-04
GCBD6116,7.075,117.075,2.8,4.63,5.92,1.4893333333333336,30.768666666666668,1.0,2026-10-04
GCBD6117,7.075,117.025,2.2,3.93,4.87,1.4873333333333332,30.765,1.0,2026-10-04
GCBD5756,7.075,117.475,2.4,9.54,9.54,1.546,30.802999999999997,4.0,2026-10-04
GCBD15644,7.075,117.075,3.0,4.63,5.92,1.4893333333333336,30.768666666666668,1.0,2026-10-04
GCBD5757,7.075,117.075,2.8,4.63,5.92,1.4893333333333336,30.768666666666668,1.0,2026-10-04
GCBD6118,7.125,117.025,2.8,3.58,4.05,1.469,30.746,1.0,2026-10-04
GCBD5758,7.075,117.075,3.0,4.63,5.92,1.4893333333333336,30.768666666666668,1.0,2026-10-04
GCBD5759,7.075,117.125,3.0,5.48,6.24,1.5033333333333336,30.776,1.0,2026-10-04
GCBD5760,7.075,117.075,3.7,4.63,5.92,1.4893333333333336,30.768666666666668,1.0,2026-10-04
GCBD5761,7.075,117.075,3.8,4.63,5.92,1.4893333333333336,30.768666666666668,1.0,2026-10-04
GCBD5762,7.075,117.075,4.4,4.63,5.92,1.4893333333333336,30.768666666666668,1.0,2026-10-04
GCBD5763,7.075,117.075,4.7,4.63,5.92,1.4893333333333336,30.768666666666668,1.0,2026-10-04
GCBD5764,7.075,117.125,5.0,5.48,6.24,1.5033333333333336,30.776,1.0,2026-10-04
GCBD15645,7.125,117.375,1.1,8.1,8.1,1.5333333333333334,30.778666666666663,4.0,2026-10-04
GCBD5765,7.075,117.125,4.6,5.48,6.24,1.5033333333333336,30.776,1.0,2026-10-04
GCBD5766,7.075,117.125,4.6,5.48,6.24,1.5033333333333336,30.776,1.0,2026-10-04
GCBD5767,7.075,117.125,4.7,5.48,6.24,1.5033333333333336,30.776,1.0,2026-10-04
GCBD5768,7.075,117.125,5.1,5.48,6.24,1.5033333333333336,30.776,1.0,2026-10-04
GCBD15646,7.125,117.525,1.9,9.53,9.53,1.5440000000000003,30.783,4.0,2026-10-04
GCBD5769,7.075,117.125,5.1,5.48,6.24,1.5033333333333336,30.776,1.0,2026-10-04
GCBD5770,7.125,117.175,4.6,5.98,6.55,1.4986666666666666,30.762666666666668,1.0,2026-10-04
GCBD5771,7.125,117.175,3.2,5.98,6.55,1.4986666666666666,30.762666666666668,1.0,2026-10-04
GCBD5772,7.125,117.175,5.9,5.98,6.55,1.4986666666666666,30.762666666666668,1.0,2026-10-04
GCBD5773,7.125,117.175,5.4,5.98,6.55,1.4986666666666666,30.762666666666668,1.0,2026-10-04
GCBD5774,7.125,117.175,2.9,5.98,6.55,1.4986666666666666,30.762666666666668,1.0,2026-10-04
GCBD6119,7.175,116.875,1.7,2.71,3.02,1.4383333333333332,30.720333333333333,1.0,2026-10-04
GCBD6120,7.175,116.875,1.7,2.71,3.02,1.4383333333333332,30.720333333333333,1.0,2026-10-04
GCBD15647,7.175,117.275,2.2,6.55,6.88,1.5199999999999998,30.757,1.0,2026-10-04
GCBD15648,7.175,117.375,1.7,7.81,7.81,1.523333333333333,30.761666666666663,3.0,2026-10-04
GCBD6121,7.175,117.275,3.2,6.55,6.88,1.5199999999999998,30.757,1.0,2026-10-04
GCBD5775,7.175,117.275,2.9,6.55,6.88,1.5199999999999998,30.757,1.0,2026-10-04
GCBD6122,7.225,116.825,3.1,2.36,2.66,1.4310000000000003,30.693333333333324,1.0,2026-10-04
GCBD15649,7.225,117.475,1.9,7.96,7.96,1.5143333333333335,30.74333333333334,3.0,2026-10-04
GCBD6123,7.225,117.275,2.4,5.89,6.23,1.5103333333333333,30.737000000000002,1.0,2026-10-04
GCBD15650,7.225,117.375,1.1,7.15,7.18,1.5163333333333333,30.744000000000003,1.0,2026-10-04
GCBD6124,7.275,117.325,3.0,5.68,6.0200000000000005,1.5036666666666665,30.719333333333335,1.0,2026-10-04
GCBD6125,7.275,117.375,0.9,6.28,6.46,1.5066666666666666,30.722,1.0,2026-10-04
GCBD6126,7.275,117.325,1.1,5.68,6.0200000000000005,1.5036666666666665,30.719333333333335,1.0,2026-10-04
GCBD15651,7.275,117.375,2.1,6.28,6.46,1.5066666666666666,30.722,1.0,2026-10-04
GCBD6127,7.275,117.275,2.8,5.36,5.71,1.4906666666666666,30.712,1.0,2026-10-04
GCBD6128,7.325,117.375,2.6,5.62,6.08,1.4946666666666664,30.702333333333335,1.0,2026-10-04
GCBD6129,7.325,117.325,3.5,4.98,5.46,1.4860000000000004,30.699333333333335,1.0,2026-10-04
GCBD15652,7.325,117.375,3.7,5.62,6.08,1.4946666666666664,30.702333333333335,1.0,2026-10-04
GCBD6130,7.375,117.275,2.8,4.4,4.73,1.4673333333333332,30.668999999999993,1.0,2026-10-04
GCBD15653,7.375,117.125,2.8,3.35,3.96,1.433,30.646666666666665,1.0,2026-10-04
GCBD15654,7.375,117.075,3.1,3.01,3.33,1.429,30.643000000000004,1.0,2026-10-04
GCBD15655,7.375,116.975,2.0,2.68,3.13,1.4276666666666666,30.647,1.0,2026-10-04
GCBD6131,7.375,117.225,0.4,4.04,4.5200000000000005,1.4506666666666665,30.659000000000002,1.0,2026-10-04
GCBD6132,7.375,117.325,0.0,4.74,5.33,1.4733333333333334,30.676333333333332,1.0,2026-10-04
GCBD6133,7.375,117.225,2.6,4.04,4.5200000000000005,1.4506666666666665,30.659000000000002,1.0,2026-10-04
GCBD6134,7.375,117.375,2.9,5.18,5.75,1.478,30.680333333333333,1.0,2026-10-04
GCBD15656,7.375,117.375,2.5,5.18,5.75,1.478,30.680333333333333,1.0,2026-10-04
GCBD6135,7.375,117.325,2.9,4.74,5.33,1.4733333333333334,30.676333333333332,1.0,2026-10-04
GCBD3806,8.275,73.075,1.3,0.0,1.9,1.4476666666666669,29.512999999999995,1.0,2026-10-04
GCBD7954,8.575,81.225,1.6,0.0,0.0,0.506,29.20966666666667,0.0,2026-10-04
GCBD7940,8.575,81.225,1.9,0.0,0.0,0.506,29.20966666666667,0.0,2026-10-04
GCBD7943,8.725,81.225,2.9,0.0,0.0,0.6273333333333333,29.342,0.0,2026-10-04
GCBD7955,8.725,81.225,2.4,0.0,0.0,0.6273333333333333,29.342,0.0,2026-10-04
GCBD7956,8.725,81.175,1.3,0.0,0.0,0.5743333333333334,29.278000000000006,0.0,2026-10-04
GCBD7932,8.425,79.775,3.1,0.0,2.88,1.508,28.957333333333338,0.0,2026-10-04
GCBD7941,8.675,79.875,2.5,0.0,2.94,1.4973333333333332,29.109,0.0,2026-10-04
GCBD3818,8.775,78.225,3.0,0.0,1.7,1.6153333333333335,29.689999999999994,0.0,2026-10-04
GCBD3822,8.825,78.225,2.1,0.0,1.74,1.6926666666666668,29.811666666666657,0.0,2026-10-04
GCBD3817,8.875,78.675,2.9,0.0,0.8,1.2323333333333335,29.25366666666667,0.0,2026-10-04
GCBD3823,8.875,78.225,0.8,0.0,1.77,1.747,29.907666666666668,0.0,2026-10-04
GCBD3824,8.975,78.275,3.4,0.0,2.08,1.760333333333333,30.008333333333336,0.0,2026-10-04
GCBD3819,9.025,78.975,3.9,0.0,2.64,1.3573333333333333,29.528333333333332,0.0,2026-10-04
GCBD3825,8.925,78.175,11.8,0.0,1.98,1.833333333333333,30.009333333333334,0.0,2026-10-04
GCBD3802,9.025,78.725,0.8,0.0,1.8,1.5626666666666666,29.821666666666665,0.0,2026-10-04
GCBD3821,8.975,78.225,5.4,0.0,2.1,1.8030000000000002,30.028666666666663,0.0,2026-10-04
GCBD3826,9.075,78.475,2.3,0.0,2.08,1.7276666666666667,30.08333333333333,0.0,2026-10-04
GCBD3836,9.125,78.475,3.2,0.0,2.1,1.7506666666666668,30.125333333333337,1.0,2026-10-04
GCBD3834,9.175,78.725,2.5,0.0,2.32,1.701,30.13466666666666,1.0,2026-10-04
GCBD3827,9.175,78.825,1.2,0.0,2.52,1.6256666666666664,30.089000000000002,1.0,2026-10-04
GCBD3828,9.175,79.125,1.3,0.0,3.28,1.322,29.804666666666673,0.0,2026-10-04
GCBD3829,9.225,79.125,1.2,0.0,3.29,1.3456666666666666,29.938333333333333,0.0,2026-10-04
GCBD3835,9.225,79.225,2.4,0.0,3.28,1.2353333333333332,29.79266666666667,0.0,2026-10-04
GCBD3796,9.275,79.175,1.5,0.0,3.28,1.315333333333333,29.990333333333336,0.0,2026-10-04
GCBD3797,9.275,79.125,2.3,0.0,3.29,1.3739999999999999,30.057666666666666,0.0,2026-10-04
GCBD3798,9.275,79.125,2.4,0.0,3.29,1.3739999999999999,30.057666666666666,0.0,2026-10-04
GCBD3794,9.275,79.175,2.1,0.0,3.28,1.315333333333333,29.990333333333336,0.0,2026-10-04
GCBD3801,9.275,79.325,1.9,0.0,3.03,1.1953333333333336,29.799,0.0,2026-10-04
GCBD3799,9.275,79.225,3.4,0.0,3.24,1.2643333333333335,29.921999999999993,0.0,2026-10-04
GCBD3800,9.325,79.325,0.8,0.0,2.85,1.227,29.913333333333334,0.0,2026-10-04
GCBD8196,8.475,97.675,2.1,0.0,5.28,0.9573333333333333,29.048999999999996,0.0,2026-10-04
GCBD8197,8.475,97.625,2.6,0.0,5.42,0.9513333333333331,29.038999999999998,0.0,2026-10-04
GCBD8198,8.525,97.675,2.3,0.0,5.46,0.9436666666666667,29.032333333333334,0.0,2026-10-04
GCBD8199,8.525,97.625,2.9,0.0,5.49,0.9376666666666666,29.023333333333333,0.0,2026-10-04
GCBD8200,8.525,97.775,3.0,0.0,5.45,0.9476666666666667,29.060333333333332,0.0,2026-10-04
GCBD8201,8.575,97.625,1.3,0.0,5.67,0.9306666666666666,29.01266666666667,0.0,2026-10-04
GCBD8202,8.575,97.625,1.1,0.0,5.67,0.9306666666666666,29.01266666666667,0.0,2026-10-04
GCBD8203,8.575,97.625,2.3,0.0,5.67,0.9306666666666666,29.01266666666667,0.0,2026-10-04
GCBD8204,8.575,97.575,2.1,0.0,5.84,0.9273333333333336,29.006333333333334,0.0,2026-10-04
GCBD8205,8.575,97.625,2.7,0.0,5.67,0.9306666666666666,29.01266666666667,0.0,2026-10-04
GCBD8206,8.575,97.625,2.7,0.0,5.67,0.9306666666666666,29.01266666666667,0.0,2026-10-04
GCBD8207,8.675,97.675,3.4,0.0,5.7,0.95,29.026333333333337,1.0,2026-10-04
GCBD8208,8.675,97.675,2.8,0.0,5.7,0.95,29.026333333333337,1.0,2026-10-04
GCBD8153,8.675,97.625,3.0,0.0,5.86,0.9430000000000001,29.016333333333332,1.0,2026-10-04
GCBD8209,8.675,97.625,2.0,0.0,5.86,0.9430000000000001,29.016333333333332,1.0,2026-10-04
GCBD8242,8.675,97.675,3.0,0.0,5.7,0.95,29.026333333333337,1.0,2026-10-04
GCBD8210,8.675,97.675,2.3,0.0,5.7,0.95,29.026333333333337,1.0,2026-10-04
GCBD8211,8.675,97.625,2.8,0.0,5.86,0.9430000000000001,29.016333333333332,1.0,2026-10-04
GCBD8212,8.675,97.625,2.8,0.0,5.86,0.9430000000000001,29.016333333333332,1.0,2026-10-04
GCBD8294,9.375,97.875,0.6,0.0,4.58,0.83,28.840333333333337,0.0,2026-10-04
GCBD8295,9.375,97.875,0.8,0.0,4.58,0.83,28.840333333333337,0.0,2026-10-04
GCBD8154,9.375,97.875,2.0,0.0,4.58,0.83,28.840333333333337,0.0,2026-10-04
GCBD8214,9.375,97.875,2.0,0.0,4.58,0.83,28.840333333333337,0.0,2026-10-04
GCBD8215,9.375,97.875,2.0,0.0,4.58,0.83,28.840333333333337,0.0,2026-10-04
GCBD8296,9.375,97.875,3.3,0.0,4.58,0.83,28.840333333333337,0.0,2026-10-04
GCBD8216,9.375,97.875,2.8,0.0,4.58,0.83,28.840333333333337,0.0,2026-10-04
GCBD8217,9.425,97.875,2.6,0.0,4.58,0.814,28.81833333333333,0.0,2026-10-04
GCBD8218,9.425,97.875,2.2,0.0,4.58,0.814,28.81833333333333,0.0,2026-10-04
GCBD8219,9.425,97.875,1.8,0.0,4.58,0.814,28.81833333333333,0.0,2026-10-04
GCBD8243,9.425,97.875,2.8,0.0,4.58,0.814,28.81833333333333,0.0,2026-10-04
GCBD8220,9.425,97.875,2.9,0.0,4.58,0.814,28.81833333333333,0.0,2026-10-04
GCBD8297,9.425,97.875,1.0,0.0,4.58,0.814,28.81833333333333,0.0,2026-10-04
GCBD8221,9.425,97.825,1.4,0.0,4.7,0.8086666666666665,28.802,0.0,2026-10-04
GCBD8298,9.425,97.875,2.3,0.0,4.58,0.814,28.81833333333333,0.0,2026-10-04
GCBD8222,9.425,97.875,0.4,0.0,4.58,0.814,28.81833333333333,0.0,2026-10-04
GCBD8223,9.425,97.925,2.7,0.0,4.76,0.8323333333333333,28.851333333333336,0.0,2026-10-04
GCBD8224,9.425,97.875,2.5,0.0,4.58,0.814,28.81833333333333,0.0,2026-10-04
GCBD8299,9.425,97.875,2.4,0.0,4.58,0.814,28.81833333333333,0.0,2026-10-04
GCBD8225,9.425,97.875,2.1,0.0,4.58,0.814,28.81833333333333,0.0,2026-10-04
GCBD8226,9.425,97.875,1.7,0.0,4.58,0.814,28.81833333333333,0.0,2026-10-04
GCBD8227,9.425,97.925,2.0,0.0,4.76,0.8323333333333333,28.851333333333336,0.0,2026-10-04
GCBD8228,9.425,97.875,2.8,0.0,4.58,0.814,28.81833333333333,0.0,2026-10-04
GCBD8229,9.425,97.875,2.5,0.0,4.58,0.814,28.81833333333333,0.0,2026-10-04
GCBD8230,9.475,97.875,2.5,0.0,4.61,0.7939999999999999,28.798333333333336,0.0,2026-10-04
GCBD8231,9.475,97.925,2.1,0.0,4.75,0.8143333333333332,28.826333333333334,0.0,2026-10-04
GCBD8159,9.675,100.025,1.3,0.0,0.0,0.853,29.65466666666667,0.0,2026-10-04
GCBD8150,7.975,98.375,5.7,0.0,6.41,1.4156666666666669,29.843,1.0,2026-10-04
GCBD8155,7.975,98.375,5.4,0.0,6.41,1.4156666666666669,29.843,1.0,2026-10-04
GCBD8263,8.025,98.475,3.9,0.0,6.2700000000000005,1.4646666666666663,29.904666666666667,1.0,2026-10-04
GCBD8194,8.025,98.275,1.5,0.0,6.0200000000000005,1.291666666666667,29.633666666666663,1.0,2026-10-04
GCBD8152,8.075,98.325,3.4,0.0,6.32,1.3476666666666666,29.700999999999997,1.0,2026-10-04
GCBD8260,8.125,98.325,3.4,0.0,6.25,1.3376666666666668,29.682,1.0,2026-10-04
GCBD8156,8.125,98.325,3.4,0.0,6.25,1.3376666666666668,29.682,1.0,2026-10-04
GCBD8259,8.125,98.275,3.4,0.0,5.84,1.2853333333333332,29.607000000000003,1.0,2026-10-04
GCBD8195,8.125,98.275,2.9,0.0,5.84,1.2853333333333332,29.607000000000003,1.0,2026-10-04
GCBD8253,8.575,98.225,1.6,0.0,4.41,1.0556666666666668,29.26866666666666,1.0,2026-10-04
GCBD8286,8.675,98.225,1.7,0.0,4.93,1.0426666666666666,29.248333333333335,1.0,2026-10-04
GCBD8287,9.125,98.275,2.6,0.0,4.4,0.979,29.11,0.0,2026-10-04
GCBD8288,9.125,98.275,2.7,0.0,4.4,0.979,29.11,0.0,2026-10-04
GCBD8289,9.125,98.275,2.7,0.0,4.4,0.979,29.11,0.0,2026-10-04
GCBD8158,9.225,99.375,1.9,0.0,0.99,0.8763333333333333,29.544666666666668,0.0,2026-10-04
GCBD8241,9.275,98.375,5.4,0.0,4.99,0.9900000000000001,29.097333333333328,0.0,2026-10-04
GCBD8290,9.275,98.325,2.5,0.0,4.94,0.9956666666666667,29.094999999999995,0.0,2026-10-04
GCBD8291,9.275,98.325,2.5,0.0,4.94,0.9956666666666667,29.094999999999995,0.0,2026-10-04
GCBD8292,9.325,98.325,0.7,0.0,5.03,0.99,29.08933333333334,0.0,2026-10-04
GCBD8293,9.325,98.325,0.9,0.0,5.03,0.99,29.08933333333334,0.0,2026-10-04
GCBD8300,9.425,98.375,2.8,0.0,5.0200000000000005,0.982,29.06833333333333,0.0,2026-10-04
GCBD8301,9.475,98.325,2.2,0.0,4.91,0.9753333333333335,29.046999999999993,0.0,2026-10-04
GCBD8302,9.475,98.375,3.0,0.0,4.91,0.9803333333333332,29.050999999999995,0.0,2026-10-04
GCBD8303,9.575,98.375,1.6,0.0,4.84,0.9593333333333333,29.013333333333335,0.0,2026-10-04
GCBD8304,9.725,98.375,2.6,0.0,5.0,0.9053333333333333,28.927,0.0,2026-10-04
GCBD6678,9.775,98.125,1.7,0.0,4.42,0.8043333333333336,28.813333333333333,0.0,2026-10-04
GCBD6679,9.825,98.125,1.6,0.0,4.32,0.7963333333333334,28.797000000000004,0.0,2026-10-04
GCBD6680,9.875,98.125,2.6,0.0,4.05,0.7966666666666667,28.78166666666667,0.0,2026-10-04
GCBD8232,9.925,99.975,1.5,0.0,0.0,0.8543333333333332,29.57100000000001,0.0,2026-10-04
GCBD8305,9.975,99.975,1.9,0.0,0.0,0.859,29.55733333333334,0.0,2026-10-04
GCBD9592,9.375,104.225,1.6,0.0,0.15,0.76,29.464333333333332,0.0,2026-10-04
GCBD9593,9.375,104.225,2.2,0.0,0.15,0.76,29.464333333333332,0.0,2026-10-04
GCBD9594,9.375,104.225,1.9,0.0,0.15,0.76,29.464333333333332,0.0,2026-10-04
GCBD9595,9.375,104.225,2.2,0.0,0.15,0.76,29.464333333333332,0.0,2026-10-04
GCBD9596,9.925,104.025,2.1,0.0,0.0,0.5560000000000002,29.18166666666667,0.0,2026-10-04
GCBD9598,9.925,104.025,1.5,0.0,0.0,0.5560000000000002,29.18166666666667,0.0,2026-10-04
GCBD9707,9.925,104.025,1.5,0.0,0.0,0.5560000000000002,29.18166666666667,0.0,2026-10-04
GCBD9708,9.925,104.025,0.9,0.0,0.0,0.5560000000000002,29.18166666666667,0.0,2026-10-04
GCBD9600,9.925,104.025,0.9,0.0,0.0,0.5560000000000002,29.18166666666667,0.0,2026-10-04
GCBD9710,9.925,104.025,0.7,0.0,0.0,0.5560000000000002,29.18166666666667,0.0,2026-10-04
GCBD9601,9.925,104.025,2.5,0.0,0.0,0.5560000000000002,29.18166666666667,0.0,2026-10-04
GCBD9602,9.925,104.025,0.6,0.0,0.0,0.5560000000000002,29.18166666666667,0.0,2026-10-04
GCBD9712,9.975,104.025,2.5,0.0,0.0,0.554,29.178,0.0,2026-10-04
GCBD9603,9.975,104.025,2.5,0.0,0.0,0.554,29.178,0.0,2026-10-04
GCBD9713,9.975,104.025,1.7,0.0,0.0,0.554,29.178,0.0,2026-10-04
GCBD9604,9.975,104.025,0.9,0.0,0.0,0.554,29.178,0.0,2026-10-04
GCBD9714,9.975,104.025,2.7,0.0,0.0,0.554,29.178,0.0,2026-10-04
GCBD9588,9.175,103.275,1.8,0.0,0.0,0.6503333333333334,29.38033333333333,0.0,2026-10-04
GCBD9589,9.175,103.275,1.3,0.0,0.0,0.6503333333333334,29.38033333333333,0.0,2026-10-04
GCBD9590,9.175,103.325,2.0,0.0,0.0,0.6363333333333333,29.360666666666667,0.0,2026-10-04
GCBD9591,9.175,103.325,2.3,0.0,0.0,0.6363333333333333,29.360666666666667,0.0,2026-10-04
GCBD9706,9.925,103.975,2.6,0.0,0.0,0.5593333333333332,29.18966666666666,0.0,2026-10-04
GCBD9597,9.925,103.975,2.3,0.0,0.0,0.5593333333333332,29.18966666666666,0.0,2026-10-04
GCBD9599,9.925,103.975,0.9,0.0,0.0,0.5593333333333332,29.18966666666666,0.0,2026-10-04
GCBD9709,9.925,103.975,0.9,0.0,0.0,0.5593333333333332,29.18966666666666,0.0,2026-10-04
GCBD9711,9.925,103.975,2.5,0.0,0.0,0.5593333333333332,29.18966666666666,0.0,2026-10-04
GCBD9700,8.625,106.625,1.8,0.0,0.0,0.8793333333333333,29.566,1.0,2026-10-04
GCBD9574,8.625,106.625,1.8,0.0,0.0,0.8793333333333333,29.566,1.0,2026-10-04
GCBD9575,8.675,106.675,2.7,0.0,0.0,0.9176666666666667,29.596,1.0,2026-10-04
GCBD9576,8.625,106.625,3.9,0.0,0.0,0.8793333333333333,29.566,1.0,2026-10-04
GCBD9701,8.675,106.675,1.6,0.0,0.0,0.9176666666666667,29.596,1.0,2026-10-04
GCBD9577,8.675,106.675,1.3,0.0,0.0,0.9176666666666667,29.596,1.0,2026-10-04
GCBD9578,8.675,106.575,1.6,0.0,0.0,0.8703333333333334,29.543000000000003,1.0,2026-10-04
GCBD9702,8.625,106.625,4.9,0.0,0.0,0.8793333333333333,29.566,1.0,2026-10-04
GCBD9579,8.675,106.725,1.8,0.0,0.0,0.9420000000000001,29.624999999999996,1.0,2026-10-04
GCBD9580,8.675,106.725,2.1,0.0,0.0,0.9420000000000001,29.624999999999996,1.0,2026-10-04
GCBD9703,8.675,106.675,2.0,0.0,0.0,0.9176666666666667,29.596,1.0,2026-10-04
GCBD9704,8.675,106.675,3.6,0.0,0.0,0.9176666666666667,29.596,1.0,2026-10-04
GCBD9581,8.675,106.675,3.6,0.0,0.0,0.9176666666666667,29.596,1.0,2026-10-04
GCBD9582,8.725,106.625,3.3,0.0,0.0,0.9253333333333332,29.590999999999998,1.0,2026-10-04
GCBD9690,8.725,106.625,3.1,0.0,0.0,0.9253333333333332,29.590999999999998,1.0,2026-10-04
GCBD9583,8.725,106.625,2.5,0.0,0.0,0.9253333333333332,29.590999999999998,1.0,2026-10-04
GCBD9705,8.725,106.625,2.5,0.0,0.0,0.9253333333333332,29.590999999999998,1.0,2026-10-04
GCBD9584,8.875,106.625,2.5,0.0,0.0,1.0246666666666668,29.656,1.0,2026-10-04
GCBD9585,8.925,106.925,2.7,0.0,0.15,1.0553333333333335,29.679999999999996,1.0,2026-10-04
GCBD9586,8.975,106.925,0.9,0.0,0.14,1.0746666666666667,29.68266666666667,1.0,2026-10-04
GCBD9587,8.975,106.925,2.0,0.0,0.14,1.0746666666666667,29.68266666666667,1.0,2026-10-04
GCBD5791,8.625,111.925,1.3,0.0,1.11,0.9923333333333334,29.675666666666668,1.0,2026-10-04
GCBD7224,8.725,119.775,2.8,0.16,2.51,1.1310000000000002,30.125333333333334,1.0,2026-10-04
GCBD7219,9.075,118.225,1.6,0.15,2.5500000000000003,1.1586666666666663,30.027666666666665,1.0,2026-10-04
GCBD7295,9.675,118.725,2.6,0.0,1.45,1.183,30.11633333333333,1.0,2026-10-04
GCBD7296,9.725,118.775,2.8,0.0,1.94,1.198,30.131333333333334,1.0,2026-10-04
GCBD7238,9.875,118.775,1.1,0.0,2.08,1.3066666666666669,30.251,1.0,2026-10-04
GCBD7170,9.875,118.775,1.5,0.0,2.08,1.3066666666666669,30.251,1.0,2026-10-04
GCBD7171,9.925,118.825,2.3,0.0,1.26,1.301333333333333,30.250000000000004,1.0,2026-10-04
GCBD7172,9.925,118.775,2.4,0.0,1.36,1.3376666666666663,30.282,1.0,2026-10-04
GCBD7173,9.925,118.875,2.0,0.0,1.41,1.2516666666666671,30.200333333333333,1.0,2026-10-04
GCBD7174,9.925,118.875,0.9,0.0,1.41,1.2516666666666671,30.200333333333333,1.0,2026-10-04
GCBD7308,9.925,118.825,0.4,0.0,1.26,1.301333333333333,30.250000000000004,1.0,2026-10-04
GCBD7175,9.925,118.925,1.4,0.0,1.21,1.2033333333333334,30.149666666666658,1.0,2026-10-04
GCBD7176,9.925,118.875,2.0,0.0,1.41,1.2516666666666671,30.200333333333333,1.0,2026-10-04
GCBD7317,9.975,118.925,1.3,0.0,1.23,1.2126666666666666,30.16133333333333,1.0,2026-10-04
GCBD9941,10.075,73.625,2.7,0.0,1.16,1.7353333333333334,29.668666666666663,1.0,2026-10-04
GCBD9942,10.075,73.675,2.9,0.0,1.17,1.7366666666666668,29.654666666666667,1.0,2026-10-04
GCBD9943,10.075,73.625,2.4,0.0,1.16,1.7353333333333334,29.668666666666663,1.0,2026-10-04
GCBD9944,10.125,73.675,2.4,0.0,1.42,1.755,29.662999999999997,1.0,2026-10-04
GCBD3820,10.325,72.625,0.8,0.0,0.92,1.641333333333333,29.687999999999995,1.0,2026-10-04
GCBD9945,10.575,72.625,2.9,0.0,0.45,1.6416666666666666,29.647333333333332,1.0,2026-10-04
GCBD9946,10.575,72.625,0.3,0.0,0.45,1.6416666666666666,29.647333333333332,1.0,2026-10-04
GCBD3807,10.575,72.625,1.1,0.0,0.45,1.6416666666666666,29.647333333333332,1.0,2026-10-04
GCBD9947,10.825,72.175,3.5,0.0,1.23,1.6323333333333332,29.59333333333333,0.0,2026-10-04
GCBD3814,10.875,72.175,2.9,0.0,1.24,1.6320000000000003,29.592666666666663,0.0,2026-10-04
GCBD9948,10.925,72.275,2.8,0.0,1.24,1.6456666666666668,29.613666666666667,0.0,2026-10-04
GCBD9949,11.125,72.725,1.1,0.0,0.15,1.641333333333333,29.645000000000003,0.0,2026-10-04
GCBD9950,11.125,72.725,1.1,0.0,0.15,1.641333333333333,29.645000000000003,0.0,2026-10-04
GCBD3849,11.175,72.775,2.4,0.0,0.16,1.649,29.64966666666667,0.0,2026-10-04
GCBD3837,11.225,72.775,2.7,0.0,0.16,1.6666666666666665,29.66466666666667,1.0,2026-10-04
GCBD9951,11.225,72.725,3.3,0.0,0.3,1.665,29.665666666666667,0.0,2026-10-04
GCBD9952,11.225,72.775,1.3,0.0,0.16,1.6666666666666665,29.66466666666667,1.0,2026-10-04
GCBD7237,8.375,122.325,3.4,0.14,2.58,0.9486666666666665,29.770333333333333,1.0,2026-10-04
GCBD7283,9.025,123.125,3.9,0.0,0.0,0.8000000000000002,29.607333333333333,1.0,2026-10-04
GCBD7284,9.025,123.125,3.7,0.0,0.0,0.8000000000000002,29.607333333333333,1.0,2026-10-04
GCBD7155,9.075,123.275,0.6,0.0,0.29,0.8753333333333332,29.668999999999997,1.0,2026-10-04
GCBD7156,9.075,123.275,0.5,0.0,0.29,0.8753333333333332,29.668999999999997,1.0,2026-10-04
GCBD7285,9.075,123.175,1.1,0.0,0.0,0.8183333333333332,29.617333333333328,1.0,2026-10-04
GCBD7216,9.075,123.275,1.1,0.0,0.29,0.8753333333333332,29.668999999999997,1.0,2026-10-04
GCBD7157,9.075,123.175,1.0,0.0,0.0,0.8183333333333332,29.617333333333328,1.0,2026-10-04
GCBD7234,9.075,123.275,1.3,0.0,0.29,0.8753333333333332,29.668999999999997,1.0,2026-10-04
GCBD7286,9.125,123.225,2.7,0.0,0.0,0.8540000000000002,29.637333333333338,1.0,2026-10-04
GCBD7287,9.175,123.275,2.0,0.0,0.44,0.8716666666666667,29.654666666666667,1.0,2026-10-04
GCBD7217,9.175,123.325,3.2,0.14,0.44,0.8936666666666665,29.676666666666666,1.0,2026-10-04
GCBD7209,9.325,122.725,2.4,0.0,2.35,0.7763333333333334,29.658333333333335,1.0,2026-10-04
GCBD7158,9.325,123.325,1.8,0.47,0.61,0.8953333333333335,29.665666666666663,1.0,2026-10-04
GCBD7159,9.425,123.275,3.0,0.47,1.05,0.8656666666666667,29.62433333333333,1.0,2026-10-04
GCBD7288,9.425,123.375,2.2,0.94,1.2,0.9190000000000002,29.703666666666663,2.0,2026-10-04
GCBD7289,9.525,123.675,1.2,0.29,0.59,0.8716666666666666,29.767666666666663,1.0,2026-10-04
GCBD7290,9.525,123.675,0.9,0.29,0.59,0.8716666666666666,29.767666666666663,1.0,2026-10-04
GCBD7291,9.525,123.675,0.8,0.29,0.59,0.8716666666666666,29.767666666666663,1.0,2026-10-04
GCBD7160,9.525,122.525,3.4,0.0,3.33,0.8726666666666667,29.74433333333333,1.0,2026-10-04
GCBD7292,9.575,123.475,2.8,0.48,2.17,0.8543333333333332,29.714666666666666,1.0,2026-10-04
GCBD7293,9.575,123.825,0.1,0.14,0.44,0.8226666666666668,29.74233333333333,1.0,2026-10-04
GCBD7161,9.625,122.425,2.4,0.0,2.73,0.878,29.74433333333333,1.0,2026-10-04
GCBD7294,9.625,123.825,2.2,0.0,0.9,0.8173333333333334,29.753,1.0,2026-10-04
GCBD7162,9.675,122.425,3.2,0.0,2.51,0.8716666666666666,29.735666666666663,1.0,2026-10-04
GCBD7163,9.725,123.175,2.7,0.7000000000000001,4.71,0.9380000000000001,29.69066666666667,1.0,2026-10-04
GCBD7164,9.725,123.825,1.5,0.0,1.78,0.8003333333333333,29.767333333333337,1.0,2026-10-04
GCBD7297,9.825,123.575,0.1,0.15,4.46,0.7646666666666668,29.72233333333333,1.0,2026-10-04
GCBD7298,9.825,123.575,1.1,0.15,4.46,0.7646666666666668,29.72233333333333,1.0,2026-10-04
GCBD7299,9.875,122.375,0.9,0.0,2.11,0.9140000000000001,29.752333333333336,1.0,2026-10-04
GCBD7227,9.875,122.375,1.0,0.0,2.11,0.9140000000000001,29.752333333333336,1.0,2026-10-04
GCBD7223,9.875,122.375,0.8,0.0,2.11,0.9140000000000001,29.752333333333336,1.0,2026-10-04
GCBD7165,9.875,122.375,0.5,0.0,2.11,0.9140000000000001,29.752333333333336,1.0,2026-10-04
GCBD7228,9.875,122.375,0.6,0.0,2.11,0.9140000000000001,29.752333333333336,1.0,2026-10-04
GCBD7166,9.875,122.375,0.7,0.0,2.11,0.9140000000000001,29.752333333333336,1.0,2026-10-04
GCBD7300,9.875,122.375,0.6,0.0,2.11,0.9140000000000001,29.752333333333336,1.0,2026-10-04
GCBD7301,9.875,122.375,0.5,0.0,2.11,0.9140000000000001,29.752333333333336,1.0,2026-10-04
GCBD7167,9.875,122.375,0.2,0.0,2.11,0.9140000000000001,29.752333333333336,1.0,2026-10-04
GCBD7168,9.875,122.375,0.2,0.0,2.11,0.9140000000000001,29.752333333333336,1.0,2026-10-04
GCBD7302,9.875,122.375,0.6,0.0,2.11,0.9140000000000001,29.752333333333336,1.0,2026-10-04
GCBD7169,9.875,122.375,0.7,0.0,2.11,0.9140000000000001,29.752333333333336,1.0,2026-10-04
GCBD7303,9.875,123.775,2.4,0.0,2.92,0.7756666666666665,29.784666666666663,1.0,2026-10-04
GCBD7304,9.875,123.775,2.7,0.0,2.92,0.7756666666666665,29.784666666666663,1.0,2026-10-04
GCBD7305,9.925,123.375,1.9,1.3,3.3000000000000003,0.9583333333333334,29.74933333333333,1.0,2026-10-04
GCBD7306,9.925,123.325,2.0,1.29,3.84,0.9643333333333334,29.74766666666666,1.0,2026-10-04
GCBD7307,9.925,123.325,1.9,1.29,3.84,0.9643333333333334,29.74766666666666,1.0,2026-10-04
GCBD7309,9.925,123.375,1.9,1.3,3.3000000000000003,0.9583333333333334,29.74933333333333,1.0,2026-10-04
GCBD7310,9.925,123.375,1.8,1.3,3.3000000000000003,0.9583333333333334,29.74933333333333,1.0,2026-10-04
GCBD7311,9.925,123.375,1.7,1.3,3.3000000000000003,0.9583333333333334,29.74933333333333,1.0,2026-10-04
GCBD7312,9.925,123.375,1.7,1.3,3.3000000000000003,0.9583333333333334,29.74933333333333,1.0,2026-10-04
GCBD7313,9.925,123.375,1.7,1.3,3.3000000000000003,0.9583333333333334,29.74933333333333,1.0,2026-10-04
GCBD7314,9.925,123.375,1.2,1.3,3.3000000000000003,0.9583333333333334,29.74933333333333,1.0,2026-10-04
GCBD7315,9.975,123.375,1.6,1.3,3.59,0.9613333333333334,29.758000000000003,1.0,2026-10-04
GCBD7316,9.975,123.375,1.5,1.3,3.59,0.9613333333333334,29.758000000000003,1.0,2026-10-04
GCBD7318,9.975,123.375,0.8,1.3,3.59,0.9613333333333334,29.758000000000003,1.0,2026-10-04
GCBD7319,9.975,123.375,0.7,1.3,3.59,0.9613333333333334,29.758000000000003,1.0,2026-10-04
GCBD7320,9.975,123.375,2.5,1.3,3.59,0.9613333333333334,29.758000000000003,1.0,2026-10-04
GCBD7321,9.975,123.375,3.4,1.3,3.59,0.9613333333333334,29.758000000000003,1.0,2026-10-04
GCBD7322,9.975,123.375,2.7,1.3,3.59,0.9613333333333334,29.758000000000003,1.0,2026-10-04
GCBD3808,11.225,92.575,2.8,0.0,4.0600000000000005,0.9616666666666667,29.102,1.0,2026-10-04
GCBD3809,11.475,92.725,2.3,0.0,4.67,1.056,29.192999999999998,1.0,2026-10-04
GCBD3811,11.575,92.575,4.0,0.0,4.42,1.0459999999999998,29.256666666666668,1.0,2026-10-04
GCBD9953,11.575,92.575,2.1,0.0,4.42,1.0459999999999998,29.256666666666668,1.0,2026-10-04
GCBD9954,11.575,92.575,1.1,0.0,4.42,1.0459999999999998,29.256666666666668,1.0,2026-10-04
GCBD9955,11.575,92.575,1.1,0.0,4.42,1.0459999999999998,29.256666666666668,1.0,2026-10-04
GCBD3830,11.675,92.775,1.8,0.0,4.62,1.0573333333333332,29.238333333333333,1.0,2026-10-04
GCBD3831,11.725,92.775,3.5,0.0,4.57,1.0406666666666669,29.230333333333338,1.0,2026-10-04
GCBD3810,11.725,92.775,3.1,0.0,4.57,1.0406666666666669,29.230333333333338,1.0,2026-10-04
GCBD3804,11.725,92.875,1.3,0.0,4.61,1.0413333333333332,29.225666666666662,1.0,2026-10-04
GCBD6681,10.125,97.975,2.5,0.0,2.97,0.8320000000000003,28.747333333333337,0.0,2026-10-04
GCBD6682,10.125,97.975,2.6,0.0,2.97,0.8320000000000003,28.747333333333337,0.0,2026-10-04
GCBD6692,10.875,97.925,1.0,0.0,2.68,0.6706666666666667,28.689,0.0,2026-10-04
GCBD6677,11.825,97.675,2.6,0.0,3.76,0.7506666666666665,28.727333333333334,0.0,2026-10-04
GCBD8233,10.075,99.825,2.8,0.0,0.14,0.8056666666666669,29.470666666666663,0.0,2026-10-04
GCBD8160,10.075,99.825,2.8,0.0,0.14,0.8056666666666669,29.470666666666663,0.0,2026-10-04
GCBD15657,10.075,99.825,2.0,0.0,0.14,0.8056666666666669,29.470666666666663,0.0,2026-10-04
GCBD8234,10.075,99.825,1.4,0.0,0.14,0.8056666666666669,29.470666666666663,0.0,2026-10-04
GCBD8235,10.075,99.825,1.2,0.0,0.14,0.8056666666666669,29.470666666666663,0.0,2026-10-04
GCBD8306,10.075,99.825,1.7,0.0,0.14,0.8056666666666669,29.470666666666663,0.0,2026-10-04
GCBD8307,10.075,99.825,1.1,0.0,0.14,0.8056666666666669,29.470666666666663,0.0,2026-10-04
GCBD8308,10.075,99.825,2.5,0.0,0.14,0.8056666666666669,29.470666666666663,0.0,2026-10-04
GCBD8262,10.075,99.825,1.8,0.0,0.14,0.8056666666666669,29.470666666666663,0.0,2026-10-04
GCBD8309,10.075,99.825,2.8,0.0,0.14,0.8056666666666669,29.470666666666663,0.0,2026-10-04
GCBD8310,10.125,99.825,2.7,0.0,0.0,0.8133333333333332,29.46966666666666,0.0,2026-10-04
GCBD8311,10.125,99.825,1.4,0.0,0.0,0.8133333333333332,29.46966666666666,0.0,2026-10-04
GCBD8236,10.125,99.725,1.0,0.0,1.04,0.7793333333333334,29.432999999999996,0.0,2026-10-04
GCBD8312,10.125,99.825,2.3,0.0,0.0,0.8133333333333332,29.46966666666666,0.0,2026-10-04
GCBD8313,10.125,99.825,1.6,0.0,0.0,0.8133333333333332,29.46966666666666,0.0,2026-10-04
GCBD8237,10.125,99.825,1.3,0.0,0.0,0.8133333333333332,29.46966666666666,0.0,2026-10-04
GCBD8314,10.125,99.825,1.2,0.0,0.0,0.8133333333333332,29.46966666666666,0.0,2026-10-04
GCBD8315,10.125,99.825,1.4,0.0,0.0,0.8133333333333332,29.46966666666666,0.0,2026-10-04
GCBD8316,10.125,99.825,2.2,0.0,0.0,0.8133333333333332,29.46966666666666,0.0,2026-10-04
GCBD8151,10.125,99.825,0.8,0.0,0.0,0.8133333333333332,29.46966666666666,0.0,2026-10-04
GCBD8317,10.125,99.825,2.1,0.0,0.0,0.8133333333333332,29.46966666666666,0.0,2026-10-04
GCBD8318,10.125,99.825,1.2,0.0,0.0,0.8133333333333332,29.46966666666666,0.0,2026-10-04
GCBD8319,10.125,99.825,1.1,0.0,0.0,0.8133333333333332,29.46966666666666,0.0,2026-10-04
GCBD8238,10.125,99.825,1.1,0.0,0.0,0.8133333333333332,29.46966666666666,0.0,2026-10-04
GCBD6672,10.175,98.175,2.7,0.0,2.26,0.8346666666666668,28.776333333333334,0.0,2026-10-04
GCBD6683,10.175,98.025,2.5,0.0,2.89,0.8436666666666668,28.76366666666667,0.0,2026-10-04
GCBD6684,10.175,98.025,2.6,0.0,2.89,0.8436666666666668,28.76366666666667,0.0,2026-10-04
GCBD6685,10.175,98.125,2.4,0.0,2.38,0.8346666666666667,28.77033333333333,0.0,2026-10-04
GCBD6673,10.325,98.275,3.3,0.0,3.13,0.8146666666666665,28.772333333333332,0.0,2026-10-04
GCBD8254,10.375,99.275,1.3,0.0,2.82,0.6413333333333334,29.166666666666668,0.0,2026-10-04
GCBD8320,10.425,99.375,3.6,0.0,2.46,0.673,29.21766666666667,0.0,2026-10-04
GCBD6686,10.475,98.225,2.4,0.0,2.46,0.7360000000000001,28.732666666666663,0.0,2026-10-04
GCBD6687,10.475,98.225,1.1,0.0,2.46,0.7360000000000001,28.732666666666663,0.0,2026-10-04
GCBD6688,10.475,98.175,0.4,0.0,2.28,0.725,28.719,0.0,2026-10-04
GCBD8161,10.475,99.275,4.0,0.0,3.0700000000000003,0.6106666666666666,29.132666666666662,0.0,2026-10-04
GCBD8321,10.475,99.425,1.9,0.0,2.57,0.6903333333333334,29.239333333333335,0.0,2026-10-04
GCBD8322,10.575,99.375,2.4,0.0,2.61,0.6186666666666666,29.148333333333333,0.0,2026-10-04
GCBD8323,10.575,99.375,2.3,0.0,2.61,0.6186666666666666,29.148333333333333,0.0,2026-10-04
GCBD6689,10.575,98.025,0.8,0.0,2.67,0.7430000000000002,28.74233333333333,0.0,2026-10-04
GCBD6690,10.675,98.175,1.3,0.0,3.06,0.7206666666666667,28.749999999999996,0.0,2026-10-04
GCBD6674,10.675,98.175,1.9,0.0,3.06,0.7206666666666667,28.749999999999996,0.0,2026-10-04
GCBD6691,10.725,98.225,2.8,0.0,3.75,0.7176666666666667,28.755666666666663,0.0,2026-10-04
GCBD6675,10.725,98.225,2.8,0.0,3.75,0.7176666666666667,28.755666666666663,0.0,2026-10-04
GCBD6676,10.775,98.225,3.7,0.0,4.0600000000000005,0.7166666666666668,28.756000000000004,0.0,2026-10-04
GCBD6693,10.975,98.125,2.3,0.0,2.69,0.6796666666666668,28.701666666666668,0.0,2026-10-04
GCBD8162,11.825,99.825,0.8,0.0,0.0,0.37233333333333335,29.206333333333337,0.0,2026-10-04
GCBD9716,10.275,103.875,2.2,0.0,0.16,0.44066666666666665,29.097333333333328,0.0,2026-10-04
GCBD9717,10.275,103.875,3.0,0.0,0.16,0.44066666666666665,29.097333333333328,0.0,2026-10-04
GCBD9718,10.325,103.825,1.9,0.0,0.31,0.402,29.07699999999999,0.0,2026-10-04
GCBD9719,10.375,103.825,2.5,0.0,0.47,0.3676666666666667,29.054666666666662,0.0,2026-10-04
GCBD9607,10.375,103.825,1.4,0.0,0.47,0.3676666666666667,29.054666666666662,0.0,2026-10-04
GCBD9720,10.375,103.825,1.4,0.0,0.47,0.3676666666666667,29.054666666666662,0.0,2026-10-04
GCBD1999,10.625,103.275,2.0,0.0,0.62,0.48433333333333334,29.138666666666666,0.0,2026-10-04
GCBD2000,10.625,103.275,1.8,0.0,0.62,0.48433333333333334,29.138666666666666,0.0,2026-10-04
GCBD1943,10.625,103.275,2.0,0.0,0.62,0.48433333333333334,29.138666666666666,0.0,2026-10-04
GCBD1995,10.625,103.325,2.7,0.0,0.63,0.483,29.14666666666667,0.0,2026-10-04
GCBD1940,10.625,103.275,1.7,0.0,0.62,0.48433333333333334,29.138666666666666,0.0,2026-10-04
GCBD1944,10.625,103.275,1.5,0.0,0.62,0.48433333333333334,29.138666666666666,0.0,2026-10-04
GCBD2001,10.625,103.275,1.5,0.0,0.62,0.48433333333333334,29.138666666666666,0.0,2026-10-04
GCBD2002,10.625,103.275,1.5,0.0,0.62,0.48433333333333334,29.138666666666666,0.0,2026-10-04
GCBD2003,10.625,103.275,1.6,0.0,0.62,0.48433333333333334,29.138666666666666,0.0,2026-10-04
GCBD2004,10.625,103.275,1.7,0.0,0.62,0.48433333333333334,29.138666666666666,0.0,2026-10-04
GCBD2005,10.625,103.275,1.7,0.0,0.62,0.48433333333333334,29.138666666666666,0.0,2026-10-04
GCBD2006,10.625,103.275,2.2,0.0,0.62,0.48433333333333334,29.138666666666666,0.0,2026-10-04
GCBD2007,10.625,103.475,1.0,0.0,1.41,0.4793333333333333,29.164333333333328,0.0,2026-10-04
GCBD2008,10.625,103.475,0.3,0.0,1.41,0.4793333333333333,29.164333333333328,0.0,2026-10-04
GCBD1989,10.625,103.475,2.0,0.0,1.41,0.4793333333333333,29.164333333333328,0.0,2026-10-04
GCBD1938,10.625,103.275,1.7,0.0,0.62,0.48433333333333334,29.138666666666666,0.0,2026-10-04
GCBD2009,10.625,103.475,1.1,0.0,1.41,0.4793333333333333,29.164333333333328,0.0,2026-10-04
GCBD2010,10.625,103.325,1.4,0.0,0.63,0.483,29.14666666666667,0.0,2026-10-04
GCBD2011,10.625,103.325,1.3,0.0,0.63,0.483,29.14666666666667,0.0,2026-10-04
GCBD2012,10.625,103.275,2.6,0.0,0.62,0.48433333333333334,29.138666666666666,0.0,2026-10-04
GCBD2013,10.625,103.325,1.3,0.0,0.63,0.483,29.14666666666667,0.0,2026-10-04
GCBD2014,10.625,103.275,2.5,0.0,0.62,0.48433333333333334,29.138666666666666,0.0,2026-10-04
GCBD2015,10.625,103.475,1.3,0.0,1.41,0.4793333333333333,29.164333333333328,0.0,2026-10-04
GCBD2016,10.625,103.275,2.4,0.0,0.62,0.48433333333333334,29.138666666666666,0.0,2026-10-04
GCBD1986,10.625,103.275,2.3,0.0,0.62,0.48433333333333334,29.138666666666666,0.0,2026-10-04
GCBD1993,10.625,103.325,1.3,0.0,0.63,0.483,29.14666666666667,0.0,2026-10-04
GCBD1945,10.625,103.275,2.3,0.0,0.62,0.48433333333333334,29.138666666666666,0.0,2026-10-04
GCBD2017,10.625,103.275,2.3,0.0,0.62,0.48433333333333334,29.138666666666666,0.0,2026-10-04
GCBD1990,10.625,103.275,2.8,0.0,0.62,0.48433333333333334,29.138666666666666,0.0,2026-10-04
GCBD2018,10.625,103.275,2.3,0.0,0.62,0.48433333333333334,29.138666666666666,0.0,2026-10-04
GCBD2019,10.625,103.475,1.5,0.0,1.41,0.4793333333333333,29.164333333333328,0.0,2026-10-04
GCBD2020,10.625,103.475,0.8,0.0,1.41,0.4793333333333333,29.164333333333328,0.0,2026-10-04
GCBD2021,10.625,103.475,1.4,0.0,1.41,0.4793333333333333,29.164333333333328,0.0,2026-10-04
GCBD2022,10.625,103.475,2.7,0.0,1.41,0.4793333333333333,29.164333333333328,0.0,2026-10-04
GCBD2023,10.625,103.325,2.4,0.0,0.63,0.483,29.14666666666667,0.0,2026-10-04
GCBD2024,10.625,103.275,2.9,0.0,0.62,0.48433333333333334,29.138666666666666,0.0,2026-10-04
GCBD2025,10.625,103.325,2.9,0.0,0.63,0.483,29.14666666666667,0.0,2026-10-04
GCBD1946,10.625,103.325,2.9,0.0,0.63,0.483,29.14666666666667,0.0,2026-10-04
GCBD1987,10.625,103.325,2.7,0.0,0.63,0.483,29.14666666666667,0.0,2026-10-04
GCBD2026,10.625,103.275,2.8,0.0,0.62,0.48433333333333334,29.138666666666666,0.0,2026-10-04
GCBD1998,10.675,103.275,3.1,0.0,0.65,0.48799999999999993,29.136666666666667,0.0,2026-10-04
GCBD2027,10.675,103.275,3.0,0.0,0.65,0.48799999999999993,29.136666666666667,0.0,2026-10-04
GCBD1947,10.675,103.275,2.5,0.0,0.65,0.48799999999999993,29.136666666666667,0.0,2026-10-04
GCBD1948,10.675,103.275,2.3,0.0,0.65,0.48799999999999993,29.136666666666667,0.0,2026-10-04
GCBD2028,10.675,103.275,2.0,0.0,0.65,0.48799999999999993,29.136666666666667,0.0,2026-10-04
GCBD1997,10.675,103.275,2.2,0.0,0.65,0.48799999999999993,29.136666666666667,0.0,2026-10-04
GCBD2029,10.675,103.275,1.8,0.0,0.65,0.48799999999999993,29.136666666666667,0.0,2026-10-04
GCBD1988,10.675,103.275,1.9,0.0,0.65,0.48799999999999993,29.136666666666667,0.0,2026-10-04
GCBD1949,10.675,103.275,1.8,0.0,0.65,0.48799999999999993,29.136666666666667,0.0,2026-10-04
GCBD1991,10.675,103.275,2.6,0.0,0.65,0.48799999999999993,29.136666666666667,0.0,2026-10-04
GCBD2030,10.675,103.275,2.6,0.0,0.65,0.48799999999999993,29.136666666666667,0.0,2026-10-04
GCBD1950,10.675,103.275,2.0,0.0,0.65,0.48799999999999993,29.136666666666667,0.0,2026-10-04
GCBD1951,10.675,103.275,2.0,0.0,0.65,0.48799999999999993,29.136666666666667,0.0,2026-10-04
GCBD2031,10.675,103.325,2.4,0.0,0.8,0.4943333333333334,29.15233333333334,0.0,2026-10-04
GCBD2032,10.675,103.325,2.2,0.0,0.8,0.4943333333333334,29.15233333333334,0.0,2026-10-04
GCBD2033,10.675,103.325,2.3,0.0,0.8,0.4943333333333334,29.15233333333334,0.0,2026-10-04
GCBD1996,10.675,103.325,2.3,0.0,0.8,0.4943333333333334,29.15233333333334,0.0,2026-10-04
GCBD2034,10.675,103.325,2.9,0.0,0.8,0.4943333333333334,29.15233333333334,0.0,2026-10-04
GCBD1952,10.725,103.225,2.7,0.0,0.8,0.487,29.127999999999993,0.0,2026-10-04
GCBD1992,10.725,103.275,3.3,0.0,1.11,0.49333333333333335,29.143666666666665,0.0,2026-10-04
GCBD2035,10.725,103.275,2.9,0.0,1.11,0.49333333333333335,29.143666666666665,0.0,2026-10-04
GCBD1994,10.725,103.325,2.2,0.0,1.43,0.5076666666666667,29.167333333333332,0.0,2026-10-04
GCBD1953,10.725,103.325,0.9,0.0,1.43,0.5076666666666667,29.167333333333332,0.0,2026-10-04
GCBD1954,10.725,103.325,0.7,0.0,1.43,0.5076666666666667,29.167333333333332,0.0,2026-10-04
GCBD1955,10.725,103.175,1.8,0.0,0.63,0.4896666666666667,29.12166666666667,0.0,2026-10-04
GCBD1956,10.725,103.225,2.1,0.0,0.8,0.487,29.127999999999993,0.0,2026-10-04
GCBD1957,10.725,103.275,1.3,0.0,1.11,0.49333333333333335,29.143666666666665,0.0,2026-10-04
GCBD1958,10.725,103.175,2.9,0.0,0.63,0.4896666666666667,29.12166666666667,0.0,2026-10-04
GCBD1959,10.725,103.175,3.0,0.0,0.63,0.4896666666666667,29.12166666666667,0.0,2026-10-04
GCBD1960,10.725,103.275,2.1,0.0,1.11,0.49333333333333335,29.143666666666665,0.0,2026-10-04
GCBD1961,10.775,103.175,3.0,0.0,0.81,0.48133333333333334,29.115666666666673,0.0,2026-10-04
GCBD1962,10.775,103.275,3.0,0.0,1.47,0.5013333333333333,29.154333333333334,0.0,2026-10-04
GCBD1963,10.775,103.175,2.9,0.0,0.81,0.48133333333333334,29.115666666666673,0.0,2026-10-04
GCBD1941,10.775,103.275,2.5,0.0,1.47,0.5013333333333333,29.154333333333334,0.0,2026-10-04
GCBD1942,10.775,103.275,2.2,0.0,1.47,0.5013333333333333,29.154333333333334,0.0,2026-10-04
GCBD1964,10.775,103.275,1.8,0.0,1.47,0.5013333333333333,29.154333333333334,0.0,2026-10-04
GCBD2036,10.775,103.275,2.0,0.0,1.47,0.5013333333333333,29.154333333333334,0.0,2026-10-04
GCBD1965,10.775,103.175,1.9,0.0,0.81,0.48133333333333334,29.115666666666673,0.0,2026-10-04
GCBD1966,10.775,103.175,1.7,0.0,0.81,0.48133333333333334,29.115666666666673,0.0,2026-10-04
GCBD1967,10.775,103.175,1.8,0.0,0.81,0.48133333333333334,29.115666666666673,0.0,2026-10-04
GCBD1968,10.775,103.175,2.0,0.0,0.81,0.48133333333333334,29.115666666666673,0.0,2026-10-04
GCBD1969,10.775,103.175,1.9,0.0,0.81,0.48133333333333334,29.115666666666673,0.0,2026-10-04
GCBD1970,10.775,103.275,2.1,0.0,1.47,0.5013333333333333,29.154333333333334,0.0,2026-10-04
GCBD1971,10.775,103.225,2.1,0.0,1.42,0.48866666666666664,29.132,0.0,2026-10-04
GCBD1972,10.775,103.225,2.6,0.0,1.42,0.48866666666666664,29.132,0.0,2026-10-04
GCBD1973,10.775,103.225,2.0,0.0,1.42,0.48866666666666664,29.132,0.0,2026-10-04
GCBD1974,10.775,103.225,2.0,0.0,1.42,0.48866666666666664,29.132,0.0,2026-10-04
GCBD1975,10.775,103.225,1.5,0.0,1.42,0.48866666666666664,29.132,0.0,2026-10-04
GCBD1976,10.775,103.225,1.6,0.0,1.42,0.48866666666666664,29.132,0.0,2026-10-04
GCBD2037,10.775,103.275,2.2,0.0,1.47,0.5013333333333333,29.154333333333334,0.0,2026-10-04
GCBD1977,10.775,103.275,0.8,0.0,1.47,0.5013333333333333,29.154333333333334,0.0,2026-10-04
GCBD1978,10.775,103.175,1.5,0.0,0.81,0.48133333333333334,29.115666666666673,0.0,2026-10-04
GCBD1979,10.775,103.175,1.6,0.0,0.81,0.48133333333333334,29.115666666666673,0.0,2026-10-04
GCBD2038,10.775,103.225,1.2,0.0,1.42,0.48866666666666664,29.132,0.0,2026-10-04
GCBD1939,10.775,103.225,1.7,0.0,1.42,0.48866666666666664,29.132,0.0,2026-10-04
GCBD1980,10.775,103.225,1.0,0.0,1.42,0.48866666666666664,29.132,0.0,2026-10-04
GCBD1981,10.775,103.225,1.0,0.0,1.42,0.48866666666666664,29.132,0.0,2026-10-04
GCBD1982,10.775,103.225,2.6,0.0,1.42,0.48866666666666664,29.132,0.0,2026-10-04
GCBD1983,10.775,103.275,2.4,0.0,1.47,0.5013333333333333,29.154333333333334,0.0,2026-10-04
GCBD1984,10.775,103.225,3.2,0.0,1.42,0.48866666666666664,29.132,0.0,2026-10-04
GCBD1985,10.775,103.225,2.6,0.0,1.42,0.48866666666666664,29.132,0.0,2026-10-04
GCBD2039,10.825,103.175,3.6,0.0,0.8200000000000001,0.4886666666666667,29.118000000000006,0.0,2026-10-04
GCBD2040,10.825,103.175,2.0,0.0,0.8200000000000001,0.4886666666666667,29.118000000000006,0.0,2026-10-04
GCBD2041,10.825,103.175,1.7,0.0,0.8200000000000001,0.4886666666666667,29.118000000000006,0.0,2026-10-04
GCBD2042,10.825,103.175,2.4,0.0,0.8200000000000001,0.4886666666666667,29.118000000000006,0.0,2026-10-04
GCBD2043,10.875,103.075,3.6,0.0,0.62,0.5233333333333333,29.137999999999998,0.0,2026-10-04
GCBD2044,11.075,103.075,2.9,0.0,1.13,0.5396666666666667,29.149333333333338,0.0,2026-10-04
GCBD2045,11.075,103.075,1.7,0.0,1.13,0.5396666666666667,29.149333333333338,0.0,2026-10-04
GCBD2046,11.075,103.075,1.0,0.0,1.13,0.5396666666666667,29.149333333333338,0.0,2026-10-04
GCBD8324,11.775,102.525,3.1,0.0,3.04,0.7460000000000002,29.258333333333333,0.0,2026-10-04
GCBD8325,11.775,102.375,2.2,0.0,2.04,0.7223333333333333,29.232333333333326,0.0,2026-10-04
GCBD8326,11.775,102.375,2.7,0.0,2.04,0.7223333333333333,29.232333333333326,0.0,2026-10-04
GCBD8327,11.775,102.375,1.9,0.0,2.04,0.7223333333333333,29.232333333333326,0.0,2026-10-04
GCBD8328,11.775,102.375,2.9,0.0,2.04,0.7223333333333333,29.232333333333326,0.0,2026-10-04
GCBD8329,11.825,102.375,2.2,0.0,2.1,0.724,29.236,0.0,2026-10-04
GCBD8149,11.825,102.375,1.8,0.0,2.1,0.724,29.236,0.0,2026-10-04
GCBD8330,11.825,102.425,2.5,0.0,2.76,0.7356666666666667,29.245333333333335,0.0,2026-10-04
GCBD8331,11.825,102.425,2.7,0.0,2.76,0.7356666666666667,29.245333333333335,0.0,2026-10-04
GCBD8332,11.825,102.425,2.5,0.0,2.76,0.7356666666666667,29.245333333333335,0.0,2026-10-04
GCBD8333,11.825,102.425,2.4,0.0,2.76,0.7356666666666667,29.245333333333335,0.0,2026-10-04
GCBD8334,11.875,102.475,2.4,0.0,3.3000000000000003,0.7483333333333333,29.257333333333335,0.0,2026-10-04
GCBD8239,11.875,102.475,2.9,0.0,3.3000000000000003,0.7483333333333333,29.257333333333335,0.0,2026-10-04
GCBD8335,11.925,102.475,2.7,0.0,3.19,0.7440000000000001,29.26,0.0,2026-10-04
GCBD8336,11.925,102.325,2.4,0.0,2.61,0.7250000000000001,29.242,0.0,2026-10-04
GCBD8240,11.925,102.375,1.4,0.0,2.93,0.7333333333333335,29.246666666666666,0.0,2026-10-04
GCBD8337,11.925,102.375,2.8,0.0,2.93,0.7333333333333335,29.246666666666666,0.0,2026-10-04
GCBD8338,11.925,102.275,2.6,0.0,2.11,0.7186666666666669,29.237000000000005,0.0,2026-10-04
GCBD8339,11.925,102.275,2.4,0.0,2.11,0.7186666666666669,29.237000000000005,0.0,2026-10-04
GCBD8163,11.925,102.375,3.5,0.0,2.93,0.7333333333333335,29.246666666666666,0.0,2026-10-04
GCBD9715,10.025,104.025,3.2,0.0,0.0,0.5603333333333335,29.18433333333333,0.0,2026-10-04
GCBD9605,10.025,104.025,2.3,0.0,0.0,0.5603333333333335,29.18433333333333,0.0,2026-10-04
GCBD9606,10.025,104.275,2.7,0.0,0.31,0.5879999999999999,29.183,0.0,2026-10-04
GCBD7220,11.025,113.975,3.9,0.0,2.54,1.0926666666666667,29.74233333333333,1.0,2026-10-04
GCBD9687,10.525,108.975,2.9,0.44,2.47,1.3013333333333335,29.612666666666666,2.0,2026-10-04
GCBD9721,11.225,108.825,0.7,0.15,4.37,0.8013333333333333,28.918666666666663,1.0,2026-10-04
GCBD9722,11.225,108.825,0.8,0.15,4.37,0.8013333333333333,28.918666666666663,1.0,2026-10-04
GCBD9723,11.225,108.825,0.6,0.15,4.37,0.8013333333333333,28.918666666666663,1.0,2026-10-04
GCBD9724,11.225,108.825,0.9,0.15,4.37,0.8013333333333333,28.918666666666663,1.0,2026-10-04
GCBD9725,11.225,108.825,1.2,0.15,4.37,0.8013333333333333,28.918666666666663,1.0,2026-10-04
GCBD9726,11.275,108.875,0.7,0.0,4.17,0.7893333333333333,28.925,1.0,2026-10-04
GCBD9727,11.275,108.875,0.8,0.0,4.17,0.7893333333333333,28.925,1.0,2026-10-04
GCBD9728,11.275,108.775,4.4,0.29,4.91,0.792,28.903666666666666,1.0,2026-10-04
GCBD9729,11.275,108.825,5.0,0.14,4.58,0.7843333333333333,28.909333333333333,1.0,2026-10-04
GCBD9612,11.275,108.875,5.0,0.0,4.17,0.7893333333333333,28.925,1.0,2026-10-04
GCBD9730,11.275,108.825,5.2,0.14,4.58,0.7843333333333333,28.909333333333333,1.0,2026-10-04
GCBD9613,11.275,108.925,5.6,0.0,4.05,0.7806666666666668,28.934,1.0,2026-10-04
GCBD9614,11.275,108.875,6.7,0.0,4.17,0.7893333333333333,28.925,1.0,2026-10-04
GCBD9615,11.275,108.875,6.5,0.0,4.17,0.7893333333333333,28.925,1.0,2026-10-04
GCBD9616,11.425,109.025,2.0,0.0,3.77,0.6883333333333331,28.93733333333333,1.0,2026-10-04
GCBD9617,11.575,109.125,1.4,0.29,3.79,0.6950000000000001,29.008666666666663,1.0,2026-10-04
GCBD9618,11.575,109.125,1.1,0.29,3.79,0.6950000000000001,29.008666666666663,1.0,2026-10-04
GCBD9731,11.625,109.175,3.8,0.14,3.64,0.6660000000000001,29.041,1.0,2026-10-04
GCBD9619,11.625,109.175,3.2,0.14,3.64,0.6660000000000001,29.041,1.0,2026-10-04
GCBD9732,11.625,109.175,2.7,0.14,3.64,0.6660000000000001,29.041,1.0,2026-10-04
GCBD9620,11.625,109.175,1.7,0.14,3.64,0.6660000000000001,29.041,1.0,2026-10-04
GCBD9733,11.675,109.175,0.9,0.0,3.62,0.6923333333333332,29.100000000000005,1.0,2026-10-04
GCBD9734,11.675,109.175,1.1,0.0,3.62,0.6923333333333332,29.100000000000005,1.0,2026-10-04
GCBD9621,11.675,109.175,0.8,0.0,3.62,0.6923333333333332,29.100000000000005,1.0,2026-10-04
GCBD9622,11.675,109.175,1.6,0.0,3.62,0.6923333333333332,29.100000000000005,1.0,2026-10-04
GCBD9623,11.675,109.175,0.9,0.0,3.62,0.6923333333333332,29.100000000000005,1.0,2026-10-04
GCBD9735,11.725,109.225,3.7,0.14,3.65,0.6766666666666666,29.124666666666666,1.0,2026-10-04
GCBD9624,11.725,109.225,3.6,0.14,3.65,0.6766666666666666,29.124666666666666,1.0,2026-10-04
GCBD9625,11.725,109.225,2.1,0.14,3.65,0.6766666666666666,29.124666666666666,1.0,2026-10-04
GCBD9626,11.775,109.175,2.7,0.29,4.8100000000000005,0.7336666666666667,29.192000000000004,1.0,2026-10-04
GCBD9627,11.825,109.175,2.5,0.3,5.08,0.7366666666666667,29.207666666666665,1.0,2026-10-04
GCBD9608,11.875,109.125,3.6,0.47,5.93,0.7783333333333334,29.24933333333333,1.0,2026-10-04
GCBD7331,10.025,118.775,0.8,0.16,0.32,1.3693333333333335,30.32333333333333,1.0,2026-10-04
GCBD7344,10.025,118.825,3.1,0.16,0.33,1.3423333333333334,30.296333333333333,1.0,2026-10-04
GCBD7372,10.225,118.925,2.8,0.15,0.31,1.3090000000000002,30.290666666666663,1.0,2026-10-04
GCBD7225,10.425,119.175,2.8,1.07,2.29,1.3973333333333333,30.375333333333334,2.0,2026-10-04
GCBD15660,10.425,119.125,0.3,0.9,2.25,1.3756666666666664,30.35966666666667,2.0,2026-10-04
GCBD15661,10.425,119.175,2.2,1.07,2.29,1.3973333333333333,30.375333333333334,2.0,2026-10-04
GCBD15662,10.425,119.175,2.9,1.07,2.29,1.3973333333333333,30.375333333333334,2.0,2026-10-04
GCBD15663,10.475,119.175,3.0,1.06,2.14,1.404666666666667,30.38266666666667,2.0,2026-10-04
GCBD15664,10.475,119.175,2.7,1.06,2.14,1.404666666666667,30.38266666666667,2.0,2026-10-04
GCBD15665,10.475,119.075,1.3,0.6,2.25,1.3703333333333332,30.34033333333333,2.0,2026-10-04
GCBD7198,10.475,119.175,0.8,1.06,2.14,1.404666666666667,30.38266666666667,2.0,2026-10-04
GCBD7239,10.475,119.225,2.5,1.22,2.45,1.4203333333333332,30.398333333333333,2.0,2026-10-04
GCBD15666,10.475,119.075,1.1,0.6,2.25,1.3703333333333332,30.34033333333333,2.0,2026-10-04
GCBD15667,10.475,119.175,3.1,1.06,2.14,1.404666666666667,30.38266666666667,2.0,2026-10-04
GCBD15668,10.475,119.125,2.2,0.91,2.27,1.3909999999999998,30.367,2.0,2026-10-04
GCBD7199,10.475,119.125,2.4,0.91,2.27,1.3909999999999998,30.367,2.0,2026-10-04
GCBD7200,10.525,119.175,3.8,0.9,2.27,1.414,30.383,2.0,2026-10-04
GCBD7429,10.525,119.125,1.5,0.89,2.4,1.3906666666666667,30.364666666666665,2.0,2026-10-04
GCBD15669,10.575,119.175,1.2,0.45,2.1,1.4086666666666667,30.37833333333333,2.0,2026-10-04
GCBD15670,10.575,119.175,0.1,0.45,2.1,1.4086666666666667,30.37833333333333,2.0,2026-10-04
GCBD15671,10.575,119.175,0.1,0.45,2.1,1.4086666666666667,30.37833333333333,2.0,2026-10-04
GCBD15672,10.625,119.175,1.3,0.3,1.77,1.4123333333333334,30.372666666666667,1.0,2026-10-04
GCBD15673,10.725,119.275,1.1,0.15,1.79,1.404,30.360666666666663,1.0,2026-10-04
GCBD7442,10.825,119.675,2.0,0.92,5.58,1.2753333333333334,30.25400000000001,1.0,2026-10-04
GCBD7443,10.925,119.325,1.4,0.0,1.98,1.319333333333333,30.26933333333333,1.0,2026-10-04
GCBD7444,10.925,119.325,1.4,0.0,1.98,1.319333333333333,30.26933333333333,1.0,2026-10-04
GCBD7445,10.975,119.275,2.6,0.15,2.07,1.3173333333333335,30.25666666666666,1.0,2026-10-04
GCBD7448,10.975,119.325,2.3,0.14,2.12,1.3060000000000003,30.246,1.0,2026-10-04
GCBD7450,10.975,119.275,2.9,0.15,2.07,1.3173333333333335,30.25666666666666,1.0,2026-10-04
GCBD7455,10.975,119.325,3.2,0.14,2.12,1.3060000000000003,30.246,1.0,2026-10-04
GCBD7461,11.025,119.325,2.0,0.15,2.31,1.304,30.23933333333333,1.0,2026-10-04
GCBD7202,11.125,119.725,2.3,0.14,2.9,1.1503333333333332,30.072666666666667,1.0,2026-10-04
GCBD7203,11.125,119.675,0.1,0.0,2.5500000000000003,1.1286666666666667,30.050999999999995,1.0,2026-10-04
GCBD7475,11.125,119.325,2.7,0.14,2.28,1.2943333333333336,30.215,1.0,2026-10-04
GCBD7204,11.175,119.675,1.2,0.0,2.22,1.1113333333333335,30.024000000000004,1.0,2026-10-04
GCBD7480,11.175,119.375,0.8,0.0,2.16,1.280666666666667,30.199333333333335,1.0,2026-10-04
GCBD7481,11.175,119.375,0.3,0.0,2.16,1.280666666666667,30.199333333333335,1.0,2026-10-04
GCBD7229,11.175,119.375,1.7,0.0,2.16,1.280666666666667,30.199333333333335,1.0,2026-10-04
GCBD7490,11.175,119.375,2.6,0.0,2.16,1.280666666666667,30.199333333333335,1.0,2026-10-04
GCBD7491,11.175,119.375,3.2,0.0,2.16,1.280666666666667,30.199333333333335,1.0,2026-10-04
GCBD7496,11.225,119.375,1.7,0.0,2.14,1.265666666666667,30.175,1.0,2026-10-04
GCBD7505,11.225,119.375,1.2,0.0,2.14,1.265666666666667,30.175,1.0,2026-10-04
GCBD7205,11.225,119.375,2.4,0.0,2.14,1.265666666666667,30.175,1.0,2026-10-04
GCBD7508,11.275,119.675,1.5,0.0,1.99,1.0886666666666664,29.986666666666668,1.0,2026-10-04
GCBD7509,11.275,119.725,3.1,0.0,2.21,1.0839999999999999,29.988666666666667,1.0,2026-10-04
GCBD7510,11.275,119.675,1.4,0.0,1.99,1.0886666666666664,29.986666666666668,1.0,2026-10-04
GCBD7520,11.325,119.675,1.8,0.0,1.96,1.0746666666666667,29.97166666666667,1.0,2026-10-04
GCBD7543,11.475,119.875,1.1,0.0,2.72,1.0156666666666665,29.899666666666665,1.0,2026-10-04
GCBD7544,11.475,119.875,1.7,0.0,2.72,1.0156666666666665,29.899666666666665,1.0,2026-10-04
GCBD7545,11.475,119.875,1.8,0.0,2.72,1.0156666666666665,29.899666666666665,1.0,2026-10-04
GCBD7546,11.475,119.875,2.3,0.0,2.72,1.0156666666666665,29.899666666666665,1.0,2026-10-04
GCBD7335,10.025,123.425,2.4,1.3,3.3000000000000003,0.9460000000000001,29.761,1.0,2026-10-04
GCBD7345,10.075,123.275,3.4,1.16,5.5,0.9743333333333333,29.75766666666667,1.0,2026-10-04
GCBD7182,10.125,123.975,2.1,0.77,4.5600000000000005,0.8766666666666667,29.985333333333333,1.0,2026-10-04
GCBD7368,10.175,123.825,2.3,0.79,4.63,0.8333333333333333,29.891333333333332,1.0,2026-10-04
GCBD7369,10.175,123.825,2.4,0.79,4.63,0.8333333333333333,29.891333333333332,1.0,2026-10-04
GCBD7211,10.225,123.975,1.8,1.28,5.11,0.8836666666666667,30.030666666666665,2.0,2026-10-04
GCBD7373,10.225,123.975,1.9,1.28,5.11,0.8836666666666667,30.030666666666665,2.0,2026-10-04
GCBD7374,10.225,123.975,1.9,1.28,5.11,0.8836666666666667,30.030666666666665,2.0,2026-10-04
GCBD7376,10.225,123.975,2.7,1.28,5.11,0.8836666666666667,30.030666666666665,2.0,2026-10-04
GCBD7378,10.275,123.975,2.6,1.31,5.59,0.891,30.05533333333333,2.0,2026-10-04
GCBD7185,10.275,123.975,2.1,1.31,5.59,0.891,30.05533333333333,2.0,2026-10-04
GCBD7382,10.275,123.975,2.1,1.31,5.59,0.891,30.05533333333333,2.0,2026-10-04
GCBD7384,10.275,123.975,2.0,1.31,5.59,0.891,30.05533333333333,2.0,2026-10-04
GCBD7386,10.275,123.975,2.0,1.31,5.59,0.891,30.05533333333333,2.0,2026-10-04
GCBD7387,10.275,123.975,1.8,1.31,5.59,0.891,30.05533333333333,2.0,2026-10-04
GCBD7388,10.275,123.975,1.7,1.31,5.59,0.891,30.05533333333333,2.0,2026-10-04
GCBD7390,10.275,123.975,1.7,1.31,5.59,0.891,30.05533333333333,2.0,2026-10-04
GCBD7392,10.275,123.975,1.8,1.31,5.59,0.891,30.05533333333333,2.0,2026-10-04
GCBD7187,10.275,123.975,2.7,1.31,5.59,0.891,30.05533333333333,2.0,2026-10-04
GCBD7394,10.275,123.975,2.6,1.31,5.59,0.891,30.05533333333333,2.0,2026-10-04
GCBD7421,10.425,122.525,2.9,0.15,3.58,1.0800000000000003,29.889000000000003,1.0,2026-10-04
GCBD7196,10.425,122.525,3.1,0.15,3.58,1.0800000000000003,29.889000000000003,1.0,2026-10-04
GCBD7422,10.425,122.525,2.4,0.15,3.58,1.0800000000000003,29.889000000000003,1.0,2026-10-04
GCBD7197,10.425,122.525,3.0,0.15,3.58,1.0800000000000003,29.889000000000003,1.0,2026-10-04
GCBD7236,10.425,123.625,2.4,0.8200000000000001,2.8000000000000003,0.8916666666666668,29.838,1.0,2026-10-04
GCBD7427,10.525,122.475,2.2,0.15,3.2,1.0016666666666667,29.809999999999995,1.0,2026-10-04
GCBD7201,10.975,123.475,2.2,0.66,4.75,0.9516666666666665,29.983333333333334,1.0,2026-10-04
GCBD7449,10.975,123.475,1.5,0.66,4.75,0.9516666666666665,29.983333333333334,1.0,2026-10-04
GCBD7451,10.975,123.825,1.9,0.62,3.82,0.9136666666666666,30.01633333333334,1.0,2026-10-04
GCBD7456,11.025,123.925,3.1,0.3,3.61,0.9253333333333335,30.043666666666663,1.0,2026-10-04
GCBD7457,11.025,123.425,2.3,0.68,4.72,0.9653333333333334,29.983,1.0,2026-10-04
GCBD7458,11.025,123.425,1.8,0.68,4.72,0.9653333333333334,29.983,1.0,2026-10-04
GCBD7459,11.025,123.425,1.7,0.68,4.72,0.9653333333333334,29.983,1.0,2026-10-04
GCBD7460,11.025,123.425,1.3,0.68,4.72,0.9653333333333334,29.983,1.0,2026-10-04
GCBD7462,11.075,123.425,3.5,0.67,4.53,0.9716666666666666,29.981333333333335,1.0,2026-10-04
GCBD7463,11.075,123.425,3.4,0.67,4.53,0.9716666666666666,29.981333333333335,1.0,2026-10-04
GCBD7464,11.075,123.675,1.2,0.8300000000000001,4.6000000000000005,0.9836666666666666,30.05533333333334,1.0,2026-10-04
GCBD7465,11.075,123.475,2.3,0.67,4.64,0.978,30.002333333333333,1.0,2026-10-04
GCBD7466,11.075,123.475,2.3,0.67,4.64,0.978,30.002333333333333,1.0,2026-10-04
GCBD7467,11.125,123.725,3.2,0.63,4.07,0.954,30.030666666666665,1.0,2026-10-04
GCBD7471,11.125,123.775,2.7,0.45,3.68,0.922,30.00433333333333,1.0,2026-10-04
GCBD7472,11.125,123.775,2.1,0.45,3.68,0.922,30.00433333333333,1.0,2026-10-04
GCBD7473,11.125,123.775,2.0,0.45,3.68,0.922,30.00433333333333,1.0,2026-10-04
GCBD7474,11.125,123.775,2.1,0.45,3.68,0.922,30.00433333333333,1.0,2026-10-04
GCBD7476,11.125,123.775,3.2,0.45,3.68,0.922,30.00433333333333,1.0,2026-10-04
GCBD7477,11.125,123.775,3.3,0.45,3.68,0.922,30.00433333333333,1.0,2026-10-04
GCBD7478,11.125,123.825,3.3,0.3,3.49,0.913,30.003666666666664,1.0,2026-10-04
GCBD7479,11.125,123.825,3.8,0.3,3.49,0.913,30.003666666666664,1.0,2026-10-04
GCBD7212,11.175,123.775,3.9,0.31,3.61,0.9203333333333333,29.993333333333332,1.0,2026-10-04
GCBD7482,11.175,123.825,2.4,0.3,3.3000000000000003,0.9106666666666668,29.989666666666665,1.0,2026-10-04
GCBD7483,11.175,123.825,2.2,0.3,3.3000000000000003,0.9106666666666668,29.989666666666665,1.0,2026-10-04
GCBD7235,11.175,123.175,1.0,0.87,6.54,1.0316666666666667,29.965333333333334,1.0,2026-10-04
GCBD7484,11.175,123.725,2.7,0.63,4.0,0.9616666666666666,30.019666666666673,1.0,2026-10-04
GCBD7485,11.175,123.825,1.6,0.3,3.3000000000000003,0.9106666666666668,29.989666666666665,1.0,2026-10-04
GCBD7486,11.175,123.825,1.6,0.3,3.3000000000000003,0.9106666666666668,29.989666666666665,1.0,2026-10-04
GCBD7487,11.175,123.825,1.7,0.3,3.3000000000000003,0.9106666666666668,29.989666666666665,1.0,2026-10-04
GCBD7488,11.175,123.825,1.8,0.3,3.3000000000000003,0.9106666666666668,29.989666666666665,1.0,2026-10-04
GCBD7489,11.175,123.825,1.7,0.3,3.3000000000000003,0.9106666666666668,29.989666666666665,1.0,2026-10-04
GCBD7492,11.175,123.675,3.1,0.8200000000000001,4.36,0.9953333333333334,30.047666666666665,1.0,2026-10-04
GCBD7493,11.225,123.825,2.5,0.29,3.0700000000000003,0.9126666666666665,29.973,1.0,2026-10-04
GCBD7494,11.225,123.825,2.5,0.29,3.0700000000000003,0.9126666666666665,29.973,1.0,2026-10-04
GCBD7495,11.225,123.825,2.5,0.29,3.0700000000000003,0.9126666666666665,29.973,1.0,2026-10-04
GCBD7497,11.225,123.775,1.4,0.3,3.37,0.9266666666666666,29.980333333333327,1.0,2026-10-04
GCBD7498,11.225,123.125,1.4,0.86,6.97,1.0453333333333332,29.97133333333333,1.0,2026-10-04
GCBD7499,11.225,123.775,1.3,0.3,3.37,0.9266666666666666,29.980333333333327,1.0,2026-10-04
GCBD7500,11.225,123.775,1.3,0.3,3.37,0.9266666666666666,29.980333333333327,1.0,2026-10-04
GCBD7501,11.225,123.775,2.2,0.3,3.37,0.9266666666666666,29.980333333333327,1.0,2026-10-04
GCBD7502,11.225,123.775,1.3,0.3,3.37,0.9266666666666666,29.980333333333327,1.0,2026-10-04
GCBD7503,11.225,123.775,2.2,0.3,3.37,0.9266666666666666,29.980333333333327,1.0,2026-10-04
GCBD7504,11.225,123.675,0.7,0.79,4.0,0.9796666666666667,30.022,1.0,2026-10-04
GCBD7506,11.225,123.775,1.2,0.3,3.37,0.9266666666666666,29.980333333333327,1.0,2026-10-04
GCBD7507,11.225,123.675,3.1,0.79,4.0,0.9796666666666667,30.022,1.0,2026-10-04
GCBD7511,11.275,123.725,2.2,0.74,3.5700000000000003,0.9443333333333334,29.980666666666668,1.0,2026-10-04
GCBD7512,11.275,123.775,2.2,0.3,3.31,0.9243333333333335,29.96633333333334,1.0,2026-10-04
GCBD7513,11.275,123.875,1.5,0.15,2.7,0.9133333333333333,29.968666666666664,1.0,2026-10-04
GCBD7514,11.275,123.725,3.5,0.74,3.5700000000000003,0.9443333333333334,29.980666666666668,1.0,2026-10-04
GCBD7515,11.275,123.725,2.7,0.74,3.5700000000000003,0.9443333333333334,29.980666666666668,1.0,2026-10-04
GCBD7516,11.275,123.725,2.7,0.74,3.5700000000000003,0.9443333333333334,29.980666666666668,1.0,2026-10-04
GCBD7517,11.325,123.875,2.5,0.15,2.93,0.9133333333333336,29.957333333333334,1.0,2026-10-04
GCBD7518,11.325,123.725,3.0,0.75,3.53,0.9576666666666666,29.97633333333333,1.0,2026-10-04
GCBD7519,11.325,123.725,2.2,0.75,3.53,0.9576666666666666,29.97633333333333,1.0,2026-10-04
GCBD7532,11.325,123.875,0.9,0.15,2.93,0.9133333333333336,29.957333333333334,1.0,2026-10-04
GCBD7533,11.325,123.875,1.0,0.15,2.93,0.9133333333333336,29.957333333333334,1.0,2026-10-04
GCBD7537,11.325,123.775,3.1,0.59,3.34,0.9393333333333335,29.963333333333328,1.0,2026-10-04
GCBD7538,11.325,123.925,3.3,0.14,2.28,0.902,29.955333333333336,1.0,2026-10-04
GCBD7566,11.775,123.975,3.5,0.45,2.37,0.9706666666666666,29.873666666666672,1.0,2026-10-04
GCBD7567,11.825,123.925,2.6,0.78,2.89,1.0193333333333334,29.917999999999996,1.0,2026-10-04
GCBD7568,11.825,123.925,2.6,0.78,2.89,1.0193333333333334,29.917999999999996,1.0,2026-10-04
GCBD7569,11.775,123.975,4.3,0.45,2.37,0.9706666666666666,29.873666666666672,1.0,2026-10-04
GCBD7570,11.775,123.975,4.3,0.45,2.37,0.9706666666666666,29.873666666666672,1.0,2026-10-04
GCBD7218,10.875,120.825,2.3,0.0,3.97,0.8950000000000001,29.761999999999997,1.0,2026-10-04
GCBD7556,11.775,120.125,2.8,0.0,5.61,0.9276666666666668,29.825333333333333,1.0,2026-10-04
GCBD7558,11.775,120.125,2.9,0.0,5.61,0.9276666666666668,29.825333333333333,1.0,2026-10-04
GCBD7559,11.775,120.125,1.5,0.0,5.61,0.9276666666666668,29.825333333333333,1.0,2026-10-04
GCBD7562,11.775,120.125,1.4,0.0,5.61,0.9276666666666668,29.825333333333333,1.0,2026-10-04
GCBD7230,11.925,120.275,2.6,0.0,3.91,0.8213333333333334,29.718,1.0,2026-10-04
GCBD7580,11.925,120.075,3.0,0.0,3.83,0.9003333333333334,29.78666666666667,1.0,2026-10-04
GCBD7581,11.925,120.025,1.8,0.0,2.77,0.8759999999999998,29.754666666666672,1.0,2026-10-04
GCBD7582,11.975,120.175,1.3,0.0,4.48,0.8503333333333335,29.747000000000007,1.0,2026-10-04
GCBD7583,11.975,120.175,1.4,0.0,4.48,0.8503333333333335,29.747000000000007,1.0,2026-10-04
GCBD7584,11.975,121.925,2.3,0.0,0.47,0.8226666666666667,29.536666666666665,1.0,2026-10-04
GCBD7585,11.975,120.075,1.4,0.0,3.65,0.8986666666666667,29.778,1.0,2026-10-04
GCBD7586,11.975,120.075,0.3,0.0,3.65,0.8986666666666667,29.778,1.0,2026-10-04
GCBD7587,11.975,121.925,2.5,0.0,0.47,0.8226666666666667,29.536666666666665,1.0,2026-10-04
GCBD7588,11.975,120.225,1.2,0.0,4.13,0.8123333333333334,29.709,1.0,2026-10-04
GCBD7154,10.025,125.025,2.3,0.14,0.15,0.6516666666666666,29.54433333333333,1.0,2026-10-04
GCBD7323,10.025,125.025,1.8,0.14,0.15,0.6516666666666666,29.54433333333333,1.0,2026-10-04
GCBD7177,10.025,125.025,1.8,0.14,0.15,0.6516666666666666,29.54433333333333,1.0,2026-10-04
GCBD7324,10.025,125.025,1.7,0.14,0.15,0.6516666666666666,29.54433333333333,1.0,2026-10-04
GCBD7325,10.025,125.025,1.7,0.14,0.15,0.6516666666666666,29.54433333333333,1.0,2026-10-04
GCBD7178,10.025,125.025,1.7,0.14,0.15,0.6516666666666666,29.54433333333333,1.0,2026-10-04
GCBD7179,10.025,125.025,1.7,0.14,0.15,0.6516666666666666,29.54433333333333,1.0,2026-10-04
GCBD7326,10.025,125.025,1.7,0.14,0.15,0.6516666666666666,29.54433333333333,1.0,2026-10-04
GCBD7327,10.025,125.025,1.4,0.14,0.15,0.6516666666666666,29.54433333333333,1.0,2026-10-04
GCBD7180,10.025,125.025,1.7,0.14,0.15,0.6516666666666666,29.54433333333333,1.0,2026-10-04
GCBD7328,10.025,125.025,1.7,0.14,0.15,0.6516666666666666,29.54433333333333,1.0,2026-10-04
GCBD7329,10.025,125.025,1.7,0.14,0.15,0.6516666666666666,29.54433333333333,1.0,2026-10-04
GCBD7330,10.025,125.025,1.7,0.14,0.15,0.6516666666666666,29.54433333333333,1.0,2026-10-04
GCBD7332,10.025,125.025,1.7,0.14,0.15,0.6516666666666666,29.54433333333333,1.0,2026-10-04
GCBD7333,10.025,125.025,1.7,0.14,0.15,0.6516666666666666,29.54433333333333,1.0,2026-10-04
GCBD7334,10.025,125.025,1.8,0.14,0.15,0.6516666666666666,29.54433333333333,1.0,2026-10-04
GCBD7336,10.025,125.075,0.8,0.14,0.15,0.6406666666666667,29.513333333333335,1.0,2026-10-04
GCBD7337,10.025,125.075,0.7,0.14,0.15,0.6406666666666667,29.513333333333335,1.0,2026-10-04
GCBD7338,10.025,125.075,0.7,0.14,0.15,0.6406666666666667,29.513333333333335,1.0,2026-10-04
GCBD7339,10.025,125.025,0.4,0.14,0.15,0.6516666666666666,29.54433333333333,1.0,2026-10-04
GCBD7340,10.025,125.075,0.7,0.14,0.15,0.6406666666666667,29.513333333333335,1.0,2026-10-04
GCBD7341,10.025,125.075,0.8,0.14,0.15,0.6406666666666667,29.513333333333335,1.0,2026-10-04
GCBD7342,10.025,125.075,0.8,0.14,0.15,0.6406666666666667,29.513333333333335,1.0,2026-10-04
GCBD7343,10.025,125.025,0.8,0.14,0.15,0.6516666666666666,29.54433333333333,1.0,2026-10-04
GCBD7181,10.075,124.025,2.2,0.91,4.69,0.9149999999999999,30.01933333333334,2.0,2026-10-04
GCBD7346,10.075,125.125,1.7,0.0,0.0,0.6063333333333334,29.47233333333333,1.0,2026-10-04
GCBD7347,10.075,125.125,1.6,0.0,0.0,0.6063333333333334,29.47233333333333,1.0,2026-10-04
GCBD7348,10.075,125.125,1.6,0.0,0.0,0.6063333333333334,29.47233333333333,1.0,2026-10-04
GCBD7349,10.075,125.125,1.5,0.0,0.0,0.6063333333333334,29.47233333333333,1.0,2026-10-04
GCBD7351,10.075,125.125,1.4,0.0,0.0,0.6063333333333334,29.47233333333333,1.0,2026-10-04
GCBD7352,10.075,125.125,1.4,0.0,0.0,0.6063333333333334,29.47233333333333,1.0,2026-10-04
GCBD7183,10.125,124.025,2.6,1.1,4.91,0.919,30.043333333333333,2.0,2026-10-04
GCBD7365,10.175,125.125,2.4,0.0,0.0,0.5963333333333334,29.468000000000004,1.0,2026-10-04
GCBD7366,10.175,125.125,1.2,0.0,0.0,0.5963333333333334,29.468000000000004,1.0,2026-10-04
GCBD7367,10.175,124.975,2.0,0.0,0.0,0.6313333333333335,29.569666666666663,1.0,2026-10-04
GCBD7370,10.175,124.025,3.0,1.28,5.34,0.9163333333333334,30.06633333333333,2.0,2026-10-04
GCBD7214,10.175,123.975,3.2,1.1,4.74,0.8759999999999999,30.004666666666665,2.0,2026-10-04
GCBD7371,10.175,124.975,2.8,0.0,0.0,0.6313333333333335,29.569666666666663,1.0,2026-10-04
GCBD7184,10.225,124.025,2.4,1.33,5.55,0.923,30.093000000000007,2.0,2026-10-04
GCBD7375,10.225,124.975,1.0,0.0,0.0,0.6343333333333334,29.590999999999998,1.0,2026-10-04
GCBD7377,10.275,124.975,2.7,0.0,0.14,0.6376666666666666,29.612,1.0,2026-10-04
GCBD7379,10.275,124.025,2.7,1.35,6.140000000000001,0.916,30.113666666666667,2.0,2026-10-04
GCBD7380,10.275,124.025,2.3,1.35,6.140000000000001,0.916,30.113666666666667,2.0,2026-10-04
GCBD7381,10.275,124.025,2.1,1.35,6.140000000000001,0.916,30.113666666666667,2.0,2026-10-04
GCBD7383,10.275,124.975,2.0,0.0,0.14,0.6376666666666666,29.612,1.0,2026-10-04
GCBD7385,10.275,124.175,2.3,2.29,7.33,1.0536666666666668,30.332,2.0,2026-10-04
GCBD7389,10.275,124.175,2.5,2.29,7.33,1.0536666666666668,30.332,2.0,2026-10-04
GCBD7186,10.275,124.075,0.6,1.56,6.45,0.9526666666666667,30.18166666666667,2.0,2026-10-04
GCBD7391,10.275,124.025,1.3,1.35,6.140000000000001,0.916,30.113666666666667,2.0,2026-10-04
GCBD7393,10.275,124.025,2.7,1.35,6.140000000000001,0.916,30.113666666666667,2.0,2026-10-04
GCBD7188,10.275,124.025,2.7,1.35,6.140000000000001,0.916,30.113666666666667,2.0,2026-10-04
GCBD7395,10.275,124.025,2.8,1.35,6.140000000000001,0.916,30.113666666666667,2.0,2026-10-04
GCBD7396,10.275,124.025,2.8,1.35,6.140000000000001,0.916,30.113666666666667,2.0,2026-10-04
GCBD7397,10.275,124.075,2.9,1.56,6.45,0.9526666666666667,30.18166666666667,2.0,2026-10-04
GCBD7189,10.275,124.025,2.3,1.35,6.140000000000001,0.916,30.113666666666667,2.0,2026-10-04
GCBD7398,10.275,124.025,2.5,1.35,6.140000000000001,0.916,30.113666666666667,2.0,2026-10-04
GCBD7399,10.275,124.025,2.7,1.35,6.140000000000001,0.916,30.113666666666667,2.0,2026-10-04
GCBD7190,10.275,124.025,2.3,1.35,6.140000000000001,0.916,30.113666666666667,2.0,2026-10-04
GCBD7400,10.275,124.075,2.8,1.56,6.45,0.9526666666666667,30.18166666666667,2.0,2026-10-04
GCBD7401,10.275,124.075,2.4,1.56,6.45,0.9526666666666667,30.18166666666667,2.0,2026-10-04
GCBD7191,10.275,124.025,2.0,1.35,6.140000000000001,0.916,30.113666666666667,2.0,2026-10-04
GCBD7192,10.275,124.025,2.4,1.35,6.140000000000001,0.916,30.113666666666667,2.0,2026-10-04
GCBD7402,10.275,124.075,2.5,1.56,6.45,0.9526666666666667,30.18166666666667,2.0,2026-10-04
GCBD7403,10.275,124.025,2.5,1.35,6.140000000000001,0.916,30.113666666666667,2.0,2026-10-04
GCBD7193,10.275,124.025,2.2,1.35,6.140000000000001,0.916,30.113666666666667,2.0,2026-10-04
GCBD7404,10.275,124.075,1.9,1.56,6.45,0.9526666666666667,30.18166666666667,2.0,2026-10-04
GCBD7405,10.275,124.075,2.0,1.56,6.45,0.9526666666666667,30.18166666666667,2.0,2026-10-04
GCBD7406,10.275,124.075,2.1,1.56,6.45,0.9526666666666667,30.18166666666667,2.0,2026-10-04
GCBD7407,10.275,124.175,2.5,2.29,7.33,1.0536666666666668,30.332,2.0,2026-10-04
GCBD7408,10.275,124.175,2.5,2.29,7.33,1.0536666666666668,30.332,2.0,2026-10-04
GCBD7409,10.275,124.175,2.5,2.29,7.33,1.0536666666666668,30.332,2.0,2026-10-04
GCBD7410,10.275,124.175,2.5,2.29,7.33,1.0536666666666668,30.332,2.0,2026-10-04
GCBD7411,10.275,124.025,2.7,1.35,6.140000000000001,0.916,30.113666666666667,2.0,2026-10-04
GCBD7412,10.275,124.125,3.5,1.78,6.65,1.0116666666666665,30.264666666666663,2.0,2026-10-04
GCBD7413,10.275,124.175,2.6,2.29,7.33,1.0536666666666668,30.332,2.0,2026-10-04
GCBD7414,10.275,124.175,2.6,2.29,7.33,1.0536666666666668,30.332,2.0,2026-10-04
GCBD7415,10.275,124.025,2.8,1.35,6.140000000000001,0.916,30.113666666666667,2.0,2026-10-04
GCBD7416,10.275,124.025,2.9,1.35,6.140000000000001,0.916,30.113666666666667,2.0,2026-10-04
GCBD7194,10.325,124.025,2.1,1.34,6.140000000000001,0.8956666666666667,30.11766666666667,2.0,2026-10-04
GCBD7417,10.325,124.025,2.0,1.34,6.140000000000001,0.8956666666666667,30.11766666666667,2.0,2026-10-04
GCBD7418,10.325,124.025,1.9,1.34,6.140000000000001,0.8956666666666667,30.11766666666667,2.0,2026-10-04
GCBD7419,10.325,124.025,1.7,1.34,6.140000000000001,0.8956666666666667,30.11766666666667,2.0,2026-10-04
GCBD7420,10.325,124.025,1.5,1.34,6.140000000000001,0.8956666666666667,30.11766666666667,2.0,2026-10-04
GCBD7195,10.425,124.025,2.6,1.12,5.99,0.8503333333333335,30.119666666666667,1.0,2026-10-04
GCBD7423,10.425,124.025,1.6,1.12,5.99,0.8503333333333335,30.119666666666667,1.0,2026-10-04
GCBD7424,10.475,124.675,1.5,1.3,2.49,1.1196666666666668,30.422333333333334,2.0,2026-10-04
GCBD7425,10.475,124.675,1.8,1.3,2.49,1.1196666666666668,30.422333333333334,2.0,2026-10-04
GCBD7426,10.475,124.675,1.8,1.3,2.49,1.1196666666666668,30.422333333333334,2.0,2026-10-04
GCBD7428,10.525,124.675,1.1,1.32,2.62,1.14,30.456,2.0,2026-10-04
GCBD7430,10.525,124.675,1.1,1.32,2.62,1.14,30.456,2.0,2026-10-04
GCBD7431,10.525,124.675,0.4,1.32,2.62,1.14,30.456,2.0,2026-10-04
GCBD7432,10.525,124.625,2.1,1.34,2.68,1.1280000000000001,30.453000000000007,2.0,2026-10-04
GCBD7433,10.525,124.625,2.3,1.34,2.68,1.1280000000000001,30.453000000000007,2.0,2026-10-04
GCBD7434,10.525,124.625,2.3,1.34,2.68,1.1280000000000001,30.453000000000007,2.0,2026-10-04
GCBD7435,10.525,124.675,3.6,1.32,2.62,1.14,30.456,2.0,2026-10-04
GCBD7436,10.525,124.675,3.2,1.32,2.62,1.14,30.456,2.0,2026-10-04
GCBD7437,10.525,124.675,3.2,1.32,2.62,1.14,30.456,2.0,2026-10-04
GCBD7213,10.575,124.675,3.2,1.35,2.5,1.161,30.48833333333333,2.0,2026-10-04
GCBD7438,10.775,124.025,1.0,0.45,5.88,0.7810000000000001,30.108666666666668,1.0,2026-10-04
GCBD7439,10.775,124.025,1.1,0.45,5.88,0.7810000000000001,30.108666666666668,1.0,2026-10-04
GCBD7440,10.775,124.025,1.4,0.45,5.88,0.7810000000000001,30.108666666666668,1.0,2026-10-04
GCBD7441,10.775,124.025,1.6,0.45,5.88,0.7810000000000001,30.108666666666668,1.0,2026-10-04
GCBD7446,10.975,124.125,2.3,0.44,5.25,0.8526666666666667,30.162333333333333,1.0,2026-10-04
GCBD7447,10.975,124.125,2.6,0.44,5.25,0.8526666666666667,30.162333333333333,1.0,2026-10-04
GCBD7452,10.975,124.125,3.0,0.44,5.25,0.8526666666666667,30.162333333333333,1.0,2026-10-04
GCBD7453,10.975,124.125,2.6,0.44,5.25,0.8526666666666667,30.162333333333333,1.0,2026-10-04
GCBD7454,10.975,124.125,2.7,0.44,5.25,0.8526666666666667,30.162333333333333,1.0,2026-10-04
GCBD7468,11.125,124.225,2.4,0.0,4.46,0.9133333333333333,30.19033333333333,1.0,2026-10-04
GCBD7469,11.125,124.275,2.6,0.0,4.3,0.9476666666666668,30.235333333333333,1.0,2026-10-04
GCBD7470,11.125,124.275,2.8,0.0,4.3,0.9476666666666668,30.235333333333333,1.0,2026-10-04
GCBD7521,11.325,124.125,2.0,0.0,3.28,0.8983333333333334,30.02766666666667,1.0,2026-10-04
GCBD7522,11.325,124.125,2.0,0.0,3.28,0.8983333333333334,30.02766666666667,1.0,2026-10-04
GCBD7523,11.325,124.125,1.2,0.0,3.28,0.8983333333333334,30.02766666666667,1.0,2026-10-04
GCBD7524,11.325,124.125,1.1,0.0,3.28,0.8983333333333334,30.02766666666667,1.0,2026-10-04
GCBD7525,11.325,124.125,1.9,0.0,3.28,0.8983333333333334,30.02766666666667,1.0,2026-10-04
GCBD7526,11.325,124.125,1.5,0.0,3.28,0.8983333333333334,30.02766666666667,1.0,2026-10-04
GCBD7527,11.325,124.125,1.5,0.0,3.28,0.8983333333333334,30.02766666666667,1.0,2026-10-04
GCBD7528,11.325,124.125,1.5,0.0,3.28,0.8983333333333334,30.02766666666667,1.0,2026-10-04
GCBD7529,11.325,124.125,1.3,0.0,3.28,0.8983333333333334,30.02766666666667,1.0,2026-10-04
GCBD7530,11.325,124.125,1.9,0.0,3.28,0.8983333333333334,30.02766666666667,1.0,2026-10-04
GCBD7531,11.325,124.125,2.0,0.0,3.28,0.8983333333333334,30.02766666666667,1.0,2026-10-04
GCBD7534,11.325,124.125,1.0,0.0,3.28,0.8983333333333334,30.02766666666667,1.0,2026-10-04
GCBD7535,11.325,124.125,1.1,0.0,3.28,0.8983333333333334,30.02766666666667,1.0,2026-10-04
GCBD7536,11.325,124.125,2.1,0.0,3.28,0.8983333333333334,30.02766666666667,1.0,2026-10-04
GCBD7539,11.325,124.125,3.0,0.0,3.28,0.8983333333333334,30.02766666666667,1.0,2026-10-04
GCBD7540,11.325,124.125,3.1,0.0,3.28,0.8983333333333334,30.02766666666667,1.0,2026-10-04
GCBD7541,11.325,124.125,3.1,0.0,3.28,0.8983333333333334,30.02766666666667,1.0,2026-10-04
GCBD15685,11.325,124.125,3.3,0.0,3.28,0.8983333333333334,30.02766666666667,1.0,2026-10-04
GCBD7542,11.325,124.125,3.6,0.0,3.28,0.8983333333333334,30.02766666666667,1.0,2026-10-04
GCBD15686,11.375,124.125,3.1,0.0,3.12,0.9130000000000003,30.015,1.0,2026-10-04
GCBD7547,11.725,124.075,1.3,0.63,3.19,0.9910000000000001,29.90033333333333,1.0,2026-10-04
GCBD7548,11.725,124.075,1.3,0.63,3.19,0.9910000000000001,29.90033333333333,1.0,2026-10-04
GCBD7549,11.725,124.075,1.9,0.63,3.19,0.9910000000000001,29.90033333333333,1.0,2026-10-04
GCBD7550,11.725,124.075,1.8,0.63,3.19,0.9910000000000001,29.90033333333333,1.0,2026-10-04
GCBD7551,11.725,124.025,2.0,0.62,2.89,0.9806666666666666,29.891666666666662,1.0,2026-10-04
GCBD7552,11.725,124.025,2.0,0.62,2.89,0.9806666666666666,29.891666666666662,1.0,2026-10-04
GCBD7553,11.725,124.025,1.8,0.62,2.89,0.9806666666666666,29.891666666666662,1.0,2026-10-04
GCBD7554,11.725,124.025,1.8,0.62,2.89,0.9806666666666666,29.891666666666662,1.0,2026-10-04
GCBD7555,11.725,124.025,2.0,0.62,2.89,0.9806666666666666,29.891666666666662,1.0,2026-10-04
GCBD7557,11.775,124.025,2.5,0.61,2.28,0.9603333333333334,29.851333333333343,1.0,2026-10-04
GCBD7560,11.775,124.025,1.3,0.61,2.28,0.9603333333333334,29.851333333333343,1.0,2026-10-04
GCBD7561,11.775,124.025,1.3,0.61,2.28,0.9603333333333334,29.851333333333343,1.0,2026-10-04
GCBD7563,11.775,124.025,1.3,0.61,2.28,0.9603333333333334,29.851333333333343,1.0,2026-10-04
GCBD7564,11.775,124.025,1.3,0.61,2.28,0.9603333333333334,29.851333333333343,1.0,2026-10-04
GCBD7565,11.775,124.025,2.5,0.61,2.28,0.9603333333333334,29.851333333333343,1.0,2026-10-04
GCBD7571,11.825,124.075,1.4,0.65,2.75,0.9863333333333334,29.825666666666674,1.0,2026-10-04
GCBD7572,11.825,124.075,2.8,0.65,2.75,0.9863333333333334,29.825666666666674,1.0,2026-10-04
GCBD7573,11.825,124.075,2.8,0.65,2.75,0.9863333333333334,29.825666666666674,1.0,2026-10-04
GCBD7574,11.825,124.075,2.8,0.65,2.75,0.9863333333333334,29.825666666666674,1.0,2026-10-04
GCBD7575,11.825,124.075,3.0,0.65,2.75,0.9863333333333334,29.825666666666674,1.0,2026-10-04
GCBD7576,11.825,124.075,2.9,0.65,2.75,0.9863333333333334,29.825666666666674,1.0,2026-10-04
GCBD7577,11.875,124.075,2.7,0.97,2.75,0.9886666666666667,29.78033333333333,2.0,2026-10-04
GCBD7578,11.875,124.075,2.3,0.97,2.75,0.9886666666666667,29.78033333333333,2.0,2026-10-04
GCBD7579,11.875,124.075,2.3,0.97,2.75,0.9886666666666667,29.78033333333333,2.0,2026-10-04
GCBD9791,13.925,48.375,1.7,0.0,6.17,0.9366666666666666,29.92733333333334,0.0,2026-10-04
GCBD9785,12.625,43.425,1.4,4.45,4.45,1.0103333333333333,31.328666666666667,1.0,2026-10-04
GCBD9790,13.775,42.825,2.5,4.84,4.84,1.116,32.208666666666666,0.0,2026-10-04
GCBD9783,12.625,53.825,2.7,0.0,0.0,2.2783333333333338,27.57166666666667,0.0,2026-10-04
GCBD9786,12.675,53.425,2.6,0.0,0.0,2.605666666666666,27.75833333333333,0.0,2026-10-04
GCBD9789,12.725,53.625,2.3,0.0,0.0,2.4443333333333332,27.724333333333334,0.0,2026-10-04
GCBD9784,12.625,54.375,2.0,0.0,0.0,2.154666666666666,27.530666666666665,0.0,2026-10-04
GCBD9777,12.675,54.175,2.1,0.0,0.0,2.2070000000000003,27.619333333333326,0.0,2026-10-04
GCBD9787,12.675,54.175,2.4,0.0,0.0,2.2070000000000003,27.619333333333326,0.0,2026-10-04
GCBD9778,12.675,54.175,2.0,0.0,0.0,2.2070000000000003,27.619333333333326,0.0,2026-10-04
GCBD9779,12.675,54.075,0.5,0.0,0.0,2.2783333333333338,27.668333333333337,0.0,2026-10-04
GCBD9788,12.675,54.075,0.7,0.0,0.0,2.2783333333333338,27.668333333333337,0.0,2026-10-04
GCBD3812,12.025,92.925,2.8,0.0,3.84,0.9423333333333335,29.189000000000004,1.0,2026-10-04
GCBD9956,12.025,93.075,1.6,0.0,2.84,0.9490000000000001,29.179333333333336,0.0,2026-10-04
GCBD9957,12.025,93.025,3.3,0.0,3.02,0.94,29.169333333333334,0.0,2026-10-04
GCBD3832,12.025,93.025,5.1,0.0,3.02,0.94,29.169333333333334,0.0,2026-10-04
GCBD3816,12.075,92.925,4.4,0.0,3.5700000000000003,0.9283333333333335,29.185000000000002,1.0,2026-10-04
GCBD9958,12.075,93.075,2.1,0.0,2.43,0.923666666666667,29.162333333333333,0.0,2026-10-04
GCBD3813,12.075,92.925,3.9,0.0,3.5700000000000003,0.9283333333333335,29.185000000000002,1.0,2026-10-04
GCBD9959,12.175,93.075,2.6,0.0,1.87,0.8676666666666667,29.134000000000004,0.0,2026-10-04
GCBD9960,12.225,93.025,0.5,0.0,2.19,0.8623333333333332,29.141000000000005,0.0,2026-10-04
GCBD3815,12.225,93.025,0.3,0.0,2.19,0.8623333333333332,29.141000000000005,0.0,2026-10-04
GCBD3803,12.925,92.975,2.3,0.0,0.0,0.7693333333333333,29.13233333333333,1.0,2026-10-04
GCBD8164,12.175,102.575,2.6,0.0,2.94,0.6663333333333336,29.193333333333335,0.0,2026-10-04
GCBD8244,12.525,100.975,2.6,0.0,2.19,0.7736666666666667,29.598333333333333,0.0,2026-10-04
GCBD8245,12.525,100.975,2.8,0.0,2.19,0.7736666666666667,29.598333333333333,0.0,2026-10-04
GCBD8246,12.525,100.975,2.5,0.0,2.19,0.7736666666666667,29.598333333333333,0.0,2026-10-04
GCBD8247,12.525,100.975,2.6,0.0,2.19,0.7736666666666667,29.598333333333333,0.0,2026-10-04
GCBD8165,12.575,101.425,2.7,0.0,2.71,0.845,29.565,0.0,2026-10-04
GCBD8166,12.625,101.325,0.7,0.0,3.42,0.8183333333333332,29.604333333333333,0.0,2026-10-04
GCBD8213,12.625,100.825,2.8,0.0,1.46,0.804,29.66833333333333,0.0,2026-10-04
GCBD8248,12.875,100.675,0.2,0.0,1.68,0.996,29.928333333333335,0.0,2026-10-04
GCBD8249,12.925,100.675,2.6,0.0,1.87,1.017,29.95666666666667,0.0,2026-10-04
GCBD8167,12.975,100.825,2.5,0.0,2.7,1.0356666666666667,29.942999999999994,0.0,2026-10-04
GCBD8250,12.975,100.675,2.8,0.0,2.66,1.0323333333333333,29.98066666666666,0.0,2026-10-04
GCBD8340,12.975,100.675,2.8,0.0,2.66,1.0323333333333333,29.98066666666666,0.0,2026-10-04
GCBD8251,12.975,100.675,1.0,0.0,2.66,1.0323333333333333,29.98066666666666,0.0,2026-10-04
GCBD8168,13.175,100.775,3.9,0.0,3.93,1.0563333333333333,30.017333333333333,0.0,2026-10-04
GCBD8169,13.375,100.975,1.4,0.0,5.05,0.962,29.944000000000003,0.0,2026-10-04
GCBD9736,12.075,109.325,2.1,0.29,2.27,0.6140000000000001,29.216333333333335,1.0,2026-10-04
GCBD9737,12.075,109.325,2.1,0.29,2.27,0.6140000000000001,29.216333333333335,1.0,2026-10-04
GCBD9628,12.075,109.175,3.8,0.3,1.88,0.6486666666666667,29.224666666666664,1.0,2026-10-04
GCBD9629,12.125,109.225,3.4,0.29,1.54,0.6656666666666667,29.27166666666667,1.0,2026-10-04
GCBD9630,12.125,109.225,4.9,0.29,1.54,0.6656666666666667,29.27166666666667,1.0,2026-10-04
GCBD9631,12.075,109.175,10.8,0.3,1.88,0.6486666666666667,29.224666666666664,1.0,2026-10-04
GCBD9632,12.175,109.225,1.7,0.45,1.99,0.7036666666666668,29.334333333333333,1.0,2026-10-04
GCBD9633,12.175,109.275,2.0,0.45,2.01,0.6973333333333334,29.329666666666665,1.0,2026-10-04
GCBD9634,12.175,109.275,2.5,0.45,2.01,0.6973333333333334,29.329666666666665,1.0,2026-10-04
GCBD9635,12.175,109.275,2.7,0.45,2.01,0.6973333333333334,29.329666666666665,1.0,2026-10-04
GCBD9636,12.175,109.275,2.4,0.45,2.01,0.6973333333333334,29.329666666666665,1.0,2026-10-04
GCBD9637,12.175,109.225,2.4,0.45,1.99,0.7036666666666668,29.334333333333333,1.0,2026-10-04
GCBD9638,12.175,109.275,0.5,0.45,2.01,0.6973333333333334,29.329666666666665,1.0,2026-10-04
GCBD9639,12.175,109.225,2.2,0.45,1.99,0.7036666666666668,29.334333333333333,1.0,2026-10-04
GCBD9738,12.175,109.275,2.2,0.45,2.01,0.6973333333333334,29.329666666666665,1.0,2026-10-04
GCBD9640,12.175,109.325,1.8,0.44,1.92,0.6803333333333333,29.322666666666667,1.0,2026-10-04
GCBD9641,12.175,109.225,0.9,0.45,1.99,0.7036666666666668,29.334333333333333,1.0,2026-10-04
GCBD9642,12.225,109.325,0.4,0.44,1.95,0.7106666666666667,29.370333333333342,1.0,2026-10-04
GCBD9643,12.225,109.325,2.6,0.44,1.95,0.7106666666666667,29.370333333333342,1.0,2026-10-04
GCBD9644,12.225,109.225,2.1,0.77,2.83,0.7503333333333333,29.401333333333334,1.0,2026-10-04
GCBD9609,12.275,109.225,3.0,1.11,4.18,0.8126666666666668,29.47366666666667,1.0,2026-10-04
GCBD9689,12.275,109.225,2.4,1.11,4.18,0.8126666666666668,29.47366666666667,1.0,2026-10-04
GCBD9645,12.275,109.375,2.0,0.3,2.04,0.7023333333333334,29.384000000000007,1.0,2026-10-04
GCBD9646,12.275,109.225,1.9,1.11,4.18,0.8126666666666668,29.47366666666667,1.0,2026-10-04
GCBD9739,12.275,109.475,2.1,0.0,3.04,0.639,29.351666666666674,1.0,2026-10-04
GCBD9647,12.275,109.475,2.1,0.0,3.04,0.639,29.351666666666674,1.0,2026-10-04
GCBD9648,12.275,109.525,1.3,0.0,3.29,0.608,29.34166666666666,1.0,2026-10-04
GCBD9649,12.275,109.375,1.1,0.3,2.04,0.7023333333333334,29.384000000000007,1.0,2026-10-04
GCBD9650,12.275,109.525,1.2,0.0,3.29,0.608,29.34166666666666,1.0,2026-10-04
GCBD9740,12.275,109.475,2.9,0.0,3.04,0.639,29.351666666666674,1.0,2026-10-04
GCBD9651,12.275,109.475,2.9,0.0,3.04,0.639,29.351666666666674,1.0,2026-10-04
GCBD9652,12.275,109.225,2.4,1.11,4.18,0.8126666666666668,29.47366666666667,1.0,2026-10-04
GCBD9741,12.325,109.375,2.3,0.32,2.39,0.7256666666666668,29.409,1.0,2026-10-04
GCBD9653,12.325,109.375,1.3,0.32,2.39,0.7256666666666668,29.409,1.0,2026-10-04
GCBD9654,12.325,109.475,1.7,0.29,2.91,0.6536666666666666,29.360666666666667,1.0,2026-10-04
GCBD9655,12.375,109.325,3.2,0.95,3.81,0.8076666666666666,29.484,2.0,2026-10-04
GCBD9656,12.375,109.275,3.0,1.31,5.15,0.8599999999999998,29.535000000000004,2.0,2026-10-04
GCBD9657,12.375,109.325,2.0,0.95,3.81,0.8076666666666666,29.484,2.0,2026-10-04
GCBD9742,12.425,109.325,2.4,1.44,4.45,0.8143333333333334,29.49666666666667,2.0,2026-10-04
GCBD9743,12.425,109.275,3.4,2.13,5.71,0.8683333333333333,29.548666666666673,2.0,2026-10-04
GCBD9658,12.475,109.425,2.5,0.47,2.56,0.679,29.371333333333332,1.0,2026-10-04
GCBD9744,12.475,109.325,1.9,1.97,5.09,0.8083333333333335,29.494333333333334,2.0,2026-10-04
GCBD9745,12.475,109.325,3.6,1.97,5.09,0.8083333333333335,29.494333333333334,2.0,2026-10-04
GCBD9659,12.475,109.375,3.3,1.09,3.62,0.74,29.424999999999997,2.0,2026-10-04
GCBD9746,12.575,109.425,0.2,0.48,1.83,0.6273333333333333,29.31833333333334,1.0,2026-10-04
GCBD9610,12.575,109.225,2.2,5.78,11.05,0.8789999999999999,29.58133333333333,3.0,2026-10-04
GCBD9747,12.625,109.325,3.6,3.2,6.47,0.7439999999999999,29.439,2.0,2026-10-04
GCBD9748,12.625,109.325,2.2,3.2,6.47,0.7439999999999999,29.439,2.0,2026-10-04
GCBD9611,12.625,109.225,0.8,6.66,12.04,0.8776666666666666,29.57266666666667,3.0,2026-10-04
GCBD9660,12.625,109.225,1.1,6.66,12.04,0.8776666666666666,29.57266666666667,3.0,2026-10-04
GCBD9749,12.625,109.225,1.5,6.66,12.04,0.8776666666666666,29.57266666666667,3.0,2026-10-04
GCBD9750,12.625,109.225,1.2,6.66,12.04,0.8776666666666666,29.57266666666667,3.0,2026-10-04
GCBD9751,12.625,109.225,2.0,6.66,12.04,0.8776666666666666,29.57266666666667,3.0,2026-10-04
GCBD9752,12.625,109.225,1.5,6.66,12.04,0.8776666666666666,29.57266666666667,3.0,2026-10-04
GCBD9753,12.675,109.375,1.3,1.64,2.73,0.6323333333333333,29.327333333333335,1.0,2026-10-04
GCBD9688,13.525,109.325,2.9,0.15,0.15,0.5393333333333333,29.22033333333333,1.0,2026-10-04
GCBD2070,12.025,117.975,3.9,0.0,2.8000000000000003,1.244666666666667,29.86466666666666,1.0,2026-10-04
GCBD7600,12.525,124.125,2.3,0.58,0.58,0.692,29.12566666666667,2.0,2026-10-04
GCBD7601,12.525,124.125,2.6,0.58,0.58,0.692,29.12566666666667,2.0,2026-10-04
GCBD7210,12.075,122.925,3.9,0.15,5.68,0.8263333333333333,29.86,1.0,2026-10-04
GCBD7589,12.125,123.475,1.0,2.31,12.16,1.4060000000000001,30.358333333333334,2.0,2026-10-04
GCBD7590,12.125,123.475,0.7,2.31,12.16,1.4060000000000001,30.358333333333334,2.0,2026-10-04
GCBD7591,12.125,123.475,1.3,2.31,12.16,1.4060000000000001,30.358333333333334,2.0,2026-10-04
GCBD7592,12.175,123.425,2.5,2.42,12.43,1.4020000000000001,30.35733333333333,2.0,2026-10-04
GCBD7593,12.175,123.425,2.4,2.42,12.43,1.4020000000000001,30.35733333333333,2.0,2026-10-04
GCBD7628,13.675,122.775,2.5,1.47,5.94,0.88,29.803666666666665,2.0,2026-10-04
GCBD7638,13.725,122.825,1.0,1.49,5.94,0.875,29.812666666666665,2.0,2026-10-04
GCBD7594,12.225,121.275,1.3,0.0,0.94,0.5950000000000001,29.317333333333337,1.0,2026-10-04
GCBD7595,12.225,121.275,2.1,0.0,0.94,0.5950000000000001,29.317333333333337,1.0,2026-10-04
GCBD7596,12.275,121.375,1.9,0.0,1.96,0.6033333333333334,29.317,1.0,2026-10-04
GCBD7597,12.275,121.275,1.0,0.0,0.96,0.5636666666666668,29.291333333333334,1.0,2026-10-04
GCBD7206,12.325,121.375,2.4,0.0,2.32,0.5870000000000001,29.3,1.0,2026-10-04
GCBD7598,12.325,121.375,2.0,0.0,2.32,0.5870000000000001,29.3,1.0,2026-10-04
GCBD7599,12.375,121.475,2.6,0.0,3.0700000000000003,0.6166666666666667,29.327333333333335,1.0,2026-10-04
GCBD7602,12.675,120.425,1.6,0.0,2.65,0.6930000000000001,29.627666666666663,1.0,2026-10-04
GCBD7603,12.675,120.425,1.8,0.0,2.65,0.6930000000000001,29.627666666666663,1.0,2026-10-04
GCBD7604,13.225,120.525,1.1,0.0,1.74,0.6563333333333333,29.54,1.0,2026-10-04
GCBD7232,13.225,121.925,2.1,0.0,4.53,0.7273333333333334,29.49233333333334,1.0,2026-10-04
GCBD7605,13.425,121.125,2.3,0.0,2.21,0.6116666666666667,29.147,1.0,2026-10-04
GCBD7606,13.425,121.175,2.6,0.0,2.59,0.6276666666666666,29.142666666666667,1.0,2026-10-04
GCBD7607,13.425,121.175,2.7,0.0,2.59,0.6276666666666666,29.142666666666667,1.0,2026-10-04
GCBD7608,13.425,121.125,2.5,0.0,2.21,0.6116666666666667,29.147,1.0,2026-10-04
GCBD7609,13.425,121.225,2.0,0.0,3.53,0.6603333333333334,29.162333333333333,1.0,2026-10-04
GCBD7610,13.425,121.225,2.2,0.0,3.53,0.6603333333333334,29.162333333333333,1.0,2026-10-04
GCBD7611,13.425,121.225,2.3,0.0,3.53,0.6603333333333334,29.162333333333333,1.0,2026-10-04
GCBD7612,13.475,120.975,0.5,0.0,0.91,0.6323333333333333,29.252666666666663,1.0,2026-10-04
GCBD7613,13.475,120.975,0.8,0.0,0.91,0.6323333333333333,29.252666666666663,1.0,2026-10-04
GCBD7614,13.525,120.975,2.6,0.0,0.93,0.6436666666666667,29.271,1.0,2026-10-04
GCBD7615,13.525,120.975,2.0,0.0,0.93,0.6436666666666667,29.271,1.0,2026-10-04
GCBD7616,13.525,120.975,2.0,0.0,0.93,0.6436666666666667,29.271,1.0,2026-10-04
GCBD7617,13.525,120.975,2.2,0.0,0.93,0.6436666666666667,29.271,1.0,2026-10-04
GCBD7618,13.525,120.975,0.3,0.0,0.93,0.6436666666666667,29.271,1.0,2026-10-04
GCBD7619,13.525,120.975,2.7,0.0,0.93,0.6436666666666667,29.271,1.0,2026-10-04
GCBD7620,13.525,120.975,1.2,0.0,0.93,0.6436666666666667,29.271,1.0,2026-10-04
GCBD7621,13.525,120.975,0.6,0.0,0.93,0.6436666666666667,29.271,1.0,2026-10-04
GCBD7622,13.525,120.975,0.7,0.0,0.93,0.6436666666666667,29.271,1.0,2026-10-04
GCBD7221,13.525,120.775,2.3,0.17,1.09,0.7356666666666667,29.46466666666667,2.0,2026-10-04
GCBD7623,13.625,121.025,3.5,0.0,1.63,0.6359999999999999,29.236333333333338,1.0,2026-10-04
GCBD7624,13.625,121.025,3.9,0.0,1.63,0.6359999999999999,29.236333333333338,1.0,2026-10-04
GCBD7625,13.625,121.025,4.2,0.0,1.63,0.6359999999999999,29.236333333333338,1.0,2026-10-04
GCBD7626,13.625,121.025,3.2,0.0,1.63,0.6359999999999999,29.236333333333338,1.0,2026-10-04
GCBD7627,13.625,121.025,2.2,0.0,1.63,0.6359999999999999,29.236333333333338,1.0,2026-10-04
GCBD7629,13.675,120.875,1.4,0.3,1.36,0.7073333333333334,29.367333333333338,2.0,2026-10-04
GCBD7630,13.675,120.825,2.3,0.33,1.51,0.756,29.436666666666667,2.0,2026-10-04
GCBD7631,13.675,120.875,2.3,0.3,1.36,0.7073333333333334,29.367333333333338,2.0,2026-10-04
GCBD7632,13.725,120.875,2.3,0.31,1.71,0.7326666666666666,29.38933333333333,2.0,2026-10-04
GCBD7633,13.725,120.875,1.9,0.31,1.71,0.7326666666666666,29.38933333333333,2.0,2026-10-04
GCBD7634,13.725,120.875,1.3,0.31,1.71,0.7326666666666666,29.38933333333333,2.0,2026-10-04
GCBD7231,13.725,120.875,2.8,0.31,1.71,0.7326666666666666,29.38933333333333,2.0,2026-10-04
GCBD7635,13.725,120.875,0.8,0.31,1.71,0.7326666666666666,29.38933333333333,2.0,2026-10-04
GCBD7636,13.725,120.875,0.6,0.31,1.71,0.7326666666666666,29.38933333333333,2.0,2026-10-04
GCBD7207,13.725,120.875,0.5,0.31,1.71,0.7326666666666666,29.38933333333333,2.0,2026-10-04
GCBD7637,13.725,120.875,1.0,0.31,1.71,0.7326666666666666,29.38933333333333,2.0,2026-10-04
GCBD7639,13.775,120.625,2.1,1.05,2.94,0.9126666666666666,29.621999999999996,2.0,2026-10-04
GCBD7640,13.775,120.625,2.2,1.05,2.94,0.9126666666666666,29.621999999999996,2.0,2026-10-04
GCBD7641,13.775,120.675,1.0,0.91,2.63,0.8943333333333333,29.598666666666663,2.0,2026-10-04
GCBD7642,13.775,120.675,2.7,0.91,2.63,0.8943333333333333,29.598666666666663,2.0,2026-10-04
GCBD7643,13.775,120.675,2.7,0.91,2.63,0.8943333333333333,29.598666666666663,2.0,2026-10-04
GCBD7644,13.825,120.925,2.8,0.6,2.44,0.7646666666666666,29.41133333333334,2.0,2026-10-04
GCBD7645,13.825,120.925,2.2,0.6,2.44,0.7646666666666666,29.41133333333334,2.0,2026-10-04
GCBD7646,13.875,120.625,3.0,1.06,3.78,0.9246666666666667,29.642999999999997,2.0,2026-10-04
GCBD7647,13.975,120.625,2.6,1.64,3.49,0.9440000000000001,29.67933333333333,2.0,2026-10-04
GCBD15698,13.975,120.625,1.4,1.64,3.49,0.9440000000000001,29.67933333333333,2.0,2026-10-04
GCBD7648,13.975,120.625,2.5,1.64,3.49,0.9440000000000001,29.67933333333333,2.0,2026-10-04
GCBD15699,13.975,120.625,1.5,1.64,3.49,0.9440000000000001,29.67933333333333,2.0,2026-10-04
GCBD7649,13.975,120.625,1.7,1.64,3.49,0.9440000000000001,29.67933333333333,2.0,2026-10-04
GCBD15700,13.975,120.625,1.0,1.64,3.49,0.9440000000000001,29.67933333333333,2.0,2026-10-04
GCBD15701,13.975,120.625,1.9,1.64,3.49,0.9440000000000001,29.67933333333333,2.0,2026-10-04
GCBD15702,13.975,120.625,0.9,1.64,3.49,0.9440000000000001,29.67933333333333,2.0,2026-10-04
GCBD7650,13.975,120.625,1.0,1.64,3.49,0.9440000000000001,29.67933333333333,2.0,2026-10-04
GCBD7651,13.975,120.625,1.0,1.64,3.49,0.9440000000000001,29.67933333333333,2.0,2026-10-04
GCBD7652,13.975,120.625,1.1,1.64,3.49,0.9440000000000001,29.67933333333333,2.0,2026-10-04
GCBD7653,13.975,120.625,1.3,1.64,3.49,0.9440000000000001,29.67933333333333,2.0,2026-10-04
GCBD7654,13.975,120.625,1.4,1.64,3.49,0.9440000000000001,29.67933333333333,2.0,2026-10-04
GCBD7655,13.975,120.625,1.7,1.64,3.49,0.9440000000000001,29.67933333333333,2.0,2026-10-04
GCBD15703,13.975,120.625,2.1,1.64,3.49,0.9440000000000001,29.67933333333333,2.0,2026-10-04
GCBD15704,13.975,120.625,2.3,1.64,3.49,0.9440000000000001,29.67933333333333,2.0,2026-10-04
GCBD9793,15.725,42.375,3.2,8.18,8.18,1.7223333333333335,33.548,4.0,2026-10-04
GCBD9792,14.825,50.025,1.3,0.81,6.75,1.552,29.263666666666666,0.0,2026-10-04
GCBD9754,15.925,108.525,2.9,4.84,4.84,0.6156666666666667,29.426,0.0,2026-10-04
GCBD9755,15.925,108.525,2.1,4.84,4.84,0.6156666666666667,29.426,0.0,2026-10-04
GCBD9661,15.925,108.525,2.1,4.84,4.84,0.6156666666666667,29.426,0.0,2026-10-04
GCBD9662,15.925,108.525,0.7,4.84,4.84,0.6156666666666667,29.426,0.0,2026-10-04
GCBD9756,15.925,108.525,0.7,4.84,4.84,0.6156666666666667,29.426,0.0,2026-10-04
GCBD9757,15.925,108.475,0.8,4.59,4.59,0.6053333333333335,29.41066666666667,0.0,2026-10-04
GCBD9758,15.925,108.475,1.0,4.59,4.59,0.6053333333333335,29.41066666666667,0.0,2026-10-04
GCBD9759,15.925,108.525,1.8,4.84,4.84,0.6156666666666667,29.426,0.0,2026-10-04
GCBD9760,15.925,108.475,2.3,4.59,4.59,0.6053333333333335,29.41066666666667,0.0,2026-10-04
GCBD9761,15.925,108.475,2.6,4.59,4.59,0.6053333333333335,29.41066666666667,0.0,2026-10-04
GCBD9663,15.925,108.475,2.3,4.59,4.59,0.6053333333333335,29.41066666666667,0.0,2026-10-04
GCBD9762,15.975,108.475,2.3,4.75,4.75,0.6013333333333334,29.417666666666662,0.0,2026-10-04
GCBD9664,15.975,108.475,2.3,4.75,4.75,0.6013333333333334,29.417666666666662,0.0,2026-10-04
GCBD9763,15.975,108.475,1.7,4.75,4.75,0.6013333333333334,29.417666666666662,0.0,2026-10-04
GCBD9665,15.975,108.475,1.7,4.75,4.75,0.6013333333333334,29.417666666666662,0.0,2026-10-04
GCBD9764,15.975,108.425,2.4,4.43,4.43,0.596,29.40966666666667,1.0,2026-10-04
GCBD9765,15.975,108.475,1.8,4.75,4.75,0.6013333333333334,29.417666666666662,0.0,2026-10-04
GCBD9766,15.975,108.425,0.5,4.43,4.43,0.596,29.40966666666667,1.0,2026-10-04
GCBD9767,15.975,108.525,2.6,4.57,4.57,0.6106666666666667,29.43133333333333,0.0,2026-10-04
GCBD9768,15.975,108.425,2.6,4.43,4.43,0.596,29.40966666666667,1.0,2026-10-04
GCBD7215,14.875,122.225,1.6,1.86,7.71,0.7106666666666666,29.613999999999994,2.0,2026-10-04
GCBD15705,14.025,120.625,2.4,1.78,3.43,0.9603333333333334,29.697,2.0,2026-10-04
GCBD15706,14.025,120.625,1.3,1.78,3.43,0.9603333333333334,29.697,2.0,2026-10-04
GCBD7656,14.025,120.625,1.0,1.78,3.43,0.9603333333333334,29.697,2.0,2026-10-04
GCBD7657,14.025,120.625,1.1,1.78,3.43,0.9603333333333334,29.697,2.0,2026-10-04
GCBD7658,14.125,120.575,3.8,1.93,4.1,0.9626666666666666,29.731,2.0,2026-10-04
GCBD7659,14.125,120.575,3.5,1.93,4.1,0.9626666666666666,29.731,2.0,2026-10-04
GCBD7660,14.175,120.575,0.4,2.28,5.23,0.9713333333333334,29.756333333333338,2.0,2026-10-04
GCBD7661,14.175,120.575,0.7,2.28,5.23,0.9713333333333334,29.756333333333338,2.0,2026-10-04
GCBD7662,14.175,120.575,2.2,2.28,5.23,0.9713333333333334,29.756333333333338,2.0,2026-10-04
GCBD7663,14.175,120.575,1.4,2.28,5.23,0.9713333333333334,29.756333333333338,2.0,2026-10-04
GCBD7664,14.175,120.575,1.4,2.28,5.23,0.9713333333333334,29.756333333333338,2.0,2026-10-04
GCBD7665,14.175,120.575,1.0,2.28,5.23,0.9713333333333334,29.756333333333338,2.0,2026-10-04
GCBD7666,14.175,120.575,1.3,2.28,5.23,0.9713333333333334,29.756333333333338,2.0,2026-10-04
GCBD7667,14.175,120.575,2.2,2.28,5.23,0.9713333333333334,29.756333333333338,2.0,2026-10-04
GCBD7668,14.175,120.575,2.3,2.28,5.23,0.9713333333333334,29.756333333333338,2.0,2026-10-04
GCBD7669,14.175,120.575,2.4,2.28,5.23,0.9713333333333334,29.756333333333338,2.0,2026-10-04
GCBD7670,14.175,120.575,2.7,2.28,5.23,0.9713333333333334,29.756333333333338,2.0,2026-10-04
GCBD7671,14.775,120.225,2.5,0.5,1.56,0.7673333333333333,29.70666666666667,2.0,2026-10-04
GCBD7672,14.775,120.225,2.4,0.5,1.56,0.7673333333333333,29.70666666666667,2.0,2026-10-04
GCBD7673,14.775,120.225,2.3,0.5,1.56,0.7673333333333333,29.70666666666667,2.0,2026-10-04
GCBD7674,14.775,120.225,0.9,0.5,1.56,0.7673333333333333,29.70666666666667,2.0,2026-10-04
GCBD7675,14.825,121.825,2.3,1.28,6.5600000000000005,0.622,29.562333333333335,2.0,2026-10-04
GCBD7208,14.775,120.725,12.9,3.99,14.97,1.0613333333333332,30.033,2.0,2026-10-04
GCBD7784,16.725,41.825,2.5,9.22,9.22,1.8746666666666671,33.37966666666667,4.0,2026-10-04
GCBD6874,16.825,53.975,3.8,0.0,0.52,2.280333333333333,27.25733333333333,0.0,2026-10-04
GCBD6873,16.925,54.825,2.3,0.0,0.0,1.9703333333333335,26.949,0.0,2026-10-04
GCBD9666,16.075,108.275,2.2,3.5700000000000003,3.5700000000000003,0.558,29.425,1.0,2026-10-04
GCBD9667,16.075,108.275,2.0,3.5700000000000003,3.5700000000000003,0.558,29.425,1.0,2026-10-04
GCBD9668,16.075,108.275,2.3,3.5700000000000003,3.5700000000000003,0.558,29.425,1.0,2026-10-04
GCBD9669,16.075,108.325,3.4,3.74,3.74,0.5753333333333334,29.425666666666665,1.0,2026-10-04
GCBD9670,16.075,108.275,2.4,3.5700000000000003,3.5700000000000003,0.558,29.425,1.0,2026-10-04
GCBD9671,16.125,108.275,3.7,3.5500000000000003,3.5500000000000003,0.5383333333333333,29.42,1.0,2026-10-04
GCBD9672,16.125,108.325,2.7,3.73,3.73,0.5519999999999999,29.42366666666667,1.0,2026-10-04
GCBD9673,16.125,108.325,2.1,3.73,3.73,0.5519999999999999,29.42366666666667,1.0,2026-10-04
GCBD9674,16.125,108.325,1.1,3.73,3.73,0.5519999999999999,29.42366666666667,1.0,2026-10-04
GCBD9675,16.125,108.325,1.1,3.73,3.73,0.5519999999999999,29.42366666666667,1.0,2026-10-04
GCBD9676,16.125,108.325,1.8,3.73,3.73,0.5519999999999999,29.42366666666667,1.0,2026-10-04
GCBD9677,16.125,108.225,1.3,3.52,3.52,0.5263333333333333,29.427999999999994,1.0,2026-10-04
GCBD9678,16.125,108.225,2.0,3.52,3.52,0.5263333333333333,29.427999999999994,1.0,2026-10-04
GCBD9679,16.125,108.275,2.3,3.5500000000000003,3.5500000000000003,0.5383333333333333,29.42,1.0,2026-10-04
GCBD9680,16.125,108.275,2.8,3.5500000000000003,3.5500000000000003,0.5383333333333333,29.42,1.0,2026-10-04
GCBD9681,16.125,108.225,2.8,3.52,3.52,0.5263333333333333,29.427999999999994,1.0,2026-10-04
GCBD9682,16.175,108.175,2.1,3.44,3.58,0.49266666666666664,29.418,1.0,2026-10-04
GCBD9683,16.175,108.175,3.0,3.44,3.58,0.49266666666666664,29.418,1.0,2026-10-04
GCBD9684,16.175,108.175,3.2,3.44,3.58,0.49266666666666664,29.418,1.0,2026-10-04
GCBD7222,16.325,119.775,1.8,0.43,2.32,0.771,29.750999999999998,1.0,2026-10-04
GCBD7226,16.375,119.875,0.8,0.3,3.21,0.7393333333333334,29.71633333333334,1.0,2026-10-04
GCBD7233,16.425,119.925,2.9,0.59,3.48,0.7116666666666666,29.683333333333334,1.0,2026-10-04
GCBD7785,18.375,41.425,2.4,7.3,7.3,1.6403333333333334,33.102333333333334,3.0,2026-10-04
GCBD2071,18.175,109.475,1.4,1.51,7.27,0.025666666666666647,28.46266666666667,2.0,2026-10-04
GCBD2072,18.225,109.475,2.0,1.7,7.69,-0.0016666666666666533,28.440333333333335,2.0,2026-10-04
GCBD2073,18.225,109.475,3.8,1.7,7.69,-0.0016666666666666533,28.440333333333335,2.0,2026-10-04
GCBD2074,18.225,109.225,2.3,1.2,7.09,-0.11266666666666678,28.394333333333336,2.0,2026-10-04
GCBD2075,18.225,109.475,2.7,1.7,7.69,-0.0016666666666666533,28.440333333333335,2.0,2026-10-04
GCBD2076,18.225,109.475,4.0,1.7,7.69,-0.0016666666666666533,28.440333333333335,2.0,2026-10-04
