site_id,time,latitude,longitude,CRW_DHW,CRW_SSTANOMALY,CRW_BAA,CRW_SST
NP02,2026-04-06 12:00:00+00:00,-8.675,115.475,0.0,0.51,1.0,28.93
NP02,2026-04-07 12:00:00+00:00,-8.675,115.475,0.0,0.8,1.0,29.23
NP02,2026-04-08 12:00:00+00:00,-8.675,115.475,0.0,1.02,1.0,29.45
NP02,2026-04-09 12:00:00+00:00,-8.675,115.475,0.0,1.02,1.0,29.46
NP02,2026-04-10 12:00:00+00:00,-8.675,115.475,0.16,1.18,2.0,29.63
NP02,2026-04-11 12:00:00+00:00,-8.675,115.475,0.35,1.36,2.0,29.81
NP02,2026-04-12 12:00:00+00:00,-8.675,115.475,0.54,1.34,2.0,29.8
NP02,2026-04-13 12:00:00+00:00,-8.675,115.475,0.74,1.39,2.0,29.86
NP02,2026-04-14 12:00:00+00:00,-8.675,115.475,0.92,1.29,2.0,29.76
NP02,2026-04-15 12:00:00+00:00,-8.675,115.475,0.92,0.98,1.0,29.46
NP02,2026-04-16 12:00:00+00:00,-8.675,115.475,1.07,1.07,2.0,29.53
NP02,2026-04-17 12:00:00+00:00,-8.675,115.475,1.07,0.97,1.0,29.42
NP02,2026-04-18 12:00:00+00:00,-8.675,115.475,1.24,1.24,2.0,29.67
NP02,2026-04-19 12:00:00+00:00,-8.675,115.475,1.39,1.11,2.0,29.52
NP02,2026-04-20 12:00:00+00:00,-8.675,115.475,1.57,1.34,2.0,29.74
NP02,2026-04-21 12:00:00+00:00,-8.675,115.475,1.73,1.24,2.0,29.62
NP02,2026-04-22 12:00:00+00:00,-8.675,115.475,1.88,1.16,2.0,29.52
NP02,2026-04-23 12:00:00+00:00,-8.675,115.475,1.88,1.04,1.0,29.39
NP02,2026-04-24 12:00:00+00:00,-8.675,115.475,2.05,1.32,2.0,29.65
NP02,2026-04-26 12:00:00+00:00,-8.675,115.475,2.2,1.02,1.0,29.32
NP02,2026-04-27 12:00:00+00:00,-8.675,115.475,2.36,1.34,2.0,29.62
NP02,2026-04-28 12:00:00+00:00,-8.675,115.475,2.56,1.57,2.0,29.83
NP02,2026-04-29 12:00:00+00:00,-8.675,115.475,2.74,1.49,2.0,29.74
NP02,2026-04-30 12:00:00+00:00,-8.675,115.475,2.91,1.46,2.0,29.69
NP02,2026-05-01 12:00:00+00:00,-8.675,115.475,3.0500000000000003,1.28,2.0,29.49
NP02,2026-05-02 12:00:00+00:00,-8.675,115.475,3.0500000000000003,1.16,1.0,29.36
NP02,2026-05-03 12:00:00+00:00,-8.675,115.475,3.2,1.3,2.0,29.48
NP02,2026-05-04 12:00:00+00:00,-8.675,115.475,3.35,1.39,2.0,29.55
NP02,2026-05-05 12:00:00+00:00,-8.675,115.475,3.35,1.21,1.0,29.36
NP02,2026-05-06 12:00:00+00:00,-8.675,115.475,3.35,1.24,1.0,29.37
NP02,2026-05-07 12:00:00+00:00,-8.675,115.475,3.35,1.24,1.0,29.35
NP02,2026-05-08 12:00:00+00:00,-8.675,115.475,3.5,1.46,2.0,29.56
NP02,2026-05-09 12:00:00+00:00,-8.675,115.475,3.5,1.23,1.0,29.31
NP02,2026-05-10 12:00:00+00:00,-8.675,115.475,3.5,1.0,1.0,29.06
NP02,2026-05-11 12:00:00+00:00,-8.675,115.475,3.5,1.28,1.0,29.33
NP02,2026-05-12 12:00:00+00:00,-8.675,115.475,3.5,1.24,1.0,29.27
NP02,2026-05-13 12:00:00+00:00,-8.675,115.475,3.66,1.54,2.0,29.55
NP02,2026-05-14 12:00:00+00:00,-8.675,115.475,3.66,1.47,1.0,29.47
NP02,2026-05-15 12:00:00+00:00,-8.675,115.475,3.82,1.65,2.0,29.63
NP02,2026-05-16 12:00:00+00:00,-8.675,115.475,4.0,1.73,3.0,29.7
NP02,2026-05-17 12:00:00+00:00,-8.675,115.475,4.0,1.51,1.0,29.47
NP02,2026-05-18 12:00:00+00:00,-8.675,115.475,4.0,1.43,1.0,29.38
NP02,2026-05-19 12:00:00+00:00,-8.675,115.475,4.0,1.32,1.0,29.26
NP02,2026-05-20 12:00:00+00:00,-8.675,115.475,4.0,1.0,1.0,28.93
NP02,2026-05-21 12:00:00+00:00,-8.675,115.475,4.0,1.02,1.0,28.94
NP02,2026-05-22 12:00:00+00:00,-8.675,115.475,4.0,0.88,1.0,28.79
NP02,2026-05-23 12:00:00+00:00,-8.675,115.475,4.0,1.29,1.0,29.2
NP02,2026-05-24 12:00:00+00:00,-8.675,115.475,4.0,1.3,1.0,29.2
NP02,2026-05-25 12:00:00+00:00,-8.675,115.475,4.0,1.22,1.0,29.11
NP02,2026-05-26 12:00:00+00:00,-8.675,115.475,4.0,-0.08,0.0,27.8
NP02,2026-05-27 12:00:00+00:00,-8.675,115.475,4.0,-0.36,0.0,27.51
NP02,2026-05-28 12:00:00+00:00,-8.675,115.475,4.0,-0.29,0.0,27.57
NP02,2026-05-29 12:00:00+00:00,-8.675,115.475,4.0,-0.03,0.0,27.82
NP02,2026-05-30 12:00:00+00:00,-8.675,115.475,4.0,-0.38,0.0,27.46
NP02,2026-05-31 12:00:00+00:00,-8.675,115.475,4.0,0.18,0.0,28.01
NP02,2026-06-01 12:00:00+00:00,-8.675,115.475,4.0,0.21,0.0,28.03
NP02,2026-06-02 12:00:00+00:00,-8.675,115.475,4.0,0.14,0.0,27.95
NP02,2026-06-03 12:00:00+00:00,-8.675,115.475,4.0,0.1,0.0,27.9
NP02,2026-06-04 12:00:00+00:00,-8.675,115.475,4.0,0.18,0.0,27.97
NP02,2026-06-05 12:00:00+00:00,-8.675,115.475,4.0,0.65,0.0,28.43
NP02,2026-06-06 12:00:00+00:00,-8.675,115.475,4.0,0.77,1.0,28.54
NP02,2026-06-07 12:00:00+00:00,-8.675,115.475,4.0,0.8300000000000001,1.0,28.59
NP02,2026-06-08 12:00:00+00:00,-8.675,115.475,4.0,0.68,0.0,28.44
NP02,2026-06-09 12:00:00+00:00,-8.675,115.475,4.0,0.61,0.0,28.36
NP02,2026-06-10 12:00:00+00:00,-8.675,115.475,4.0,0.68,0.0,28.42
NP02,2026-06-11 12:00:00+00:00,-8.675,115.475,4.0,0.92,1.0,28.65
NP02,2026-06-12 12:00:00+00:00,-8.675,115.475,4.0,1.01,1.0,28.73
NP02,2026-06-13 12:00:00+00:00,-8.675,115.475,4.0,0.95,1.0,28.66
NP02,2026-06-14 12:00:00+00:00,-8.675,115.475,4.0,1.02,1.0,28.72
NP02,2026-06-15 12:00:00+00:00,-8.675,115.475,4.0,0.89,1.0,28.58
NP02,2026-06-16 12:00:00+00:00,-8.675,115.475,4.0,0.62,0.0,28.28
NP02,2026-06-17 12:00:00+00:00,-8.675,115.475,4.0,0.74,0.0,28.38
NP02,2026-06-18 12:00:00+00:00,-8.675,115.475,4.0,0.5700000000000001,0.0,28.18
NP02,2026-06-19 12:00:00+00:00,-8.675,115.475,4.0,0.63,0.0,28.21
NP02,2026-06-20 12:00:00+00:00,-8.675,115.475,4.0,0.47,0.0,28.02
NP02,2026-06-21 12:00:00+00:00,-8.675,115.475,4.0,0.66,0.0,28.19
NP02,2026-06-22 12:00:00+00:00,-8.675,115.475,4.0,0.65,0.0,28.15
NP02,2026-06-23 12:00:00+00:00,-8.675,115.475,4.0,0.81,0.0,28.28
NP02,2026-06-24 12:00:00+00:00,-8.675,115.475,4.0,1.0,0.0,28.44
NP02,2026-06-25 12:00:00+00:00,-8.675,115.475,4.0,0.47,0.0,27.89
NP02,2026-06-26 12:00:00+00:00,-8.675,115.475,4.0,0.84,0.0,28.23
NP02,2026-06-27 12:00:00+00:00,-8.675,115.475,4.0,1.07,0.0,28.43
NP02,2026-06-28 12:00:00+00:00,-8.675,115.475,4.0,0.93,0.0,28.26
NP02,2026-06-29 12:00:00+00:00,-8.675,115.475,4.0,0.95,0.0,28.26
NP02,2026-06-30 12:00:00+00:00,-8.675,115.475,4.0,0.8200000000000001,0.0,28.1
NP02,2026-07-01 12:00:00+00:00,-8.675,115.475,4.0,0.63,0.0,27.88
NP02,2026-07-02 12:00:00+00:00,-8.675,115.475,4.0,0.51,0.0,27.74
NP02,2026-07-03 12:00:00+00:00,-8.675,115.475,3.83,0.51,0.0,27.71
NP02,2026-07-04 12:00:00+00:00,-8.675,115.475,3.64,0.56,0.0,27.73
NP02,2026-07-05 12:00:00+00:00,-8.675,115.475,3.45,0.52,0.0,27.66
NP02,2026-07-06 12:00:00+00:00,-8.675,115.475,3.26,0.56,0.0,27.68
NP02,2026-07-07 12:00:00+00:00,-8.675,115.475,3.0700000000000003,0.77,0.0,27.86
NP02,2026-07-08 12:00:00+00:00,-8.675,115.475,3.0700000000000003,0.85,0.0,27.91
NP02,2026-07-09 12:00:00+00:00,-8.675,115.475,2.92,0.62,0.0,27.65
NP02,2026-07-10 12:00:00+00:00,-8.675,115.475,2.92,0.8200000000000001,0.0,27.83
NP02,2026-07-11 12:00:00+00:00,-8.675,115.475,2.75,0.8300000000000001,0.0,27.81
NP02,2026-07-12 12:00:00+00:00,-8.675,115.475,2.6,0.89,0.0,27.84
NP02,2026-07-13 12:00:00+00:00,-8.675,115.475,2.42,0.97,0.0,27.89
NP02,2026-07-14 12:00:00+00:00,-8.675,115.475,2.26,0.75,0.0,27.65
NP02,2026-07-15 12:00:00+00:00,-8.675,115.475,2.11,0.81,0.0,27.68
NP02,2026-07-16 12:00:00+00:00,-8.675,115.475,2.11,0.77,0.0,27.63
NP02,2026-07-17 12:00:00+00:00,-8.675,115.475,1.95,0.9,0.0,27.74
NP02,2026-07-18 12:00:00+00:00,-8.675,115.475,1.79,1.03,0.0,27.86
NP02,2026-07-19 12:00:00+00:00,-8.675,115.475,1.79,0.72,0.0,27.54
NP02,2026-07-20 12:00:00+00:00,-8.675,115.475,1.63,0.8200000000000001,0.0,27.62
NP02,2026-07-21 12:00:00+00:00,-8.675,115.475,1.44,0.6900000000000001,0.0,27.48
NP02,2026-07-22 12:00:00+00:00,-8.675,115.475,1.26,0.58,0.0,27.36
NP02,2026-07-23 12:00:00+00:00,-8.675,115.475,1.09,0.47,0.0,27.23
NP02,2026-07-24 12:00:00+00:00,-8.675,115.475,0.94,0.6,0.0,27.35
NP02,2026-07-25 12:00:00+00:00,-8.675,115.475,0.94,0.67,0.0,27.41
NP02,2026-07-26 12:00:00+00:00,-8.675,115.475,0.8,0.8300000000000001,0.0,27.55
NP02,2026-07-27 12:00:00+00:00,-8.675,115.475,0.65,0.77,0.0,27.48
NP02,2026-07-28 12:00:00+00:00,-8.675,115.475,0.65,0.74,0.0,27.44
NP02,2026-07-29 12:00:00+00:00,-8.675,115.475,0.65,0.59,0.0,27.27
NP02,2026-07-30 12:00:00+00:00,-8.675,115.475,0.65,0.43,0.0,27.1
NP02,2026-07-31 12:00:00+00:00,-8.675,115.475,0.49,0.6,0.0,27.26
NP02,2026-08-01 12:00:00+00:00,-8.675,115.475,0.49,0.4,0.0,27.05
NP02,2026-08-02 12:00:00+00:00,-8.675,115.475,0.49,0.35,0.0,26.98
NP02,2026-08-03 12:00:00+00:00,-8.675,115.475,0.49,0.39,0.0,27.01
NP02,2026-08-04 12:00:00+00:00,-8.675,115.475,0.49,0.31,0.0,26.92
NP02,2026-08-05 12:00:00+00:00,-8.675,115.475,0.34,0.55,0.0,27.14
NP02,2026-08-06 12:00:00+00:00,-8.675,115.475,0.34,0.35,0.0,26.93
NP02,2026-08-07 12:00:00+00:00,-8.675,115.475,0.17,0.23,0.0,26.8
NP02,2026-08-08 12:00:00+00:00,-8.675,115.475,0.0,0.32,0.0,26.87
NP02,2026-08-09 12:00:00+00:00,-8.675,115.475,0.0,0.66,0.0,27.2
NP02,2026-08-10 12:00:00+00:00,-8.675,115.475,0.0,0.45,0.0,26.98
NP02,2026-08-11 12:00:00+00:00,-8.675,115.475,0.0,0.36,0.0,26.87
NP02,2026-08-12 12:00:00+00:00,-8.675,115.475,0.0,0.41,0.0,26.91
NP02,2026-08-13 12:00:00+00:00,-8.675,115.475,0.0,0.56,0.0,27.05
NP02,2026-08-14 12:00:00+00:00,-8.675,115.475,0.0,-0.03,0.0,26.44
NP02,2026-08-15 12:00:00+00:00,-8.675,115.475,0.0,0.16,0.0,26.62
NP02,2026-08-16 12:00:00+00:00,-8.675,115.475,0.0,-0.38,0.0,26.08
NP02,2026-08-17 12:00:00+00:00,-8.675,115.475,0.0,-0.42,0.0,26.04
NP02,2026-08-18 12:00:00+00:00,-8.675,115.475,0.0,0.35,0.0,26.81
NP02,2026-08-19 12:00:00+00:00,-8.675,115.475,0.0,0.28,0.0,26.74
NP02,2026-08-20 12:00:00+00:00,-8.675,115.475,0.0,0.26,0.0,26.72
NP02,2026-08-21 12:00:00+00:00,-8.675,115.475,0.0,0.37,0.0,26.83
NP02,2026-08-22 12:00:00+00:00,-8.675,115.475,0.0,0.52,0.0,26.98
NP02,2026-08-23 12:00:00+00:00,-8.675,115.475,0.0,0.54,0.0,26.99
NP02,2026-08-24 12:00:00+00:00,-8.675,115.475,0.0,0.79,0.0,27.24
NP02,2026-08-25 12:00:00+00:00,-8.675,115.475,0.0,0.87,0.0,27.32
NP02,2026-08-26 12:00:00+00:00,-8.675,115.475,0.0,0.86,0.0,27.31
NP02,2026-08-27 12:00:00+00:00,-8.675,115.475,0.0,0.78,0.0,27.23
NP02,2026-08-28 12:00:00+00:00,-8.675,115.475,0.0,0.51,0.0,26.96
NP02,2026-08-29 12:00:00+00:00,-8.675,115.475,0.0,0.39,0.0,26.84
NP02,2026-08-30 12:00:00+00:00,-8.675,115.475,0.0,0.43,0.0,26.88
NP02,2026-08-31 12:00:00+00:00,-8.675,115.475,0.0,0.71,0.0,27.16
NP02,2026-09-01 12:00:00+00:00,-8.675,115.475,0.0,0.66,0.0,27.11
NP02,2026-09-02 12:00:00+00:00,-8.675,115.475,0.0,0.59,0.0,27.04
NP02,2026-09-03 12:00:00+00:00,-8.675,115.475,0.0,0.36,0.0,26.81
NP02,2026-09-04 12:00:00+00:00,-8.675,115.475,0.0,0.4,0.0,26.85
NP02,2026-09-05 12:00:00+00:00,-8.675,115.475,0.0,0.49,0.0,26.94
NP02,2026-09-06 12:00:00+00:00,-8.675,115.475,0.0,0.4,0.0,26.85
NP02,2026-09-07 12:00:00+00:00,-8.675,115.475,0.0,0.32,0.0,26.77
NP02,2026-09-08 12:00:00+00:00,-8.675,115.475,0.0,0.34,0.0,26.78
NP02,2026-09-09 12:00:00+00:00,-8.675,115.475,0.0,0.23,0.0,26.67
NP02,2026-09-10 12:00:00+00:00,-8.675,115.475,0.0,0.37,0.0,26.81
NP02,2026-09-11 12:00:00+00:00,-8.675,115.475,0.0,0.5700000000000001,0.0,27.01
NP02,2026-09-12 12:00:00+00:00,-8.675,115.475,0.0,0.74,0.0,27.18
NP02,2026-09-13 12:00:00+00:00,-8.675,115.475,0.0,0.75,0.0,27.19
NP02,2026-09-14 12:00:00+00:00,-8.675,115.475,0.0,0.62,0.0,27.06
NP02,2026-09-15 12:00:00+00:00,-8.675,115.475,0.0,0.42,0.0,26.86
NP02,2026-09-16 12:00:00+00:00,-8.675,115.475,0.0,0.51,0.0,26.97
NP02,2026-09-17 12:00:00+00:00,-8.675,115.475,0.0,0.58,0.0,27.07
NP02,2026-09-18 12:00:00+00:00,-8.675,115.475,0.0,0.8300000000000001,0.0,27.34
NP02,2026-09-19 12:00:00+00:00,-8.675,115.475,0.0,0.8200000000000001,0.0,27.35
NP02,2026-09-20 12:00:00+00:00,-8.675,115.475,0.0,0.8,0.0,27.36
NP02,2026-09-21 12:00:00+00:00,-8.675,115.475,0.0,0.64,0.0,27.22
NP02,2026-09-22 12:00:00+00:00,-8.675,115.475,0.0,0.72,0.0,27.32
NP02,2026-09-23 12:00:00+00:00,-8.675,115.475,0.0,0.72,0.0,27.35
NP02,2026-09-24 12:00:00+00:00,-8.675,115.475,0.0,0.87,0.0,27.52
NP02,2026-09-25 12:00:00+00:00,-8.675,115.475,0.0,0.73,0.0,27.4
NP02,2026-09-26 12:00:00+00:00,-8.675,115.475,0.0,0.54,0.0,27.24
NP02,2026-09-27 12:00:00+00:00,-8.675,115.475,0.0,0.74,0.0,27.46
NP02,2026-09-28 12:00:00+00:00,-8.675,115.475,0.0,0.64,0.0,27.38
NP02,2026-09-29 12:00:00+00:00,-8.675,115.475,0.0,0.36,0.0,27.13
NP02,2026-09-30 12:00:00+00:00,-8.675,115.475,0.0,0.52,0.0,27.31
NP02,2026-10-01 12:00:00+00:00,-8.675,115.475,0.0,0.46,0.0,27.27
NP02,2026-10-02 12:00:00+00:00,-8.675,115.475,0.0,0.17,0.0,27.01
NP02,2026-10-03 12:00:00+00:00,-8.675,115.475,0.0,0.5700000000000001,0.0,27.43
BL01,2026-04-06 12:00:00+00:00,-8.275,115.575,0.0,0.78,1.0,29.77
BL01,2026-04-07 12:00:00+00:00,-8.275,115.575,0.0,0.85,1.0,29.86
BL01,2026-04-08 12:00:00+00:00,-8.275,115.575,0.0,0.72,1.0,29.75
BL01,2026-04-09 12:00:00+00:00,-8.275,115.575,0.0,0.74,1.0,29.78
BL01,2026-04-10 12:00:00+00:00,-8.275,115.575,0.0,0.93,1.0,29.99
BL01,2026-04-11 12:00:00+00:00,-8.275,115.575,0.16,1.16,2.0,30.24
BL01,2026-04-12 12:00:00+00:00,-8.275,115.575,0.32,1.17,2.0,30.27
BL01,2026-04-13 12:00:00+00:00,-8.275,115.575,0.32,0.98,1.0,30.09
BL01,2026-04-14 12:00:00+00:00,-8.275,115.575,0.47,1.07,2.0,30.2
BL01,2026-04-15 12:00:00+00:00,-8.275,115.575,0.47,0.94,1.0,30.09
BL01,2026-04-16 12:00:00+00:00,-8.275,115.575,0.47,0.91,1.0,30.06
BL01,2026-04-17 12:00:00+00:00,-8.275,115.575,0.47,0.93,1.0,30.07
BL01,2026-04-18 12:00:00+00:00,-8.275,115.575,0.47,1.0,1.0,30.14
BL01,2026-04-19 12:00:00+00:00,-8.275,115.575,0.47,0.99,1.0,30.13
BL01,2026-04-20 12:00:00+00:00,-8.275,115.575,0.63,1.16,2.0,30.3
BL01,2026-04-21 12:00:00+00:00,-8.275,115.575,0.63,0.9,1.0,30.03
BL01,2026-04-22 12:00:00+00:00,-8.275,115.575,0.63,0.92,1.0,30.05
BL01,2026-04-23 12:00:00+00:00,-8.275,115.575,0.78,1.07,2.0,30.2
BL01,2026-04-24 12:00:00+00:00,-8.275,115.575,0.94,1.12,2.0,30.25
BL01,2026-04-26 12:00:00+00:00,-8.275,115.575,1.08,0.76,1.0,29.88
BL01,2026-04-27 12:00:00+00:00,-8.275,115.575,1.08,0.93,1.0,30.05
BL01,2026-04-28 12:00:00+00:00,-8.275,115.575,1.25,1.16,2.0,30.28
BL01,2026-04-29 12:00:00+00:00,-8.275,115.575,1.4,1.09,2.0,30.2
BL01,2026-04-30 12:00:00+00:00,-8.275,115.575,1.4,1.02,1.0,30.13
BL01,2026-05-01 12:00:00+00:00,-8.275,115.575,1.55,1.09,2.0,30.2
BL01,2026-05-02 12:00:00+00:00,-8.275,115.575,1.69,1.09,2.0,30.19
BL01,2026-05-03 12:00:00+00:00,-8.275,115.575,1.69,0.93,1.0,30.03
BL01,2026-05-04 12:00:00+00:00,-8.275,115.575,1.69,1.01,1.0,30.11
BL01,2026-05-05 12:00:00+00:00,-8.275,115.575,1.69,1.04,1.0,30.14
BL01,2026-05-06 12:00:00+00:00,-8.275,115.575,1.69,1.04,1.0,30.13
BL01,2026-05-07 12:00:00+00:00,-8.275,115.575,1.85,1.14,2.0,30.23
BL01,2026-05-08 12:00:00+00:00,-8.275,115.575,1.85,1.02,1.0,30.11
BL01,2026-05-09 12:00:00+00:00,-8.275,115.575,1.85,1.04,1.0,30.13
BL01,2026-05-10 12:00:00+00:00,-8.275,115.575,1.85,1.06,1.0,30.14
BL01,2026-05-11 12:00:00+00:00,-8.275,115.575,2.0,1.14,2.0,30.22
BL01,2026-05-12 12:00:00+00:00,-8.275,115.575,2.16,1.17,2.0,30.25
BL01,2026-05-13 12:00:00+00:00,-8.275,115.575,2.16,1.06,1.0,30.14
BL01,2026-05-14 12:00:00+00:00,-8.275,115.575,2.16,1.05,1.0,30.12
BL01,2026-05-15 12:00:00+00:00,-8.275,115.575,2.32,1.21,2.0,30.28
BL01,2026-05-16 12:00:00+00:00,-8.275,115.575,2.47,1.18,2.0,30.23
BL01,2026-05-17 12:00:00+00:00,-8.275,115.575,2.62,1.12,2.0,30.15
BL01,2026-05-18 12:00:00+00:00,-8.275,115.575,2.78,1.28,2.0,30.29
BL01,2026-05-19 12:00:00+00:00,-8.275,115.575,2.94,1.25,2.0,30.25
BL01,2026-05-20 12:00:00+00:00,-8.275,115.575,2.94,1.14,1.0,30.12
BL01,2026-05-21 12:00:00+00:00,-8.275,115.575,2.94,1.16,1.0,30.12
BL01,2026-05-22 12:00:00+00:00,-8.275,115.575,2.94,1.1,1.0,30.04
BL01,2026-05-23 12:00:00+00:00,-8.275,115.575,2.94,0.9,1.0,29.82
BL01,2026-05-24 12:00:00+00:00,-8.275,115.575,2.94,0.9,1.0,29.8
BL01,2026-05-25 12:00:00+00:00,-8.275,115.575,2.94,0.8200000000000001,1.0,29.7
BL01,2026-05-26 12:00:00+00:00,-8.275,115.575,2.94,0.62,1.0,29.48
BL01,2026-05-27 12:00:00+00:00,-8.275,115.575,2.94,0.64,1.0,29.49
BL01,2026-05-28 12:00:00+00:00,-8.275,115.575,2.94,0.9,1.0,29.73
BL01,2026-05-29 12:00:00+00:00,-8.275,115.575,2.94,0.75,1.0,29.56
BL01,2026-05-30 12:00:00+00:00,-8.275,115.575,2.94,0.36,0.0,29.15
BL01,2026-05-31 12:00:00+00:00,-8.275,115.575,2.94,0.51,1.0,29.28
BL01,2026-06-01 12:00:00+00:00,-8.275,115.575,2.94,0.16,0.0,28.91
BL01,2026-06-02 12:00:00+00:00,-8.275,115.575,2.94,0.54,1.0,29.27
BL01,2026-06-03 12:00:00+00:00,-8.275,115.575,2.94,0.7000000000000001,1.0,29.41
BL01,2026-06-04 12:00:00+00:00,-8.275,115.575,2.94,0.41,0.0,29.11
BL01,2026-06-05 12:00:00+00:00,-8.275,115.575,2.94,0.48,1.0,29.16
BL01,2026-06-06 12:00:00+00:00,-8.275,115.575,2.94,0.4,0.0,29.06
BL01,2026-06-07 12:00:00+00:00,-8.275,115.575,2.94,0.43,0.0,29.07
BL01,2026-06-08 12:00:00+00:00,-8.275,115.575,2.94,0.35,0.0,28.97
BL01,2026-06-09 12:00:00+00:00,-8.275,115.575,2.94,0.4,0.0,29.0
BL01,2026-06-10 12:00:00+00:00,-8.275,115.575,2.94,0.52,0.0,29.1
BL01,2026-06-11 12:00:00+00:00,-8.275,115.575,2.94,0.6900000000000001,1.0,29.25
BL01,2026-06-12 12:00:00+00:00,-8.275,115.575,2.94,0.72,1.0,29.27
BL01,2026-06-13 12:00:00+00:00,-8.275,115.575,2.94,0.52,0.0,29.05
BL01,2026-06-14 12:00:00+00:00,-8.275,115.575,2.94,0.54,0.0,29.05
BL01,2026-06-15 12:00:00+00:00,-8.275,115.575,2.94,0.38,0.0,28.87
BL01,2026-06-16 12:00:00+00:00,-8.275,115.575,2.94,0.34,0.0,28.81
BL01,2026-06-17 12:00:00+00:00,-8.275,115.575,2.94,0.33,0.0,28.77
BL01,2026-06-18 12:00:00+00:00,-8.275,115.575,2.94,0.37,0.0,28.79
BL01,2026-06-19 12:00:00+00:00,-8.275,115.575,2.94,0.22,0.0,28.62
BL01,2026-06-20 12:00:00+00:00,-8.275,115.575,2.94,0.21,0.0,28.58
BL01,2026-06-21 12:00:00+00:00,-8.275,115.575,2.94,0.33,0.0,28.68
BL01,2026-06-22 12:00:00+00:00,-8.275,115.575,2.94,0.6,0.0,28.92
BL01,2026-06-23 12:00:00+00:00,-8.275,115.575,2.94,0.54,0.0,28.84
BL01,2026-06-24 12:00:00+00:00,-8.275,115.575,2.94,0.6,0.0,28.88
BL01,2026-06-25 12:00:00+00:00,-8.275,115.575,2.94,0.58,0.0,28.83
BL01,2026-06-26 12:00:00+00:00,-8.275,115.575,2.94,0.64,0.0,28.87
BL01,2026-06-27 12:00:00+00:00,-8.275,115.575,2.94,0.73,0.0,28.94
BL01,2026-06-28 12:00:00+00:00,-8.275,115.575,2.94,0.73,0.0,28.91
BL01,2026-06-29 12:00:00+00:00,-8.275,115.575,2.94,0.75,0.0,28.91
BL01,2026-06-30 12:00:00+00:00,-8.275,115.575,2.94,0.71,0.0,28.84
BL01,2026-07-01 12:00:00+00:00,-8.275,115.575,2.94,0.47,0.0,28.58
BL01,2026-07-02 12:00:00+00:00,-8.275,115.575,2.94,0.33,0.0,28.42
BL01,2026-07-03 12:00:00+00:00,-8.275,115.575,2.94,0.43,0.0,28.49
BL01,2026-07-04 12:00:00+00:00,-8.275,115.575,2.78,0.36,0.0,28.4
BL01,2026-07-05 12:00:00+00:00,-8.275,115.575,2.62,0.39,0.0,28.41
BL01,2026-07-06 12:00:00+00:00,-8.275,115.575,2.62,0.4,0.0,28.39
BL01,2026-07-07 12:00:00+00:00,-8.275,115.575,2.47,0.37,0.0,28.34
BL01,2026-07-08 12:00:00+00:00,-8.275,115.575,2.47,0.3,0.0,28.25
BL01,2026-07-09 12:00:00+00:00,-8.275,115.575,2.47,0.18,0.0,28.1
BL01,2026-07-10 12:00:00+00:00,-8.275,115.575,2.47,0.16,0.0,28.06
BL01,2026-07-11 12:00:00+00:00,-8.275,115.575,2.47,0.15,0.0,28.02
BL01,2026-07-12 12:00:00+00:00,-8.275,115.575,2.47,0.31,0.0,28.16
BL01,2026-07-13 12:00:00+00:00,-8.275,115.575,2.31,0.34,0.0,28.17
BL01,2026-07-14 12:00:00+00:00,-8.275,115.575,2.31,0.33,0.0,28.13
BL01,2026-07-15 12:00:00+00:00,-8.275,115.575,2.31,0.46,0.0,28.24
BL01,2026-07-16 12:00:00+00:00,-8.275,115.575,2.16,0.55,0.0,28.32
BL01,2026-07-17 12:00:00+00:00,-8.275,115.575,2.0,0.4,0.0,28.16
BL01,2026-07-18 12:00:00+00:00,-8.275,115.575,1.85,0.44,0.0,28.19
BL01,2026-07-19 12:00:00+00:00,-8.275,115.575,1.85,0.48,0.0,28.22
BL01,2026-07-20 12:00:00+00:00,-8.275,115.575,1.85,0.39,0.0,28.12
BL01,2026-07-21 12:00:00+00:00,-8.275,115.575,1.69,0.35,0.0,28.07
BL01,2026-07-22 12:00:00+00:00,-8.275,115.575,1.54,0.14,0.0,27.85
BL01,2026-07-23 12:00:00+00:00,-8.275,115.575,1.54,0.18,0.0,27.87
BL01,2026-07-24 12:00:00+00:00,-8.275,115.575,1.39,0.15,0.0,27.83
BL01,2026-07-25 12:00:00+00:00,-8.275,115.575,1.24,0.24,0.0,27.91
BL01,2026-07-26 12:00:00+00:00,-8.275,115.575,1.24,0.37,0.0,28.03
BL01,2026-07-27 12:00:00+00:00,-8.275,115.575,1.24,0.32,0.0,27.97
BL01,2026-07-28 12:00:00+00:00,-8.275,115.575,1.24,0.3,0.0,27.94
BL01,2026-07-29 12:00:00+00:00,-8.275,115.575,1.24,0.28,0.0,27.91
BL01,2026-07-30 12:00:00+00:00,-8.275,115.575,1.09,0.24,0.0,27.86
BL01,2026-07-31 12:00:00+00:00,-8.275,115.575,1.09,0.21,0.0,27.82
BL01,2026-08-01 12:00:00+00:00,-8.275,115.575,1.09,0.2,0.0,27.8
BL01,2026-08-02 12:00:00+00:00,-8.275,115.575,1.09,0.21,0.0,27.8
BL01,2026-08-03 12:00:00+00:00,-8.275,115.575,0.94,0.19,0.0,27.77
BL01,2026-08-04 12:00:00+00:00,-8.275,115.575,0.78,0.4,0.0,27.97
BL01,2026-08-05 12:00:00+00:00,-8.275,115.575,0.78,0.3,0.0,27.86
BL01,2026-08-06 12:00:00+00:00,-8.275,115.575,0.78,0.22,0.0,27.77
BL01,2026-08-07 12:00:00+00:00,-8.275,115.575,0.62,-0.01,0.0,27.53
BL01,2026-08-08 12:00:00+00:00,-8.275,115.575,0.46,0.02,0.0,27.54
BL01,2026-08-09 12:00:00+00:00,-8.275,115.575,0.32,0.08,0.0,27.59
BL01,2026-08-10 12:00:00+00:00,-8.275,115.575,0.16,0.22,0.0,27.72
BL01,2026-08-11 12:00:00+00:00,-8.275,115.575,0.0,0.26,0.0,27.75
BL01,2026-08-12 12:00:00+00:00,-8.275,115.575,0.0,0.31,0.0,27.79
BL01,2026-08-13 12:00:00+00:00,-8.275,115.575,0.0,0.25,0.0,27.72
BL01,2026-08-14 12:00:00+00:00,-8.275,115.575,0.0,0.33,0.0,27.79
BL01,2026-08-15 12:00:00+00:00,-8.275,115.575,0.0,0.39,0.0,27.84
BL01,2026-08-16 12:00:00+00:00,-8.275,115.575,0.0,0.32,0.0,27.77
BL01,2026-08-17 12:00:00+00:00,-8.275,115.575,0.0,0.52,0.0,27.97
BL01,2026-08-18 12:00:00+00:00,-8.275,115.575,0.0,0.29,0.0,27.74
BL01,2026-08-19 12:00:00+00:00,-8.275,115.575,0.0,0.38,0.0,27.83
BL01,2026-08-20 12:00:00+00:00,-8.275,115.575,0.0,0.27,0.0,27.72
BL01,2026-08-21 12:00:00+00:00,-8.275,115.575,0.0,0.35,0.0,27.8
BL01,2026-08-22 12:00:00+00:00,-8.275,115.575,0.0,0.47,0.0,27.92
BL01,2026-08-23 12:00:00+00:00,-8.275,115.575,0.0,0.53,0.0,27.99
BL01,2026-08-24 12:00:00+00:00,-8.275,115.575,0.0,0.48,0.0,27.94
BL01,2026-08-25 12:00:00+00:00,-8.275,115.575,0.0,0.19,0.0,27.65
BL01,2026-08-26 12:00:00+00:00,-8.275,115.575,0.0,0.32,0.0,27.78
BL01,2026-08-27 12:00:00+00:00,-8.275,115.575,0.0,0.17,0.0,27.63
BL01,2026-08-28 12:00:00+00:00,-8.275,115.575,0.0,-0.08,0.0,27.38
BL01,2026-08-29 12:00:00+00:00,-8.275,115.575,0.0,0.0,0.0,27.46
BL01,2026-08-30 12:00:00+00:00,-8.275,115.575,0.0,0.02,0.0,27.48
BL01,2026-08-31 12:00:00+00:00,-8.275,115.575,0.0,0.29,0.0,27.75
BL01,2026-09-01 12:00:00+00:00,-8.275,115.575,0.0,0.27,0.0,27.73
BL01,2026-09-02 12:00:00+00:00,-8.275,115.575,0.0,0.19,0.0,27.65
BL01,2026-09-03 12:00:00+00:00,-8.275,115.575,0.0,0.03,0.0,27.49
BL01,2026-09-04 12:00:00+00:00,-8.275,115.575,0.0,0.0,0.0,27.46
BL01,2026-09-05 12:00:00+00:00,-8.275,115.575,0.0,-0.09,0.0,27.37
BL01,2026-09-06 12:00:00+00:00,-8.275,115.575,0.0,-0.12,0.0,27.34
BL01,2026-09-07 12:00:00+00:00,-8.275,115.575,0.0,-0.02,0.0,27.44
BL01,2026-09-08 12:00:00+00:00,-8.275,115.575,0.0,0.0,0.0,27.47
BL01,2026-09-09 12:00:00+00:00,-8.275,115.575,0.0,0.07,0.0,27.54
BL01,2026-09-10 12:00:00+00:00,-8.275,115.575,0.0,0.28,0.0,27.75
BL01,2026-09-11 12:00:00+00:00,-8.275,115.575,0.0,0.27,0.0,27.74
BL01,2026-09-12 12:00:00+00:00,-8.275,115.575,0.0,0.42,0.0,27.89
BL01,2026-09-13 12:00:00+00:00,-8.275,115.575,0.0,0.37,0.0,27.84
BL01,2026-09-14 12:00:00+00:00,-8.275,115.575,0.0,0.34,0.0,27.81
BL01,2026-09-15 12:00:00+00:00,-8.275,115.575,0.0,0.2,0.0,27.67
BL01,2026-09-16 12:00:00+00:00,-8.275,115.575,0.0,0.12,0.0,27.61
BL01,2026-09-17 12:00:00+00:00,-8.275,115.575,0.0,0.12,0.0,27.64
BL01,2026-09-18 12:00:00+00:00,-8.275,115.575,0.0,0.25,0.0,27.79
BL01,2026-09-19 12:00:00+00:00,-8.275,115.575,0.0,0.24,0.0,27.81
BL01,2026-09-20 12:00:00+00:00,-8.275,115.575,0.0,0.3,0.0,27.89
BL01,2026-09-21 12:00:00+00:00,-8.275,115.575,0.0,0.4,0.0,28.01
BL01,2026-09-22 12:00:00+00:00,-8.275,115.575,0.0,0.38,0.0,28.02
BL01,2026-09-23 12:00:00+00:00,-8.275,115.575,0.0,0.55,0.0,28.21
BL01,2026-09-24 12:00:00+00:00,-8.275,115.575,0.0,0.39,0.0,28.08
BL01,2026-09-25 12:00:00+00:00,-8.275,115.575,0.0,0.37,0.0,28.08
BL01,2026-09-26 12:00:00+00:00,-8.275,115.575,0.0,0.33,0.0,28.06
BL01,2026-09-27 12:00:00+00:00,-8.275,115.575,0.0,0.33,0.0,28.09
BL01,2026-09-28 12:00:00+00:00,-8.275,115.575,0.0,0.22,0.0,28.0
BL01,2026-09-29 12:00:00+00:00,-8.275,115.575,0.0,0.2,0.0,28.01
BL01,2026-09-30 12:00:00+00:00,-8.275,115.575,0.0,0.19,0.0,28.02
BL01,2026-10-01 12:00:00+00:00,-8.275,115.575,0.0,0.25,0.0,28.1
BL01,2026-10-02 12:00:00+00:00,-8.275,115.575,0.0,0.3,0.0,28.18
BL01,2026-10-03 12:00:00+00:00,-8.275,115.575,0.0,0.22,0.0,28.12
BL02,2026-04-06 12:00:00+00:00,-8.325,115.675,0.0,0.73,1.0,29.65
BL02,2026-04-07 12:00:00+00:00,-8.325,115.675,0.0,0.8300000000000001,1.0,29.77
BL02,2026-04-08 12:00:00+00:00,-8.325,115.675,0.0,0.78,1.0,29.74
BL02,2026-04-09 12:00:00+00:00,-8.325,115.675,0.0,0.76,1.0,29.74
BL02,2026-04-10 12:00:00+00:00,-8.325,115.675,0.0,0.97,1.0,29.96
BL02,2026-04-11 12:00:00+00:00,-8.325,115.675,0.17,1.25,2.0,30.26
BL02,2026-04-12 12:00:00+00:00,-8.325,115.675,0.33,1.16,2.0,30.19
BL02,2026-04-13 12:00:00+00:00,-8.325,115.675,0.47,1.06,2.0,30.11
BL02,2026-04-14 12:00:00+00:00,-8.325,115.675,0.64,1.17,2.0,30.23
BL02,2026-04-15 12:00:00+00:00,-8.325,115.675,0.79,1.06,2.0,30.14
BL02,2026-04-16 12:00:00+00:00,-8.325,115.675,0.79,0.98,1.0,30.06
BL02,2026-04-17 12:00:00+00:00,-8.325,115.675,0.93,1.01,2.0,30.08
BL02,2026-04-18 12:00:00+00:00,-8.325,115.675,1.09,1.13,2.0,30.2
BL02,2026-04-19 12:00:00+00:00,-8.325,115.675,1.09,0.99,1.0,30.05
BL02,2026-04-20 12:00:00+00:00,-8.325,115.675,1.25,1.13,2.0,30.19
BL02,2026-04-21 12:00:00+00:00,-8.325,115.675,1.25,0.94,1.0,29.99
BL02,2026-04-22 12:00:00+00:00,-8.325,115.675,1.25,0.98,1.0,30.03
BL02,2026-04-23 12:00:00+00:00,-8.325,115.675,1.41,1.13,2.0,30.18
BL02,2026-04-24 12:00:00+00:00,-8.325,115.675,1.57,1.17,2.0,30.21
BL02,2026-04-26 12:00:00+00:00,-8.325,115.675,1.72,0.8200000000000001,1.0,29.85
BL02,2026-04-27 12:00:00+00:00,-8.325,115.675,1.72,0.96,1.0,29.99
BL02,2026-04-28 12:00:00+00:00,-8.325,115.675,1.91,1.33,2.0,30.35
BL02,2026-04-29 12:00:00+00:00,-8.325,115.675,2.07,1.19,2.0,30.21
BL02,2026-04-30 12:00:00+00:00,-8.325,115.675,2.21,1.07,2.0,30.08
BL02,2026-05-01 12:00:00+00:00,-8.325,115.675,2.37,1.17,2.0,30.18
BL02,2026-05-02 12:00:00+00:00,-8.325,115.675,2.52,1.16,2.0,30.17
BL02,2026-05-03 12:00:00+00:00,-8.325,115.675,2.52,1.0,1.0,30.0
BL02,2026-05-04 12:00:00+00:00,-8.325,115.675,2.67,1.1,2.0,30.1
BL02,2026-05-05 12:00:00+00:00,-8.325,115.675,2.81,1.11,2.0,30.1
BL02,2026-05-06 12:00:00+00:00,-8.325,115.675,2.81,1.07,1.0,30.06
BL02,2026-05-07 12:00:00+00:00,-8.325,115.675,2.96,1.15,2.0,30.13
BL02,2026-05-08 12:00:00+00:00,-8.325,115.675,2.96,1.08,1.0,30.06
BL02,2026-05-09 12:00:00+00:00,-8.325,115.675,3.11,1.11,2.0,30.09
BL02,2026-05-10 12:00:00+00:00,-8.325,115.675,3.26,1.17,2.0,30.14
BL02,2026-05-11 12:00:00+00:00,-8.325,115.675,3.41,1.17,2.0,30.14
BL02,2026-05-12 12:00:00+00:00,-8.325,115.675,3.56,1.13,2.0,30.09
BL02,2026-05-13 12:00:00+00:00,-8.325,115.675,3.56,1.11,1.0,30.07
BL02,2026-05-14 12:00:00+00:00,-8.325,115.675,3.56,1.04,1.0,29.99
BL02,2026-05-15 12:00:00+00:00,-8.325,115.675,3.71,1.24,2.0,30.19
BL02,2026-05-16 12:00:00+00:00,-8.325,115.675,3.87,1.21,2.0,30.14
BL02,2026-05-17 12:00:00+00:00,-8.325,115.675,3.87,1.15,1.0,30.06
BL02,2026-05-18 12:00:00+00:00,-8.325,115.675,4.01,1.21,3.0,30.1
BL02,2026-05-19 12:00:00+00:00,-8.325,115.675,4.18,1.36,3.0,30.24
BL02,2026-05-20 12:00:00+00:00,-8.325,115.675,4.32,1.24,3.0,30.1
BL02,2026-05-21 12:00:00+00:00,-8.325,115.675,4.47,1.29,3.0,30.13
BL02,2026-05-22 12:00:00+00:00,-8.325,115.675,4.47,1.19,1.0,30.01
BL02,2026-05-23 12:00:00+00:00,-8.325,115.675,4.47,0.98,1.0,29.78
BL02,2026-05-24 12:00:00+00:00,-8.325,115.675,4.47,0.92,1.0,29.7
BL02,2026-05-25 12:00:00+00:00,-8.325,115.675,4.47,0.8300000000000001,1.0,29.6
BL02,2026-05-26 12:00:00+00:00,-8.325,115.675,4.47,0.7000000000000001,1.0,29.45
BL02,2026-05-27 12:00:00+00:00,-8.325,115.675,4.47,0.56,1.0,29.29
BL02,2026-05-28 12:00:00+00:00,-8.325,115.675,4.47,0.76,1.0,29.47
BL02,2026-05-29 12:00:00+00:00,-8.325,115.675,4.47,0.67,1.0,29.36
BL02,2026-05-30 12:00:00+00:00,-8.325,115.675,4.47,0.17,0.0,28.84
BL02,2026-05-31 12:00:00+00:00,-8.325,115.675,4.47,0.37,0.0,29.03
BL02,2026-06-01 12:00:00+00:00,-8.325,115.675,4.47,0.03,0.0,28.67
BL02,2026-06-02 12:00:00+00:00,-8.325,115.675,4.47,0.35,0.0,28.97
BL02,2026-06-03 12:00:00+00:00,-8.325,115.675,4.47,0.53,1.0,29.13
BL02,2026-06-04 12:00:00+00:00,-8.325,115.675,4.47,0.42,0.0,29.0
BL02,2026-06-05 12:00:00+00:00,-8.325,115.675,4.47,0.56,1.0,29.12
BL02,2026-06-06 12:00:00+00:00,-8.325,115.675,4.47,0.54,1.0,29.09
BL02,2026-06-07 12:00:00+00:00,-8.325,115.675,4.47,0.5700000000000001,1.0,29.1
BL02,2026-06-08 12:00:00+00:00,-8.325,115.675,4.47,0.51,0.0,29.02
BL02,2026-06-09 12:00:00+00:00,-8.325,115.675,4.47,0.51,0.0,29.0
BL02,2026-06-10 12:00:00+00:00,-8.325,115.675,4.47,0.62,1.0,29.09
BL02,2026-06-11 12:00:00+00:00,-8.325,115.675,4.47,0.64,1.0,29.09
BL02,2026-06-12 12:00:00+00:00,-8.325,115.675,4.47,0.8,1.0,29.24
BL02,2026-06-13 12:00:00+00:00,-8.325,115.675,4.47,0.67,1.0,29.09
BL02,2026-06-14 12:00:00+00:00,-8.325,115.675,4.47,0.65,0.0,29.05
BL02,2026-06-15 12:00:00+00:00,-8.325,115.675,4.47,0.47,0.0,28.85
BL02,2026-06-16 12:00:00+00:00,-8.325,115.675,4.47,0.42,0.0,28.78
BL02,2026-06-17 12:00:00+00:00,-8.325,115.675,4.47,0.44,0.0,28.77
BL02,2026-06-18 12:00:00+00:00,-8.325,115.675,4.47,0.42,0.0,28.73
BL02,2026-06-19 12:00:00+00:00,-8.325,115.675,4.47,0.32,0.0,28.61
BL02,2026-06-20 12:00:00+00:00,-8.325,115.675,4.47,0.37,0.0,28.63
BL02,2026-06-21 12:00:00+00:00,-8.325,115.675,4.47,0.53,0.0,28.77
BL02,2026-06-22 12:00:00+00:00,-8.325,115.675,4.47,0.73,0.0,28.94
BL02,2026-06-23 12:00:00+00:00,-8.325,115.675,4.47,0.67,0.0,28.86
BL02,2026-06-24 12:00:00+00:00,-8.325,115.675,4.47,0.74,0.0,28.91
BL02,2026-06-25 12:00:00+00:00,-8.325,115.675,4.47,0.65,0.0,28.79
BL02,2026-06-26 12:00:00+00:00,-8.325,115.675,4.47,0.75,0.0,28.87
BL02,2026-06-27 12:00:00+00:00,-8.325,115.675,4.47,0.81,0.0,28.91
BL02,2026-06-28 12:00:00+00:00,-8.325,115.675,4.47,0.73,0.0,28.8
BL02,2026-06-29 12:00:00+00:00,-8.325,115.675,4.47,0.8300000000000001,0.0,28.88
BL02,2026-06-30 12:00:00+00:00,-8.325,115.675,4.47,0.8,0.0,28.82
BL02,2026-07-01 12:00:00+00:00,-8.325,115.675,4.47,0.51,0.0,28.51
BL02,2026-07-02 12:00:00+00:00,-8.325,115.675,4.47,0.38,0.0,28.36
BL02,2026-07-03 12:00:00+00:00,-8.325,115.675,4.47,0.5,0.0,28.45
BL02,2026-07-04 12:00:00+00:00,-8.325,115.675,4.3,0.45,0.0,28.38
BL02,2026-07-05 12:00:00+00:00,-8.325,115.675,4.15,0.5700000000000001,0.0,28.48
BL02,2026-07-06 12:00:00+00:00,-8.325,115.675,4.0,0.47,0.0,28.35
BL02,2026-07-07 12:00:00+00:00,-8.325,115.675,3.83,0.48,0.0,28.34
BL02,2026-07-08 12:00:00+00:00,-8.325,115.675,3.68,0.41,0.0,28.25
BL02,2026-07-09 12:00:00+00:00,-8.325,115.675,3.68,0.34,0.0,28.15
BL02,2026-07-10 12:00:00+00:00,-8.325,115.675,3.54,0.36,0.0,28.15
BL02,2026-07-11 12:00:00+00:00,-8.325,115.675,3.38,0.36,0.0,28.12
BL02,2026-07-12 12:00:00+00:00,-8.325,115.675,3.38,0.51,0.0,28.25
BL02,2026-07-13 12:00:00+00:00,-8.325,115.675,3.22,0.49,0.0,28.21
BL02,2026-07-14 12:00:00+00:00,-8.325,115.675,3.22,0.48,0.0,28.17
BL02,2026-07-15 12:00:00+00:00,-8.325,115.675,3.22,0.62,0.0,28.29
BL02,2026-07-16 12:00:00+00:00,-8.325,115.675,3.06,0.67,0.0,28.33
BL02,2026-07-17 12:00:00+00:00,-8.325,115.675,2.9,0.56,0.0,28.21
BL02,2026-07-18 12:00:00+00:00,-8.325,115.675,2.75,0.58,0.0,28.22
BL02,2026-07-19 12:00:00+00:00,-8.325,115.675,2.75,0.59,0.0,28.21
BL02,2026-07-20 12:00:00+00:00,-8.325,115.675,2.75,0.5,0.0,28.11
BL02,2026-07-21 12:00:00+00:00,-8.325,115.675,2.57,0.44,0.0,28.04
BL02,2026-07-22 12:00:00+00:00,-8.325,115.675,2.41,0.24,0.0,27.83
BL02,2026-07-23 12:00:00+00:00,-8.325,115.675,2.26,0.26,0.0,27.84
BL02,2026-07-24 12:00:00+00:00,-8.325,115.675,2.11,0.16,0.0,27.73
BL02,2026-07-25 12:00:00+00:00,-8.325,115.675,1.95,0.29,0.0,27.85
BL02,2026-07-26 12:00:00+00:00,-8.325,115.675,1.95,0.44,0.0,27.99
BL02,2026-07-27 12:00:00+00:00,-8.325,115.675,1.8,0.4,0.0,27.93
BL02,2026-07-28 12:00:00+00:00,-8.325,115.675,1.66,0.37,0.0,27.89
BL02,2026-07-29 12:00:00+00:00,-8.325,115.675,1.66,0.33,0.0,27.84
BL02,2026-07-30 12:00:00+00:00,-8.325,115.675,1.51,0.32,0.0,27.82
BL02,2026-07-31 12:00:00+00:00,-8.325,115.675,1.51,0.3,0.0,27.79
BL02,2026-08-01 12:00:00+00:00,-8.325,115.675,1.36,0.28,0.0,27.76
BL02,2026-08-02 12:00:00+00:00,-8.325,115.675,1.21,0.3,0.0,27.77
BL02,2026-08-03 12:00:00+00:00,-8.325,115.675,1.06,0.28,0.0,27.74
BL02,2026-08-04 12:00:00+00:00,-8.325,115.675,0.92,0.46,0.0,27.9
BL02,2026-08-05 12:00:00+00:00,-8.325,115.675,0.92,0.41,0.0,27.84
BL02,2026-08-06 12:00:00+00:00,-8.325,115.675,0.92,0.3,0.0,27.72
BL02,2026-08-07 12:00:00+00:00,-8.325,115.675,0.76,0.07,0.0,27.48
BL02,2026-08-08 12:00:00+00:00,-8.325,115.675,0.61,0.18,0.0,27.58
BL02,2026-08-09 12:00:00+00:00,-8.325,115.675,0.61,0.18,0.0,27.57
BL02,2026-08-10 12:00:00+00:00,-8.325,115.675,0.46,0.3,0.0,27.68
BL02,2026-08-11 12:00:00+00:00,-8.325,115.675,0.3,0.32,0.0,27.69
BL02,2026-08-12 12:00:00+00:00,-8.325,115.675,0.15,0.47,0.0,27.82
BL02,2026-08-13 12:00:00+00:00,-8.325,115.675,0.0,0.41,0.0,27.75
BL02,2026-08-14 12:00:00+00:00,-8.325,115.675,0.0,0.45,0.0,27.78
BL02,2026-08-15 12:00:00+00:00,-8.325,115.675,0.0,0.54,0.0,27.86
BL02,2026-08-16 12:00:00+00:00,-8.325,115.675,0.0,0.58,0.0,27.9
BL02,2026-08-17 12:00:00+00:00,-8.325,115.675,0.0,0.6900000000000001,0.0,28.01
BL02,2026-08-18 12:00:00+00:00,-8.325,115.675,0.0,0.38,0.0,27.7
BL02,2026-08-19 12:00:00+00:00,-8.325,115.675,0.0,0.44,0.0,27.76
BL02,2026-08-20 12:00:00+00:00,-8.325,115.675,0.0,0.32,0.0,27.64
BL02,2026-08-21 12:00:00+00:00,-8.325,115.675,0.0,0.42,0.0,27.75
BL02,2026-08-22 12:00:00+00:00,-8.325,115.675,0.0,0.51,0.0,27.84
BL02,2026-08-23 12:00:00+00:00,-8.325,115.675,0.0,0.52,0.0,27.85
BL02,2026-08-24 12:00:00+00:00,-8.325,115.675,0.0,0.53,0.0,27.86
BL02,2026-08-25 12:00:00+00:00,-8.325,115.675,0.0,0.28,0.0,27.61
BL02,2026-08-26 12:00:00+00:00,-8.325,115.675,0.0,0.46,0.0,27.79
BL02,2026-08-27 12:00:00+00:00,-8.325,115.675,0.0,0.21,0.0,27.54
BL02,2026-08-28 12:00:00+00:00,-8.325,115.675,0.0,0.06,0.0,27.39
BL02,2026-08-29 12:00:00+00:00,-8.325,115.675,0.0,0.08,0.0,27.41
BL02,2026-08-30 12:00:00+00:00,-8.325,115.675,0.0,0.27,0.0,27.6
BL02,2026-08-31 12:00:00+00:00,-8.325,115.675,0.0,0.47,0.0,27.81
BL02,2026-09-01 12:00:00+00:00,-8.325,115.675,0.0,0.34,0.0,27.68
BL02,2026-09-02 12:00:00+00:00,-8.325,115.675,0.0,0.19,0.0,27.53
BL02,2026-09-03 12:00:00+00:00,-8.325,115.675,0.0,0.04,0.0,27.38
BL02,2026-09-04 12:00:00+00:00,-8.325,115.675,0.0,0.07,0.0,27.41
BL02,2026-09-05 12:00:00+00:00,-8.325,115.675,0.0,-0.08,0.0,27.26
BL02,2026-09-06 12:00:00+00:00,-8.325,115.675,0.0,-0.06,0.0,27.28
BL02,2026-09-07 12:00:00+00:00,-8.325,115.675,0.0,-0.09,0.0,27.25
BL02,2026-09-08 12:00:00+00:00,-8.325,115.675,0.0,-0.06,0.0,27.28
BL02,2026-09-09 12:00:00+00:00,-8.325,115.675,0.0,0.0,0.0,27.34
BL02,2026-09-10 12:00:00+00:00,-8.325,115.675,0.0,0.21,0.0,27.56
BL02,2026-09-11 12:00:00+00:00,-8.325,115.675,0.0,0.28,0.0,27.63
BL02,2026-09-12 12:00:00+00:00,-8.325,115.675,0.0,0.52,0.0,27.87
BL02,2026-09-13 12:00:00+00:00,-8.325,115.675,0.0,0.41,0.0,27.76
BL02,2026-09-14 12:00:00+00:00,-8.325,115.675,0.0,0.32,0.0,27.67
BL02,2026-09-15 12:00:00+00:00,-8.325,115.675,0.0,0.2,0.0,27.55
BL02,2026-09-16 12:00:00+00:00,-8.325,115.675,0.0,0.22,0.0,27.59
BL02,2026-09-17 12:00:00+00:00,-8.325,115.675,0.0,0.28,0.0,27.68
BL02,2026-09-18 12:00:00+00:00,-8.325,115.675,0.0,0.34,0.0,27.76
BL02,2026-09-19 12:00:00+00:00,-8.325,115.675,0.0,0.34,0.0,27.78
BL02,2026-09-20 12:00:00+00:00,-8.325,115.675,0.0,0.39,0.0,27.86
BL02,2026-09-21 12:00:00+00:00,-8.325,115.675,0.0,0.48,0.0,27.97
BL02,2026-09-22 12:00:00+00:00,-8.325,115.675,0.0,0.46,0.0,27.98
BL02,2026-09-23 12:00:00+00:00,-8.325,115.675,0.0,0.62,0.0,28.16
BL02,2026-09-24 12:00:00+00:00,-8.325,115.675,0.0,0.52,0.0,28.08
BL02,2026-09-25 12:00:00+00:00,-8.325,115.675,0.0,0.5,0.0,28.09
BL02,2026-09-26 12:00:00+00:00,-8.325,115.675,0.0,0.46,0.0,28.07
BL02,2026-09-27 12:00:00+00:00,-8.325,115.675,0.0,0.52,0.0,28.15
BL02,2026-09-28 12:00:00+00:00,-8.325,115.675,0.0,0.36,0.0,28.02
BL02,2026-09-29 12:00:00+00:00,-8.325,115.675,0.0,0.34,0.0,28.02
BL02,2026-09-30 12:00:00+00:00,-8.325,115.675,0.0,0.26,0.0,27.96
BL02,2026-10-01 12:00:00+00:00,-8.325,115.675,0.0,0.28,0.0,28.01
BL02,2026-10-02 12:00:00+00:00,-8.325,115.675,0.0,0.3,0.0,28.05
BL02,2026-10-03 12:00:00+00:00,-8.325,115.675,0.0,0.27,0.0,28.05
BL05,2026-04-06 12:00:00+00:00,-8.125,114.675,0.0,0.98,1.0,29.87
BL05,2026-04-07 12:00:00+00:00,-8.125,114.675,0.15,1.21,2.0,30.12
BL05,2026-04-08 12:00:00+00:00,-8.125,114.675,0.15,1.07,1.0,29.99
BL05,2026-04-09 12:00:00+00:00,-8.125,114.675,0.15,1.08,1.0,30.01
BL05,2026-04-10 12:00:00+00:00,-8.125,114.675,0.15,1.02,1.0,29.97
BL05,2026-04-11 12:00:00+00:00,-8.125,114.675,0.33,1.36,2.0,30.32
BL05,2026-04-12 12:00:00+00:00,-8.125,114.675,0.52,1.43,2.0,30.41
BL05,2026-04-13 12:00:00+00:00,-8.125,114.675,0.6900000000000001,1.28,2.0,30.27
BL05,2026-04-14 12:00:00+00:00,-8.125,114.675,0.8300000000000001,1.11,2.0,30.12
BL05,2026-04-15 12:00:00+00:00,-8.125,114.675,0.99,1.14,2.0,30.16
BL05,2026-04-16 12:00:00+00:00,-8.125,114.675,0.99,1.05,1.0,30.07
BL05,2026-04-17 12:00:00+00:00,-8.125,114.675,1.16,1.29,2.0,30.31
BL05,2026-04-18 12:00:00+00:00,-8.125,114.675,1.34,1.27,2.0,30.28
BL05,2026-04-19 12:00:00+00:00,-8.125,114.675,1.5,1.25,2.0,30.26
BL05,2026-04-20 12:00:00+00:00,-8.125,114.675,1.66,1.17,2.0,30.18
BL05,2026-04-21 12:00:00+00:00,-8.125,114.675,1.66,0.94,1.0,29.95
BL05,2026-04-22 12:00:00+00:00,-8.125,114.675,1.66,0.91,1.0,29.92
BL05,2026-04-23 12:00:00+00:00,-8.125,114.675,1.66,0.9,1.0,29.9
BL05,2026-04-24 12:00:00+00:00,-8.125,114.675,1.82,1.18,2.0,30.18
BL05,2026-04-26 12:00:00+00:00,-8.125,114.675,1.97,0.92,1.0,29.92
BL05,2026-04-27 12:00:00+00:00,-8.125,114.675,1.97,0.91,1.0,29.91
BL05,2026-04-28 12:00:00+00:00,-8.125,114.675,2.12,1.13,2.0,30.12
BL05,2026-04-29 12:00:00+00:00,-8.125,114.675,2.29,1.25,2.0,30.24
BL05,2026-04-30 12:00:00+00:00,-8.125,114.675,2.29,1.04,1.0,30.03
BL05,2026-05-01 12:00:00+00:00,-8.125,114.675,2.43,1.09,2.0,30.08
BL05,2026-05-02 12:00:00+00:00,-8.125,114.675,2.61,1.34,2.0,30.33
BL05,2026-05-03 12:00:00+00:00,-8.125,114.675,2.76,1.13,2.0,30.11
BL05,2026-05-04 12:00:00+00:00,-8.125,114.675,2.92,1.23,2.0,30.21
BL05,2026-05-05 12:00:00+00:00,-8.125,114.675,3.09,1.27,2.0,30.25
BL05,2026-05-06 12:00:00+00:00,-8.125,114.675,3.26,1.33,2.0,30.31
BL05,2026-05-07 12:00:00+00:00,-8.125,114.675,3.44,1.34,2.0,30.32
BL05,2026-05-08 12:00:00+00:00,-8.125,114.675,3.44,1.03,1.0,30.0
BL05,2026-05-09 12:00:00+00:00,-8.125,114.675,3.44,1.08,1.0,30.05
BL05,2026-05-10 12:00:00+00:00,-8.125,114.675,3.6,1.27,2.0,30.24
BL05,2026-05-11 12:00:00+00:00,-8.125,114.675,3.77,1.27,2.0,30.24
BL05,2026-05-12 12:00:00+00:00,-8.125,114.675,3.95,1.39,2.0,30.36
BL05,2026-05-13 12:00:00+00:00,-8.125,114.675,4.13,1.33,3.0,30.29
BL05,2026-05-14 12:00:00+00:00,-8.125,114.675,4.29,1.29,3.0,30.25
BL05,2026-05-15 12:00:00+00:00,-8.125,114.675,4.29,1.11,1.0,30.07
BL05,2026-05-16 12:00:00+00:00,-8.125,114.675,4.45,1.26,3.0,30.2
BL05,2026-05-17 12:00:00+00:00,-8.125,114.675,4.45,1.06,1.0,29.99
BL05,2026-05-18 12:00:00+00:00,-8.125,114.675,4.61,1.28,3.0,30.19
BL05,2026-05-19 12:00:00+00:00,-8.125,114.675,4.61,0.98,1.0,29.88
BL05,2026-05-20 12:00:00+00:00,-8.125,114.675,4.61,1.18,1.0,30.06
BL05,2026-05-21 12:00:00+00:00,-8.125,114.675,4.75,1.21,3.0,30.08
BL05,2026-05-22 12:00:00+00:00,-8.125,114.675,4.75,1.0,1.0,29.85
BL05,2026-05-23 12:00:00+00:00,-8.125,114.675,4.94,1.58,3.0,30.41
BL05,2026-05-24 12:00:00+00:00,-8.125,114.675,5.13,1.55,3.0,30.37
BL05,2026-05-25 12:00:00+00:00,-8.125,114.675,5.13,1.25,1.0,30.05
BL05,2026-05-26 12:00:00+00:00,-8.125,114.675,5.13,1.28,1.0,30.07
BL05,2026-05-27 12:00:00+00:00,-8.125,114.675,5.13,1.13,1.0,29.9
BL05,2026-05-28 12:00:00+00:00,-8.125,114.675,5.13,1.25,1.0,30.0
BL05,2026-05-29 12:00:00+00:00,-8.125,114.675,5.13,1.15,1.0,29.89
BL05,2026-05-30 12:00:00+00:00,-8.125,114.675,5.13,1.19,1.0,29.91
BL05,2026-05-31 12:00:00+00:00,-8.125,114.675,5.13,0.97,1.0,29.68
BL05,2026-06-01 12:00:00+00:00,-8.125,114.675,5.13,0.88,1.0,29.57
BL05,2026-06-02 12:00:00+00:00,-8.125,114.675,5.13,0.89,1.0,29.57
BL05,2026-06-03 12:00:00+00:00,-8.125,114.675,5.13,0.84,1.0,29.5
BL05,2026-06-04 12:00:00+00:00,-8.125,114.675,5.13,0.78,1.0,29.42
BL05,2026-06-05 12:00:00+00:00,-8.125,114.675,5.13,0.8200000000000001,1.0,29.45
BL05,2026-06-06 12:00:00+00:00,-8.125,114.675,5.13,0.72,1.0,29.33
BL05,2026-06-07 12:00:00+00:00,-8.125,114.675,5.13,0.67,1.0,29.27
BL05,2026-06-08 12:00:00+00:00,-8.125,114.675,5.13,0.6,1.0,29.18
BL05,2026-06-09 12:00:00+00:00,-8.125,114.675,5.13,0.5700000000000001,1.0,29.13
BL05,2026-06-10 12:00:00+00:00,-8.125,114.675,5.13,0.53,0.0,29.08
BL05,2026-06-11 12:00:00+00:00,-8.125,114.675,5.13,0.63,1.0,29.16
BL05,2026-06-12 12:00:00+00:00,-8.125,114.675,5.13,0.55,0.0,29.07
BL05,2026-06-13 12:00:00+00:00,-8.125,114.675,5.13,0.43,0.0,28.93
BL05,2026-06-14 12:00:00+00:00,-8.125,114.675,5.13,0.61,1.0,29.1
BL05,2026-06-15 12:00:00+00:00,-8.125,114.675,5.13,0.61,0.0,29.08
BL05,2026-06-16 12:00:00+00:00,-8.125,114.675,5.13,0.47,0.0,28.92
BL05,2026-06-17 12:00:00+00:00,-8.125,114.675,5.13,0.5,0.0,28.92
BL05,2026-06-18 12:00:00+00:00,-8.125,114.675,5.13,0.51,0.0,28.91
BL05,2026-06-19 12:00:00+00:00,-8.125,114.675,5.13,0.45,0.0,28.83
BL05,2026-06-20 12:00:00+00:00,-8.125,114.675,5.13,0.47,0.0,28.83
BL05,2026-06-21 12:00:00+00:00,-8.125,114.675,5.13,0.47,0.0,28.8
BL05,2026-06-22 12:00:00+00:00,-8.125,114.675,5.13,0.48,0.0,28.79
BL05,2026-06-23 12:00:00+00:00,-8.125,114.675,5.13,0.58,0.0,28.87
BL05,2026-06-24 12:00:00+00:00,-8.125,114.675,5.13,0.47,0.0,28.74
BL05,2026-06-25 12:00:00+00:00,-8.125,114.675,5.13,0.48,0.0,28.72
BL05,2026-06-26 12:00:00+00:00,-8.125,114.675,5.13,0.6900000000000001,0.0,28.91
BL05,2026-06-27 12:00:00+00:00,-8.125,114.675,5.13,0.68,0.0,28.88
BL05,2026-06-28 12:00:00+00:00,-8.125,114.675,5.13,0.64,0.0,28.82
BL05,2026-06-29 12:00:00+00:00,-8.125,114.675,5.13,0.65,0.0,28.8
BL05,2026-06-30 12:00:00+00:00,-8.125,114.675,4.98,0.6,0.0,28.73
BL05,2026-07-01 12:00:00+00:00,-8.125,114.675,4.98,0.55,0.0,28.66
BL05,2026-07-02 12:00:00+00:00,-8.125,114.675,4.98,0.44,0.0,28.52
BL05,2026-07-03 12:00:00+00:00,-8.125,114.675,4.98,0.45,0.0,28.51
BL05,2026-07-04 12:00:00+00:00,-8.125,114.675,4.8,0.62,0.0,28.66
BL05,2026-07-05 12:00:00+00:00,-8.125,114.675,4.61,0.5700000000000001,0.0,28.59
BL05,2026-07-06 12:00:00+00:00,-8.125,114.675,4.44,0.58,0.0,28.57
BL05,2026-07-07 12:00:00+00:00,-8.125,114.675,4.29,0.6900000000000001,0.0,28.66
BL05,2026-07-08 12:00:00+00:00,-8.125,114.675,4.14,0.6,0.0,28.55
BL05,2026-07-09 12:00:00+00:00,-8.125,114.675,4.14,0.49,0.0,28.42
BL05,2026-07-10 12:00:00+00:00,-8.125,114.675,3.96,0.44,0.0,28.34
BL05,2026-07-11 12:00:00+00:00,-8.125,114.675,3.79,0.28,0.0,28.16
BL05,2026-07-12 12:00:00+00:00,-8.125,114.675,3.62,0.4,0.0,28.26
BL05,2026-07-13 12:00:00+00:00,-8.125,114.675,3.47,0.38,0.0,28.22
BL05,2026-07-14 12:00:00+00:00,-8.125,114.675,3.47,0.5700000000000001,0.0,28.38
BL05,2026-07-15 12:00:00+00:00,-8.125,114.675,3.47,0.5700000000000001,0.0,28.36
BL05,2026-07-16 12:00:00+00:00,-8.125,114.675,3.47,0.64,0.0,28.42
BL05,2026-07-17 12:00:00+00:00,-8.125,114.675,3.31,0.49,0.0,28.25
BL05,2026-07-18 12:00:00+00:00,-8.125,114.675,3.15,0.63,0.0,28.38
BL05,2026-07-19 12:00:00+00:00,-8.125,114.675,3.15,0.75,0.0,28.48
BL05,2026-07-20 12:00:00+00:00,-8.125,114.675,3.15,0.5,0.0,28.22
BL05,2026-07-21 12:00:00+00:00,-8.125,114.675,3.01,0.52,0.0,28.22
BL05,2026-07-22 12:00:00+00:00,-8.125,114.675,2.84,0.32,0.0,28.01
BL05,2026-07-23 12:00:00+00:00,-8.125,114.675,2.84,0.45,0.0,28.13
BL05,2026-07-24 12:00:00+00:00,-8.125,114.675,2.7,0.45,0.0,28.11
BL05,2026-07-25 12:00:00+00:00,-8.125,114.675,2.52,0.45,0.0,28.1
BL05,2026-07-26 12:00:00+00:00,-8.125,114.675,2.37,0.52,0.0,28.15
BL05,2026-07-27 12:00:00+00:00,-8.125,114.675,2.21,0.46,0.0,28.08
BL05,2026-07-28 12:00:00+00:00,-8.125,114.675,2.04,0.49,0.0,28.1
BL05,2026-07-29 12:00:00+00:00,-8.125,114.675,1.87,0.41,0.0,28.0
BL05,2026-07-30 12:00:00+00:00,-8.125,114.675,1.69,0.44,0.0,28.02
BL05,2026-07-31 12:00:00+00:00,-8.125,114.675,1.69,0.45,0.0,28.01
BL05,2026-08-01 12:00:00+00:00,-8.125,114.675,1.69,0.33,0.0,27.88
BL05,2026-08-02 12:00:00+00:00,-8.125,114.675,1.52,0.25,0.0,27.78
BL05,2026-08-03 12:00:00+00:00,-8.125,114.675,1.36,0.42,0.0,27.94
BL05,2026-08-04 12:00:00+00:00,-8.125,114.675,1.18,0.54,0.0,28.05
BL05,2026-08-05 12:00:00+00:00,-8.125,114.675,1.0,0.47,0.0,27.96
BL05,2026-08-06 12:00:00+00:00,-8.125,114.675,0.84,0.5,0.0,27.98
BL05,2026-08-07 12:00:00+00:00,-8.125,114.675,0.84,0.5700000000000001,0.0,28.03
BL05,2026-08-08 12:00:00+00:00,-8.125,114.675,0.68,0.6,0.0,28.05
BL05,2026-08-09 12:00:00+00:00,-8.125,114.675,0.68,0.53,0.0,27.97
BL05,2026-08-10 12:00:00+00:00,-8.125,114.675,0.52,0.52,0.0,27.94
BL05,2026-08-11 12:00:00+00:00,-8.125,114.675,0.52,0.51,0.0,27.92
BL05,2026-08-12 12:00:00+00:00,-8.125,114.675,0.52,0.58,0.0,27.97
BL05,2026-08-13 12:00:00+00:00,-8.125,114.675,0.37,0.53,0.0,27.91
BL05,2026-08-14 12:00:00+00:00,-8.125,114.675,0.37,0.65,0.0,28.01
BL05,2026-08-15 12:00:00+00:00,-8.125,114.675,0.18,0.41,0.0,27.76
BL05,2026-08-16 12:00:00+00:00,-8.125,114.675,0.0,0.66,0.0,28.01
BL05,2026-08-17 12:00:00+00:00,-8.125,114.675,0.0,0.5700000000000001,0.0,27.92
BL05,2026-08-18 12:00:00+00:00,-8.125,114.675,0.0,0.44,0.0,27.8
BL05,2026-08-19 12:00:00+00:00,-8.125,114.675,0.0,0.32,0.0,27.68
BL05,2026-08-20 12:00:00+00:00,-8.125,114.675,0.0,0.5,0.0,27.86
BL05,2026-08-21 12:00:00+00:00,-8.125,114.675,0.0,0.47,0.0,27.83
BL05,2026-08-22 12:00:00+00:00,-8.125,114.675,0.0,0.66,0.0,28.03
BL05,2026-08-23 12:00:00+00:00,-8.125,114.675,0.0,0.66,0.0,28.03
BL05,2026-08-24 12:00:00+00:00,-8.125,114.675,0.0,0.67,0.0,28.04
BL05,2026-08-25 12:00:00+00:00,-8.125,114.675,0.0,0.45,0.0,27.82
BL05,2026-08-26 12:00:00+00:00,-8.125,114.675,0.0,0.6,0.0,27.97
BL05,2026-08-27 12:00:00+00:00,-8.125,114.675,0.0,0.72,0.0,28.1
BL05,2026-08-28 12:00:00+00:00,-8.125,114.675,0.0,0.56,0.0,27.94
BL05,2026-08-29 12:00:00+00:00,-8.125,114.675,0.0,0.45,0.0,27.83
BL05,2026-08-30 12:00:00+00:00,-8.125,114.675,0.0,0.62,0.0,28.0
BL05,2026-08-31 12:00:00+00:00,-8.125,114.675,0.0,0.75,0.0,28.14
BL05,2026-09-01 12:00:00+00:00,-8.125,114.675,0.0,0.63,0.0,28.02
BL05,2026-09-02 12:00:00+00:00,-8.125,114.675,0.0,0.73,0.0,28.12
BL05,2026-09-03 12:00:00+00:00,-8.125,114.675,0.0,0.62,0.0,28.01
BL05,2026-09-04 12:00:00+00:00,-8.125,114.675,0.0,0.56,0.0,27.96
BL05,2026-09-05 12:00:00+00:00,-8.125,114.675,0.0,0.51,0.0,27.91
BL05,2026-09-06 12:00:00+00:00,-8.125,114.675,0.0,0.43,0.0,27.83
BL05,2026-09-07 12:00:00+00:00,-8.125,114.675,0.0,0.37,0.0,27.77
BL05,2026-09-08 12:00:00+00:00,-8.125,114.675,0.0,0.39,0.0,27.79
BL05,2026-09-09 12:00:00+00:00,-8.125,114.675,0.0,0.37,0.0,27.78
BL05,2026-09-10 12:00:00+00:00,-8.125,114.675,0.0,0.51,0.0,27.92
BL05,2026-09-11 12:00:00+00:00,-8.125,114.675,0.0,0.46,0.0,27.87
BL05,2026-09-12 12:00:00+00:00,-8.125,114.675,0.0,0.58,0.0,27.99
BL05,2026-09-13 12:00:00+00:00,-8.125,114.675,0.0,0.53,0.0,27.95
BL05,2026-09-14 12:00:00+00:00,-8.125,114.675,0.0,0.53,0.0,27.95
BL05,2026-09-15 12:00:00+00:00,-8.125,114.675,0.0,0.56,0.0,27.98
BL05,2026-09-16 12:00:00+00:00,-8.125,114.675,0.0,0.32,0.0,27.76
BL05,2026-09-17 12:00:00+00:00,-8.125,114.675,0.0,0.32,0.0,27.78
BL05,2026-09-18 12:00:00+00:00,-8.125,114.675,0.0,0.32,0.0,27.81
BL05,2026-09-19 12:00:00+00:00,-8.125,114.675,0.0,0.35,0.0,27.86
BL05,2026-09-20 12:00:00+00:00,-8.125,114.675,0.0,0.56,0.0,28.09
BL05,2026-09-21 12:00:00+00:00,-8.125,114.675,0.0,0.53,0.0,28.08
BL05,2026-09-22 12:00:00+00:00,-8.125,114.675,0.0,0.62,0.0,28.19
BL05,2026-09-23 12:00:00+00:00,-8.125,114.675,0.0,0.72,0.0,28.32
BL05,2026-09-24 12:00:00+00:00,-8.125,114.675,0.0,0.37,0.0,27.99
BL05,2026-09-25 12:00:00+00:00,-8.125,114.675,0.0,0.53,0.0,28.17
BL05,2026-09-26 12:00:00+00:00,-8.125,114.675,0.0,0.49,0.0,28.15
BL05,2026-09-27 12:00:00+00:00,-8.125,114.675,0.0,0.56,0.0,28.24
BL05,2026-09-28 12:00:00+00:00,-8.125,114.675,0.0,0.36,0.0,28.07
BL05,2026-09-29 12:00:00+00:00,-8.125,114.675,0.0,0.46,0.0,28.19
BL05,2026-09-30 12:00:00+00:00,-8.125,114.675,0.0,0.56,0.0,28.31
BL05,2026-10-01 12:00:00+00:00,-8.125,114.675,0.0,0.51,0.0,28.28
BL05,2026-10-02 12:00:00+00:00,-8.125,114.675,0.0,0.58,0.0,28.37
BL05,2026-10-03 12:00:00+00:00,-8.125,114.675,0.0,0.64,0.0,28.46
BL06,2026-04-06 12:00:00+00:00,-8.825,115.225,0.0,0.06,0.0,28.31
BL06,2026-04-07 12:00:00+00:00,-8.825,115.225,0.0,0.44,1.0,28.69
BL06,2026-04-08 12:00:00+00:00,-8.825,115.225,0.0,0.72,1.0,28.96
BL06,2026-04-09 12:00:00+00:00,-8.825,115.225,0.0,0.79,1.0,29.03
BL06,2026-04-10 12:00:00+00:00,-8.825,115.225,0.0,1.06,1.0,29.3
BL06,2026-04-11 12:00:00+00:00,-8.825,115.225,0.0,1.24,1.0,29.47
BL06,2026-04-12 12:00:00+00:00,-8.825,115.225,0.0,1.24,1.0,29.47
BL06,2026-04-13 12:00:00+00:00,-8.825,115.225,0.0,1.16,1.0,29.39
BL06,2026-04-14 12:00:00+00:00,-8.825,115.225,0.0,1.17,1.0,29.39
BL06,2026-04-15 12:00:00+00:00,-8.825,115.225,0.0,0.85,1.0,29.07
BL06,2026-04-16 12:00:00+00:00,-8.825,115.225,0.0,0.94,1.0,29.13
BL06,2026-04-17 12:00:00+00:00,-8.825,115.225,0.0,0.67,1.0,28.84
BL06,2026-04-18 12:00:00+00:00,-8.825,115.225,0.0,0.64,1.0,28.78
BL06,2026-04-19 12:00:00+00:00,-8.825,115.225,0.0,0.74,1.0,28.86
BL06,2026-04-20 12:00:00+00:00,-8.825,115.225,0.0,1.14,1.0,29.23
BL06,2026-04-21 12:00:00+00:00,-8.825,115.225,0.0,0.9,1.0,28.96
BL06,2026-04-22 12:00:00+00:00,-8.825,115.225,0.0,0.81,1.0,28.85
BL06,2026-04-23 12:00:00+00:00,-8.825,115.225,0.0,0.32,0.0,28.33
BL06,2026-04-24 12:00:00+00:00,-8.825,115.225,0.0,0.93,1.0,28.92
BL06,2026-04-26 12:00:00+00:00,-8.825,115.225,0.0,0.98,1.0,28.91
BL06,2026-04-27 12:00:00+00:00,-8.825,115.225,0.0,1.42,1.0,29.33
BL06,2026-04-28 12:00:00+00:00,-8.825,115.225,0.0,1.28,1.0,29.16
BL06,2026-04-29 12:00:00+00:00,-8.825,115.225,0.0,1.15,1.0,29.01
BL06,2026-04-30 12:00:00+00:00,-8.825,115.225,0.0,1.18,1.0,29.01
BL06,2026-05-01 12:00:00+00:00,-8.825,115.225,0.0,0.6900000000000001,0.0,28.49
BL06,2026-05-02 12:00:00+00:00,-8.825,115.225,0.0,0.87,1.0,28.65
BL06,2026-05-03 12:00:00+00:00,-8.825,115.225,0.0,0.99,1.0,28.74
BL06,2026-05-04 12:00:00+00:00,-8.825,115.225,0.0,0.92,1.0,28.65
BL06,2026-05-05 12:00:00+00:00,-8.825,115.225,0.0,0.81,0.0,28.51
BL06,2026-05-06 12:00:00+00:00,-8.825,115.225,0.0,0.6900000000000001,0.0,28.36
BL06,2026-05-07 12:00:00+00:00,-8.825,115.225,0.0,0.79,0.0,28.44
BL06,2026-05-08 12:00:00+00:00,-8.825,115.225,0.0,1.02,1.0,28.64
BL06,2026-05-09 12:00:00+00:00,-8.825,115.225,0.0,0.95,1.0,28.55
BL06,2026-05-10 12:00:00+00:00,-8.825,115.225,0.0,1.09,1.0,28.66
BL06,2026-05-11 12:00:00+00:00,-8.825,115.225,0.0,1.39,1.0,28.93
BL06,2026-05-12 12:00:00+00:00,-8.825,115.225,0.0,1.47,1.0,28.99
BL06,2026-05-13 12:00:00+00:00,-8.825,115.225,0.0,1.54,1.0,29.03
BL06,2026-05-14 12:00:00+00:00,-8.825,115.225,0.0,1.46,1.0,28.93
BL06,2026-05-15 12:00:00+00:00,-8.825,115.225,0.0,1.64,1.0,29.08
BL06,2026-05-16 12:00:00+00:00,-8.825,115.225,0.0,1.64,1.0,29.08
BL06,2026-05-17 12:00:00+00:00,-8.825,115.225,0.0,1.44,1.0,28.87
BL06,2026-05-18 12:00:00+00:00,-8.825,115.225,0.0,1.2,1.0,28.63
BL06,2026-05-19 12:00:00+00:00,-8.825,115.225,0.0,1.08,0.0,28.51
BL06,2026-05-20 12:00:00+00:00,-8.825,115.225,0.0,0.76,0.0,28.18
BL06,2026-05-21 12:00:00+00:00,-8.825,115.225,0.0,0.77,0.0,28.19
BL06,2026-05-22 12:00:00+00:00,-8.825,115.225,0.0,0.5,0.0,27.92
BL06,2026-05-23 12:00:00+00:00,-8.825,115.225,0.0,0.52,0.0,27.93
BL06,2026-05-24 12:00:00+00:00,-8.825,115.225,0.0,1.05,0.0,28.46
BL06,2026-05-25 12:00:00+00:00,-8.825,115.225,0.0,1.11,0.0,28.52
BL06,2026-05-26 12:00:00+00:00,-8.825,115.225,0.0,0.38,0.0,27.78
BL06,2026-05-27 12:00:00+00:00,-8.825,115.225,0.0,0.21,0.0,27.61
BL06,2026-05-28 12:00:00+00:00,-8.825,115.225,0.0,-0.05,0.0,27.35
BL06,2026-05-29 12:00:00+00:00,-8.825,115.225,0.0,0.49,0.0,27.88
BL06,2026-05-30 12:00:00+00:00,-8.825,115.225,0.0,0.41,0.0,27.8
BL06,2026-05-31 12:00:00+00:00,-8.825,115.225,0.0,0.74,0.0,28.13
BL06,2026-06-01 12:00:00+00:00,-8.825,115.225,0.0,0.76,0.0,28.15
BL06,2026-06-02 12:00:00+00:00,-8.825,115.225,0.0,0.6,0.0,27.98
BL06,2026-06-03 12:00:00+00:00,-8.825,115.225,0.0,0.87,0.0,28.25
BL06,2026-06-04 12:00:00+00:00,-8.825,115.225,0.0,0.78,0.0,28.16
BL06,2026-06-05 12:00:00+00:00,-8.825,115.225,0.0,0.87,0.0,28.24
BL06,2026-06-06 12:00:00+00:00,-8.825,115.225,0.0,0.59,0.0,27.96
BL06,2026-06-07 12:00:00+00:00,-8.825,115.225,0.0,0.44,0.0,27.81
BL06,2026-06-08 12:00:00+00:00,-8.825,115.225,0.0,0.7000000000000001,0.0,28.06
BL06,2026-06-09 12:00:00+00:00,-8.825,115.225,0.0,0.71,0.0,28.07
BL06,2026-06-10 12:00:00+00:00,-8.825,115.225,0.0,0.61,0.0,27.97
BL06,2026-06-11 12:00:00+00:00,-8.825,115.225,0.0,0.86,0.0,28.21
BL06,2026-06-12 12:00:00+00:00,-8.825,115.225,0.0,0.8300000000000001,0.0,28.18
BL06,2026-06-13 12:00:00+00:00,-8.825,115.225,0.0,0.8,0.0,28.15
BL06,2026-06-14 12:00:00+00:00,-8.825,115.225,0.0,0.68,0.0,28.02
BL06,2026-06-15 12:00:00+00:00,-8.825,115.225,0.0,0.77,0.0,28.11
BL06,2026-06-16 12:00:00+00:00,-8.825,115.225,0.0,0.56,0.0,27.87
BL06,2026-06-17 12:00:00+00:00,-8.825,115.225,0.0,0.58,0.0,27.86
BL06,2026-06-18 12:00:00+00:00,-8.825,115.225,0.0,0.38,0.0,27.62
BL06,2026-06-19 12:00:00+00:00,-8.825,115.225,0.0,0.61,0.0,27.82
BL06,2026-06-20 12:00:00+00:00,-8.825,115.225,0.0,0.3,0.0,27.48
BL06,2026-06-21 12:00:00+00:00,-8.825,115.225,0.0,0.45,0.0,27.6
BL06,2026-06-22 12:00:00+00:00,-8.825,115.225,0.0,0.6,0.0,27.71
BL06,2026-06-23 12:00:00+00:00,-8.825,115.225,0.0,0.7000000000000001,0.0,27.78
BL06,2026-06-24 12:00:00+00:00,-8.825,115.225,0.0,0.89,0.0,27.94
BL06,2026-06-25 12:00:00+00:00,-8.825,115.225,0.0,0.72,0.0,27.74
BL06,2026-06-26 12:00:00+00:00,-8.825,115.225,0.0,1.01,0.0,27.99
BL06,2026-06-27 12:00:00+00:00,-8.825,115.225,0.0,0.96,0.0,27.91
BL06,2026-06-28 12:00:00+00:00,-8.825,115.225,0.0,0.8200000000000001,0.0,27.74
BL06,2026-06-29 12:00:00+00:00,-8.825,115.225,0.0,0.46,0.0,27.35
BL06,2026-06-30 12:00:00+00:00,-8.825,115.225,0.0,0.55,0.0,27.4
BL06,2026-07-01 12:00:00+00:00,-8.825,115.225,0.0,0.25,0.0,27.07
BL06,2026-07-02 12:00:00+00:00,-8.825,115.225,0.0,0.26,0.0,27.05
BL06,2026-07-03 12:00:00+00:00,-8.825,115.225,0.0,0.33,0.0,27.09
BL06,2026-07-04 12:00:00+00:00,-8.825,115.225,0.0,0.2,0.0,26.93
BL06,2026-07-05 12:00:00+00:00,-8.825,115.225,0.0,0.33,0.0,27.02
BL06,2026-07-06 12:00:00+00:00,-8.825,115.225,0.0,0.5,0.0,27.16
BL06,2026-07-07 12:00:00+00:00,-8.825,115.225,0.0,0.8200000000000001,0.0,27.45
BL06,2026-07-08 12:00:00+00:00,-8.825,115.225,0.0,0.87,0.0,27.47
BL06,2026-07-09 12:00:00+00:00,-8.825,115.225,0.0,0.74,0.0,27.3
BL06,2026-07-10 12:00:00+00:00,-8.825,115.225,0.0,0.72,0.0,27.25
BL06,2026-07-11 12:00:00+00:00,-8.825,115.225,0.0,0.75,0.0,27.25
BL06,2026-07-12 12:00:00+00:00,-8.825,115.225,0.0,0.61,0.0,27.08
BL06,2026-07-13 12:00:00+00:00,-8.825,115.225,0.0,0.59,0.0,27.02
BL06,2026-07-14 12:00:00+00:00,-8.825,115.225,0.0,0.58,0.0,26.98
BL06,2026-07-15 12:00:00+00:00,-8.825,115.225,0.0,0.77,0.0,27.14
BL06,2026-07-16 12:00:00+00:00,-8.825,115.225,0.0,0.62,0.0,26.98
BL06,2026-07-17 12:00:00+00:00,-8.825,115.225,0.0,0.78,0.0,27.12
BL06,2026-07-18 12:00:00+00:00,-8.825,115.225,0.0,0.7000000000000001,0.0,27.03
BL06,2026-07-19 12:00:00+00:00,-8.825,115.225,0.0,0.3,0.0,26.61
BL06,2026-07-20 12:00:00+00:00,-8.825,115.225,0.0,0.52,0.0,26.82
BL06,2026-07-21 12:00:00+00:00,-8.825,115.225,0.0,0.23,0.0,26.51
BL06,2026-07-22 12:00:00+00:00,-8.825,115.225,0.0,0.31,0.0,26.58
BL06,2026-07-23 12:00:00+00:00,-8.825,115.225,0.0,0.52,0.0,26.77
BL06,2026-07-24 12:00:00+00:00,-8.825,115.225,0.0,0.66,0.0,26.9
BL06,2026-07-25 12:00:00+00:00,-8.825,115.225,0.0,0.54,0.0,26.76
BL06,2026-07-26 12:00:00+00:00,-8.825,115.225,0.0,0.68,0.0,26.89
BL06,2026-07-27 12:00:00+00:00,-8.825,115.225,0.0,0.72,0.0,26.91
BL06,2026-07-28 12:00:00+00:00,-8.825,115.225,0.0,0.63,0.0,26.81
BL06,2026-07-29 12:00:00+00:00,-8.825,115.225,0.0,0.48,0.0,26.64
BL06,2026-07-30 12:00:00+00:00,-8.825,115.225,0.0,0.5700000000000001,0.0,26.72
BL06,2026-07-31 12:00:00+00:00,-8.825,115.225,0.0,0.58,0.0,26.71
BL06,2026-08-01 12:00:00+00:00,-8.825,115.225,0.0,0.32,0.0,26.44
BL06,2026-08-02 12:00:00+00:00,-8.825,115.225,0.0,0.3,0.0,26.4
BL06,2026-08-03 12:00:00+00:00,-8.825,115.225,0.0,0.52,0.0,26.61
BL06,2026-08-04 12:00:00+00:00,-8.825,115.225,0.0,0.42,0.0,26.49
BL06,2026-08-05 12:00:00+00:00,-8.825,115.225,0.0,0.28,0.0,26.34
BL06,2026-08-06 12:00:00+00:00,-8.825,115.225,0.0,0.19,0.0,26.23
BL06,2026-08-07 12:00:00+00:00,-8.825,115.225,0.0,0.41,0.0,26.44
BL06,2026-08-08 12:00:00+00:00,-8.825,115.225,0.0,0.52,0.0,26.53
BL06,2026-08-09 12:00:00+00:00,-8.825,115.225,0.0,0.55,0.0,26.55
BL06,2026-08-10 12:00:00+00:00,-8.825,115.225,0.0,0.46,0.0,26.44
BL06,2026-08-11 12:00:00+00:00,-8.825,115.225,0.0,0.37,0.0,26.34
BL06,2026-08-12 12:00:00+00:00,-8.825,115.225,0.0,0.52,0.0,26.47
BL06,2026-08-13 12:00:00+00:00,-8.825,115.225,0.0,0.34,0.0,26.28
BL06,2026-08-14 12:00:00+00:00,-8.825,115.225,0.0,-0.1,0.0,25.82
BL06,2026-08-15 12:00:00+00:00,-8.825,115.225,0.0,-0.41,0.0,25.5
BL06,2026-08-16 12:00:00+00:00,-8.825,115.225,0.0,-1.19,0.0,24.72
BL06,2026-08-17 12:00:00+00:00,-8.825,115.225,0.0,-0.89,0.0,25.02
BL06,2026-08-18 12:00:00+00:00,-8.825,115.225,0.0,-0.05,0.0,25.85
BL06,2026-08-19 12:00:00+00:00,-8.825,115.225,0.0,-0.12,0.0,25.78
BL06,2026-08-20 12:00:00+00:00,-8.825,115.225,0.0,-0.36,0.0,25.54
BL06,2026-08-21 12:00:00+00:00,-8.825,115.225,0.0,0.13,0.0,26.03
BL06,2026-08-22 12:00:00+00:00,-8.825,115.225,0.0,0.51,0.0,26.41
BL06,2026-08-23 12:00:00+00:00,-8.825,115.225,0.0,0.65,0.0,26.54
BL06,2026-08-24 12:00:00+00:00,-8.825,115.225,0.0,0.84,0.0,26.73
BL06,2026-08-25 12:00:00+00:00,-8.825,115.225,0.0,0.94,0.0,26.83
BL06,2026-08-26 12:00:00+00:00,-8.825,115.225,0.0,1.02,0.0,26.91
BL06,2026-08-27 12:00:00+00:00,-8.825,115.225,0.0,1.01,0.0,26.9
BL06,2026-08-28 12:00:00+00:00,-8.825,115.225,0.0,0.77,0.0,26.65
BL06,2026-08-29 12:00:00+00:00,-8.825,115.225,0.0,0.51,0.0,26.39
BL06,2026-08-30 12:00:00+00:00,-8.825,115.225,0.0,0.41,0.0,26.29
BL06,2026-08-31 12:00:00+00:00,-8.825,115.225,0.0,0.49,0.0,26.37
BL06,2026-09-01 12:00:00+00:00,-8.825,115.225,0.0,0.62,0.0,26.5
BL06,2026-09-02 12:00:00+00:00,-8.825,115.225,0.0,0.59,0.0,26.47
BL06,2026-09-03 12:00:00+00:00,-8.825,115.225,0.0,0.34,0.0,26.21
BL06,2026-09-04 12:00:00+00:00,-8.825,115.225,0.0,0.48,0.0,26.35
BL06,2026-09-05 12:00:00+00:00,-8.825,115.225,0.0,0.75,0.0,26.62
BL06,2026-09-06 12:00:00+00:00,-8.825,115.225,0.0,0.61,0.0,26.48
BL06,2026-09-07 12:00:00+00:00,-8.825,115.225,0.0,0.47,0.0,26.34
BL06,2026-09-08 12:00:00+00:00,-8.825,115.225,0.0,0.51,0.0,26.37
BL06,2026-09-09 12:00:00+00:00,-8.825,115.225,0.0,0.43,0.0,26.29
BL06,2026-09-10 12:00:00+00:00,-8.825,115.225,0.0,0.68,0.0,26.54
BL06,2026-09-11 12:00:00+00:00,-8.825,115.225,0.0,0.71,0.0,26.57
BL06,2026-09-12 12:00:00+00:00,-8.825,115.225,0.0,0.48,0.0,26.34
BL06,2026-09-13 12:00:00+00:00,-8.825,115.225,0.0,0.59,0.0,26.44
BL06,2026-09-14 12:00:00+00:00,-8.825,115.225,0.0,0.39,0.0,26.24
BL06,2026-09-15 12:00:00+00:00,-8.825,115.225,0.0,0.4,0.0,26.25
BL06,2026-09-16 12:00:00+00:00,-8.825,115.225,0.0,0.4,0.0,26.28
BL06,2026-09-17 12:00:00+00:00,-8.825,115.225,0.0,0.27,0.0,26.17
BL06,2026-09-18 12:00:00+00:00,-8.825,115.225,0.0,0.6,0.0,26.53
BL06,2026-09-19 12:00:00+00:00,-8.825,115.225,0.0,0.66,0.0,26.61
BL06,2026-09-20 12:00:00+00:00,-8.825,115.225,0.0,0.75,0.0,26.73
BL06,2026-09-21 12:00:00+00:00,-8.825,115.225,0.0,0.72,0.0,26.72
BL06,2026-09-22 12:00:00+00:00,-8.825,115.225,0.0,0.76,0.0,26.79
BL06,2026-09-23 12:00:00+00:00,-8.825,115.225,0.0,0.85,0.0,26.9
BL06,2026-09-24 12:00:00+00:00,-8.825,115.225,0.0,0.89,0.0,26.97
BL06,2026-09-25 12:00:00+00:00,-8.825,115.225,0.0,0.66,0.0,26.76
BL06,2026-09-26 12:00:00+00:00,-8.825,115.225,0.0,0.63,0.0,26.76
BL06,2026-09-27 12:00:00+00:00,-8.825,115.225,0.0,0.47,0.0,26.62
BL06,2026-09-28 12:00:00+00:00,-8.825,115.225,0.0,0.37,0.0,26.55
BL06,2026-09-29 12:00:00+00:00,-8.825,115.225,0.0,0.09,0.0,26.29
BL06,2026-09-30 12:00:00+00:00,-8.825,115.225,0.0,-0.08,0.0,26.15
BL06,2026-10-01 12:00:00+00:00,-8.825,115.225,0.0,0.04,0.0,26.3
BL06,2026-10-02 12:00:00+00:00,-8.825,115.225,0.0,0.02,0.0,26.3
BL06,2026-10-03 12:00:00+00:00,-8.825,115.225,0.0,0.2,0.0,26.51
GL01,2026-04-06 12:00:00+00:00,7.525,134.625,0.0,0.53,0.0,28.85
GL01,2026-04-07 12:00:00+00:00,7.525,134.625,0.0,0.35,0.0,28.69
GL01,2026-04-08 12:00:00+00:00,7.525,134.625,0.0,0.71,0.0,29.07
GL01,2026-04-09 12:00:00+00:00,7.525,134.625,0.0,0.67,0.0,29.05
GL01,2026-04-10 12:00:00+00:00,7.525,134.625,0.0,0.75,0.0,29.15
GL01,2026-04-11 12:00:00+00:00,7.525,134.625,0.0,0.73,0.0,29.15
GL01,2026-04-12 12:00:00+00:00,7.525,134.625,0.0,0.77,0.0,29.21
GL01,2026-04-13 12:00:00+00:00,7.525,134.625,0.0,0.9,1.0,29.36
GL01,2026-04-14 12:00:00+00:00,7.525,134.625,0.0,0.7000000000000001,0.0,29.18
GL01,2026-04-15 12:00:00+00:00,7.525,134.625,0.0,0.52,0.0,29.02
GL01,2026-04-16 12:00:00+00:00,7.525,134.625,0.0,0.45,0.0,28.97
GL01,2026-04-17 12:00:00+00:00,7.525,134.625,0.0,0.51,0.0,29.06
GL01,2026-04-18 12:00:00+00:00,7.525,134.625,0.0,0.32,0.0,28.89
GL01,2026-04-19 12:00:00+00:00,7.525,134.625,0.0,0.46,0.0,29.05
GL01,2026-04-20 12:00:00+00:00,7.525,134.625,0.0,0.62,0.0,29.23
GL01,2026-04-21 12:00:00+00:00,7.525,134.625,0.0,0.58,0.0,29.22
GL01,2026-04-22 12:00:00+00:00,7.525,134.625,0.0,0.5700000000000001,0.0,29.23
GL01,2026-04-23 12:00:00+00:00,7.525,134.625,0.0,0.55,0.0,29.23
GL01,2026-04-24 12:00:00+00:00,7.525,134.625,0.0,0.44,0.0,29.15
GL01,2026-04-26 12:00:00+00:00,7.525,134.625,0.0,0.59,1.0,29.34
GL01,2026-04-27 12:00:00+00:00,7.525,134.625,0.0,0.59,1.0,29.37
GL01,2026-04-28 12:00:00+00:00,7.525,134.625,0.0,0.67,1.0,29.47
GL01,2026-04-29 12:00:00+00:00,7.525,134.625,0.0,0.48,1.0,29.3
GL01,2026-04-30 12:00:00+00:00,7.525,134.625,0.0,0.58,1.0,29.42
GL01,2026-05-01 12:00:00+00:00,7.525,134.625,0.0,0.52,1.0,29.39
GL01,2026-05-02 12:00:00+00:00,7.525,134.625,0.0,0.52,1.0,29.41
GL01,2026-05-03 12:00:00+00:00,7.525,134.625,0.0,0.8,1.0,29.71
GL01,2026-05-04 12:00:00+00:00,7.525,134.625,0.0,0.78,1.0,29.72
GL01,2026-05-05 12:00:00+00:00,7.525,134.625,0.0,0.74,1.0,29.7
GL01,2026-05-06 12:00:00+00:00,7.525,134.625,0.0,0.79,1.0,29.77
GL01,2026-05-07 12:00:00+00:00,7.525,134.625,0.0,1.02,1.0,30.03
GL01,2026-05-08 12:00:00+00:00,7.525,134.625,0.0,1.04,1.0,30.07
GL01,2026-05-09 12:00:00+00:00,7.525,134.625,0.0,1.02,1.0,30.07
GL01,2026-05-10 12:00:00+00:00,7.525,134.625,0.0,0.87,1.0,29.94
GL01,2026-05-11 12:00:00+00:00,7.525,134.625,0.0,0.87,1.0,29.97
GL01,2026-05-12 12:00:00+00:00,7.525,134.625,0.0,0.86,1.0,29.98
GL01,2026-05-13 12:00:00+00:00,7.525,134.625,0.0,1.1,1.0,30.24
GL01,2026-05-14 12:00:00+00:00,7.525,134.625,0.15,1.15,2.0,30.32
GL01,2026-05-15 12:00:00+00:00,7.525,134.625,0.33,1.33,2.0,30.52
GL01,2026-05-16 12:00:00+00:00,7.525,134.625,0.51,1.3,2.0,30.49
GL01,2026-05-17 12:00:00+00:00,7.525,134.625,0.66,1.07,2.0,30.26
GL01,2026-05-18 12:00:00+00:00,7.525,134.625,0.66,1.03,1.0,30.23
GL01,2026-05-19 12:00:00+00:00,7.525,134.625,0.8,1.06,2.0,30.26
GL01,2026-05-20 12:00:00+00:00,7.525,134.625,0.8,0.96,1.0,30.16
GL01,2026-05-21 12:00:00+00:00,7.525,134.625,0.8,0.97,1.0,30.17
GL01,2026-05-22 12:00:00+00:00,7.525,134.625,0.8,0.92,1.0,30.12
GL01,2026-05-23 12:00:00+00:00,7.525,134.625,0.8,0.81,1.0,30.02
GL01,2026-05-24 12:00:00+00:00,7.525,134.625,0.8,0.91,1.0,30.12
GL01,2026-05-25 12:00:00+00:00,7.525,134.625,0.8,0.47,1.0,29.68
GL01,2026-05-26 12:00:00+00:00,7.525,134.625,0.8,0.36,1.0,29.57
GL01,2026-05-27 12:00:00+00:00,7.525,134.625,0.8,0.4,1.0,29.61
GL01,2026-05-28 12:00:00+00:00,7.525,134.625,0.8,0.38,1.0,29.6
GL01,2026-05-29 12:00:00+00:00,7.525,134.625,0.8,0.45,1.0,29.67
GL01,2026-05-30 12:00:00+00:00,7.525,134.625,0.8,-0.2,0.0,29.02
GL01,2026-05-31 12:00:00+00:00,7.525,134.625,0.8,0.11,1.0,29.33
GL01,2026-06-01 12:00:00+00:00,7.525,134.625,0.8,0.08,1.0,29.3
GL01,2026-06-02 12:00:00+00:00,7.525,134.625,0.8,0.45,1.0,29.67
GL01,2026-06-03 12:00:00+00:00,7.525,134.625,0.8,0.61,1.0,29.84
GL01,2026-06-04 12:00:00+00:00,7.525,134.625,0.8,0.6900000000000001,1.0,29.92
GL01,2026-06-05 12:00:00+00:00,7.525,134.625,0.8,0.61,1.0,29.84
GL01,2026-06-06 12:00:00+00:00,7.525,134.625,0.8,0.59,1.0,29.82
GL01,2026-06-07 12:00:00+00:00,7.525,134.625,0.8,0.71,1.0,29.94
GL01,2026-06-08 12:00:00+00:00,7.525,134.625,0.8,0.8300000000000001,1.0,30.07
GL01,2026-06-09 12:00:00+00:00,7.525,134.625,0.8,0.63,1.0,29.87
GL01,2026-06-10 12:00:00+00:00,7.525,134.625,0.8,1.0,1.0,30.24
GL01,2026-06-11 12:00:00+00:00,7.525,134.625,0.94,1.01,2.0,30.25
GL01,2026-06-12 12:00:00+00:00,7.525,134.625,1.1,1.09,2.0,30.33
GL01,2026-06-13 12:00:00+00:00,7.525,134.625,1.1,0.95,1.0,30.2
GL01,2026-06-14 12:00:00+00:00,7.525,134.625,1.1,0.97,1.0,30.22
GL01,2026-06-15 12:00:00+00:00,7.525,134.625,1.1,0.97,1.0,30.22
GL01,2026-06-16 12:00:00+00:00,7.525,134.625,1.25,1.1,2.0,30.34
GL01,2026-06-17 12:00:00+00:00,7.525,134.625,1.43,1.28,2.0,30.51
GL01,2026-06-18 12:00:00+00:00,7.525,134.625,1.59,1.15,2.0,30.37
GL01,2026-06-19 12:00:00+00:00,7.525,134.625,1.74,1.1,2.0,30.3
GL01,2026-06-20 12:00:00+00:00,7.525,134.625,1.74,0.94,1.0,30.13
GL01,2026-06-21 12:00:00+00:00,7.525,134.625,1.74,0.68,1.0,29.86
GL01,2026-06-22 12:00:00+00:00,7.525,134.625,1.74,0.76,1.0,29.93
GL01,2026-06-23 12:00:00+00:00,7.525,134.625,1.74,0.8300000000000001,1.0,29.99
GL01,2026-06-24 12:00:00+00:00,7.525,134.625,1.74,0.8,1.0,29.95
GL01,2026-06-25 12:00:00+00:00,7.525,134.625,1.74,0.8200000000000001,1.0,29.95
GL01,2026-06-26 12:00:00+00:00,7.525,134.625,1.74,0.45,1.0,29.57
GL01,2026-06-27 12:00:00+00:00,7.525,134.625,1.74,0.62,1.0,29.73
GL01,2026-06-28 12:00:00+00:00,7.525,134.625,1.74,0.78,1.0,29.88
GL01,2026-06-29 12:00:00+00:00,7.525,134.625,1.74,0.54,1.0,29.63
GL01,2026-06-30 12:00:00+00:00,7.525,134.625,1.74,0.72,1.0,29.8
GL01,2026-07-01 12:00:00+00:00,7.525,134.625,1.74,0.89,1.0,29.95
GL01,2026-07-02 12:00:00+00:00,7.525,134.625,1.74,0.88,1.0,29.93
GL01,2026-07-03 12:00:00+00:00,7.525,134.625,1.74,1.0,1.0,30.04
GL01,2026-07-04 12:00:00+00:00,7.525,134.625,1.74,1.09,1.0,30.12
GL01,2026-07-05 12:00:00+00:00,7.525,134.625,1.74,1.09,1.0,30.11
GL01,2026-07-06 12:00:00+00:00,7.525,134.625,1.74,0.91,1.0,29.91
GL01,2026-07-07 12:00:00+00:00,7.525,134.625,1.74,0.48,1.0,29.47
GL01,2026-07-08 12:00:00+00:00,7.525,134.625,1.74,0.08,0.0,29.06
GL01,2026-07-09 12:00:00+00:00,7.525,134.625,1.74,0.42,1.0,29.39
GL01,2026-07-10 12:00:00+00:00,7.525,134.625,1.74,0.45,1.0,29.41
GL01,2026-07-11 12:00:00+00:00,7.525,134.625,1.74,0.45,1.0,29.4
GL01,2026-07-12 12:00:00+00:00,7.525,134.625,1.74,0.27,0.0,29.2
GL01,2026-07-13 12:00:00+00:00,7.525,134.625,1.74,0.38,1.0,29.3
GL01,2026-07-14 12:00:00+00:00,7.525,134.625,1.74,0.12,0.0,29.03
GL01,2026-07-15 12:00:00+00:00,7.525,134.625,1.74,0.15,0.0,29.05
GL01,2026-07-16 12:00:00+00:00,7.525,134.625,1.74,0.2,0.0,29.1
GL01,2026-07-17 12:00:00+00:00,7.525,134.625,1.74,0.23,0.0,29.12
GL01,2026-07-18 12:00:00+00:00,7.525,134.625,1.74,0.04,0.0,28.93
GL01,2026-07-19 12:00:00+00:00,7.525,134.625,1.74,-0.01,0.0,28.88
GL01,2026-07-20 12:00:00+00:00,7.525,134.625,1.74,-0.09,0.0,28.8
GL01,2026-07-21 12:00:00+00:00,7.525,134.625,1.74,0.01,0.0,28.89
GL01,2026-07-22 12:00:00+00:00,7.525,134.625,1.74,-0.02,0.0,28.86
GL01,2026-07-23 12:00:00+00:00,7.525,134.625,1.74,-0.13,0.0,28.75
GL01,2026-07-24 12:00:00+00:00,7.525,134.625,1.74,-0.11,0.0,28.76
GL01,2026-07-25 12:00:00+00:00,7.525,134.625,1.74,-0.08,0.0,28.79
GL01,2026-07-26 12:00:00+00:00,7.525,134.625,1.74,-0.12,0.0,28.75
GL01,2026-07-27 12:00:00+00:00,7.525,134.625,1.74,-0.08,0.0,28.79
GL01,2026-07-28 12:00:00+00:00,7.525,134.625,1.74,-0.11,0.0,28.75
GL01,2026-07-29 12:00:00+00:00,7.525,134.625,1.74,-0.18,0.0,28.68
GL01,2026-07-30 12:00:00+00:00,7.525,134.625,1.74,-0.21,0.0,28.65
GL01,2026-07-31 12:00:00+00:00,7.525,134.625,1.74,-0.21,0.0,28.64
GL01,2026-08-01 12:00:00+00:00,7.525,134.625,1.74,-0.16,0.0,28.69
GL01,2026-08-02 12:00:00+00:00,7.525,134.625,1.74,-0.17,0.0,28.68
GL01,2026-08-03 12:00:00+00:00,7.525,134.625,1.74,-0.21,0.0,28.63
GL01,2026-08-04 12:00:00+00:00,7.525,134.625,1.74,-0.18,0.0,28.66
GL01,2026-08-05 12:00:00+00:00,7.525,134.625,1.74,-0.16,0.0,28.68
GL01,2026-08-06 12:00:00+00:00,7.525,134.625,1.59,-0.25,0.0,28.59
GL01,2026-08-07 12:00:00+00:00,7.525,134.625,1.41,-0.1,0.0,28.73
GL01,2026-08-08 12:00:00+00:00,7.525,134.625,1.23,-0.32,0.0,28.51
GL01,2026-08-09 12:00:00+00:00,7.525,134.625,1.09,-0.18,0.0,28.65
GL01,2026-08-10 12:00:00+00:00,7.525,134.625,1.09,-0.14,0.0,28.68
GL01,2026-08-11 12:00:00+00:00,7.525,134.625,0.94,0.0,0.0,28.82
GL01,2026-08-12 12:00:00+00:00,7.525,134.625,0.94,-0.43,0.0,28.39
GL01,2026-08-13 12:00:00+00:00,7.525,134.625,0.94,0.34,0.0,29.16
GL01,2026-08-14 12:00:00+00:00,7.525,134.625,0.94,0.09,0.0,28.9
GL01,2026-08-15 12:00:00+00:00,7.525,134.625,0.94,0.27,0.0,29.08
GL01,2026-08-16 12:00:00+00:00,7.525,134.625,0.94,0.05,0.0,28.86
GL01,2026-08-17 12:00:00+00:00,7.525,134.625,0.94,0.22,0.0,29.03
GL01,2026-08-18 12:00:00+00:00,7.525,134.625,0.94,0.24,0.0,29.06
GL01,2026-08-19 12:00:00+00:00,7.525,134.625,0.94,0.21,0.0,29.03
GL01,2026-08-20 12:00:00+00:00,7.525,134.625,0.94,0.15,0.0,28.97
GL01,2026-08-21 12:00:00+00:00,7.525,134.625,0.94,-0.28,0.0,28.54
GL01,2026-08-22 12:00:00+00:00,7.525,134.625,0.94,0.1,0.0,28.92
GL01,2026-08-23 12:00:00+00:00,7.525,134.625,0.94,0.04,0.0,28.87
GL01,2026-08-24 12:00:00+00:00,7.525,134.625,0.94,-0.05,0.0,28.78
GL01,2026-08-25 12:00:00+00:00,7.525,134.625,0.94,-0.2,0.0,28.63
GL01,2026-08-26 12:00:00+00:00,7.525,134.625,0.94,-0.07,0.0,28.76
GL01,2026-08-27 12:00:00+00:00,7.525,134.625,0.94,0.05,0.0,28.88
GL01,2026-08-28 12:00:00+00:00,7.525,134.625,0.94,0.04,0.0,28.88
GL01,2026-08-29 12:00:00+00:00,7.525,134.625,0.94,0.02,0.0,28.86
GL01,2026-08-30 12:00:00+00:00,7.525,134.625,0.94,0.13,0.0,28.97
GL01,2026-08-31 12:00:00+00:00,7.525,134.625,0.94,0.11,0.0,28.95
GL01,2026-09-01 12:00:00+00:00,7.525,134.625,0.94,0.08,0.0,28.92
GL01,2026-09-02 12:00:00+00:00,7.525,134.625,0.94,0.53,1.0,29.37
GL01,2026-09-03 12:00:00+00:00,7.525,134.625,0.8,0.11,0.0,28.96
GL01,2026-09-04 12:00:00+00:00,7.525,134.625,0.65,0.0,0.0,28.85
GL01,2026-09-05 12:00:00+00:00,7.525,134.625,0.65,0.09,0.0,28.94
GL01,2026-09-06 12:00:00+00:00,7.525,134.625,0.65,0.4,0.0,29.25
GL01,2026-09-07 12:00:00+00:00,7.525,134.625,0.65,0.51,1.0,29.36
GL01,2026-09-08 12:00:00+00:00,7.525,134.625,0.49,-0.06,0.0,28.8
GL01,2026-09-09 12:00:00+00:00,7.525,134.625,0.31,0.37,0.0,29.23
GL01,2026-09-10 12:00:00+00:00,7.525,134.625,0.15,0.43,1.0,29.29
GL01,2026-09-11 12:00:00+00:00,7.525,134.625,0.0,0.65,1.0,29.51
GL01,2026-09-12 12:00:00+00:00,7.525,134.625,0.0,0.59,1.0,29.45
GL01,2026-09-13 12:00:00+00:00,7.525,134.625,0.0,0.54,1.0,29.41
GL01,2026-09-14 12:00:00+00:00,7.525,134.625,0.0,0.54,1.0,29.41
GL01,2026-09-15 12:00:00+00:00,7.525,134.625,0.0,0.31,0.0,29.18
GL01,2026-09-16 12:00:00+00:00,7.525,134.625,0.0,0.25,0.0,29.13
GL01,2026-09-17 12:00:00+00:00,7.525,134.625,0.0,0.08,0.0,28.96
GL01,2026-09-18 12:00:00+00:00,7.525,134.625,0.0,0.1,0.0,28.99
GL01,2026-09-19 12:00:00+00:00,7.525,134.625,0.0,-0.04,0.0,28.86
GL01,2026-09-20 12:00:00+00:00,7.525,134.625,0.0,-0.22,0.0,28.69
GL01,2026-09-21 12:00:00+00:00,7.525,134.625,0.0,-0.17,0.0,28.74
GL01,2026-09-22 12:00:00+00:00,7.525,134.625,0.0,-0.1,0.0,28.82
GL01,2026-09-23 12:00:00+00:00,7.525,134.625,0.0,-0.08,0.0,28.85
GL01,2026-09-24 12:00:00+00:00,7.525,134.625,0.0,-0.01,0.0,28.93
GL01,2026-09-25 12:00:00+00:00,7.525,134.625,0.0,0.08,0.0,29.02
GL01,2026-09-26 12:00:00+00:00,7.525,134.625,0.0,0.01,0.0,28.96
GL01,2026-09-27 12:00:00+00:00,7.525,134.625,0.0,0.04,0.0,29.0
GL01,2026-09-28 12:00:00+00:00,7.525,134.625,0.0,0.09,0.0,29.06
GL01,2026-09-29 12:00:00+00:00,7.525,134.625,0.0,0.17,0.0,29.14
GL01,2026-09-30 12:00:00+00:00,7.525,134.625,0.0,0.16,0.0,29.14
GL01,2026-10-01 12:00:00+00:00,7.525,134.625,0.0,0.07,0.0,29.06
GL01,2026-10-02 12:00:00+00:00,7.525,134.625,0.0,-0.07,0.0,28.92
GL01,2026-10-03 12:00:00+00:00,7.525,134.625,0.0,-0.17,0.0,28.83
GL02,2026-04-06 12:00:00+00:00,-0.275,130.525,0.0,0.93,1.0,29.65
GL02,2026-04-07 12:00:00+00:00,-0.275,130.525,0.0,0.66,1.0,29.39
GL02,2026-04-08 12:00:00+00:00,-0.275,130.525,0.0,0.88,1.0,29.62
GL02,2026-04-09 12:00:00+00:00,-0.275,130.525,0.0,0.88,1.0,29.64
GL02,2026-04-10 12:00:00+00:00,-0.275,130.525,0.0,0.9,1.0,29.67
GL02,2026-04-11 12:00:00+00:00,-0.275,130.525,0.0,0.8200000000000001,1.0,29.6
GL02,2026-04-12 12:00:00+00:00,-0.275,130.525,0.0,0.65,1.0,29.44
GL02,2026-04-13 12:00:00+00:00,-0.275,130.525,0.0,0.59,1.0,29.4
GL02,2026-04-14 12:00:00+00:00,-0.275,130.525,0.0,0.44,1.0,29.26
GL02,2026-04-15 12:00:00+00:00,-0.275,130.525,0.0,0.5,1.0,29.33
GL02,2026-04-16 12:00:00+00:00,-0.275,130.525,0.0,0.25,1.0,29.08
GL02,2026-04-17 12:00:00+00:00,-0.275,130.525,0.0,0.96,1.0,29.8
GL02,2026-04-18 12:00:00+00:00,-0.275,130.525,0.0,1.11,1.0,29.95
GL02,2026-04-19 12:00:00+00:00,-0.275,130.525,0.0,0.97,1.0,29.82
GL02,2026-04-20 12:00:00+00:00,-0.275,130.525,0.0,0.95,1.0,29.8
GL02,2026-04-21 12:00:00+00:00,-0.275,130.525,0.0,1.02,1.0,29.88
GL02,2026-04-22 12:00:00+00:00,-0.275,130.525,0.0,0.78,1.0,29.64
GL02,2026-04-23 12:00:00+00:00,-0.275,130.525,0.15,1.15,2.0,30.02
GL02,2026-04-24 12:00:00+00:00,-0.275,130.525,0.3,1.14,2.0,30.01
GL02,2026-04-26 12:00:00+00:00,-0.275,130.525,0.3,1.02,1.0,29.9
GL02,2026-04-27 12:00:00+00:00,-0.275,130.525,0.3,0.97,1.0,29.86
GL02,2026-04-28 12:00:00+00:00,-0.275,130.525,0.3,0.81,1.0,29.7
GL02,2026-04-29 12:00:00+00:00,-0.275,130.525,0.3,0.79,1.0,29.69
GL02,2026-04-30 12:00:00+00:00,-0.275,130.525,0.48,1.31,2.0,30.21
GL02,2026-05-01 12:00:00+00:00,-0.275,130.525,0.64,1.25,2.0,30.15
GL02,2026-05-02 12:00:00+00:00,-0.275,130.525,0.8300000000000001,1.34,2.0,30.25
GL02,2026-05-03 12:00:00+00:00,-0.275,130.525,1.01,1.33,2.0,30.24
GL02,2026-05-04 12:00:00+00:00,-0.275,130.525,1.21,1.43,2.0,30.35
GL02,2026-05-05 12:00:00+00:00,-0.275,130.525,1.41,1.47,2.0,30.39
GL02,2026-05-06 12:00:00+00:00,-0.275,130.525,1.59,1.34,2.0,30.27
GL02,2026-05-07 12:00:00+00:00,-0.275,130.525,1.81,1.54,2.0,30.47
GL02,2026-05-08 12:00:00+00:00,-0.275,130.525,2.0,1.38,2.0,30.32
GL02,2026-05-09 12:00:00+00:00,-0.275,130.525,2.18,1.31,2.0,30.25
GL02,2026-05-10 12:00:00+00:00,-0.275,130.525,2.33,1.07,2.0,30.02
GL02,2026-05-11 12:00:00+00:00,-0.275,130.525,2.51,1.27,2.0,30.22
GL02,2026-05-12 12:00:00+00:00,-0.275,130.525,2.71,1.38,2.0,30.34
GL02,2026-05-13 12:00:00+00:00,-0.275,130.525,2.86,1.09,2.0,30.05
GL02,2026-05-14 12:00:00+00:00,-0.275,130.525,3.03,1.2,2.0,30.17
GL02,2026-05-15 12:00:00+00:00,-0.275,130.525,3.03,0.88,1.0,29.85
GL02,2026-05-16 12:00:00+00:00,-0.275,130.525,3.03,0.92,1.0,29.87
GL02,2026-05-17 12:00:00+00:00,-0.275,130.525,3.21,1.24,2.0,30.18
GL02,2026-05-18 12:00:00+00:00,-0.275,130.525,3.35,1.06,2.0,29.98
GL02,2026-05-19 12:00:00+00:00,-0.275,130.525,3.5,1.12,2.0,30.03
GL02,2026-05-20 12:00:00+00:00,-0.275,130.525,3.5,0.98,1.0,29.87
GL02,2026-05-21 12:00:00+00:00,-0.275,130.525,3.65,1.13,2.0,30.01
GL02,2026-05-22 12:00:00+00:00,-0.275,130.525,3.83,1.36,2.0,30.22
GL02,2026-05-23 12:00:00+00:00,-0.275,130.525,4.0200000000000005,1.46,3.0,30.31
GL02,2026-05-24 12:00:00+00:00,-0.275,130.525,4.17,1.19,3.0,30.02
GL02,2026-05-25 12:00:00+00:00,-0.275,130.525,4.32,1.17,3.0,29.99
GL02,2026-05-26 12:00:00+00:00,-0.275,130.525,4.32,0.84,1.0,29.64
GL02,2026-05-27 12:00:00+00:00,-0.275,130.525,4.32,1.04,1.0,29.83
GL02,2026-05-28 12:00:00+00:00,-0.275,130.525,4.32,0.94,1.0,29.71
GL02,2026-05-29 12:00:00+00:00,-0.275,130.525,4.32,0.76,1.0,29.52
GL02,2026-05-30 12:00:00+00:00,-0.275,130.525,4.32,0.81,1.0,29.55
GL02,2026-05-31 12:00:00+00:00,-0.275,130.525,4.32,0.41,1.0,29.14
GL02,2026-06-01 12:00:00+00:00,-0.275,130.525,4.32,0.99,1.0,29.7
GL02,2026-06-02 12:00:00+00:00,-0.275,130.525,4.32,1.09,1.0,29.79
GL02,2026-06-03 12:00:00+00:00,-0.275,130.525,4.32,1.15,1.0,29.83
GL02,2026-06-04 12:00:00+00:00,-0.275,130.525,4.32,0.91,1.0,29.58
GL02,2026-06-05 12:00:00+00:00,-0.275,130.525,4.32,0.95,1.0,29.6
GL02,2026-06-06 12:00:00+00:00,-0.275,130.525,4.32,1.0,1.0,29.64
GL02,2026-06-07 12:00:00+00:00,-0.275,130.525,4.32,0.85,1.0,29.47
GL02,2026-06-08 12:00:00+00:00,-0.275,130.525,4.32,1.07,1.0,29.68
GL02,2026-06-09 12:00:00+00:00,-0.275,130.525,4.32,0.97,1.0,29.56
GL02,2026-06-10 12:00:00+00:00,-0.275,130.525,4.32,0.91,1.0,29.49
GL02,2026-06-11 12:00:00+00:00,-0.275,130.525,4.32,1.02,1.0,29.58
GL02,2026-06-12 12:00:00+00:00,-0.275,130.525,4.32,0.74,1.0,29.29
GL02,2026-06-13 12:00:00+00:00,-0.275,130.525,4.32,0.8200000000000001,1.0,29.35
GL02,2026-06-14 12:00:00+00:00,-0.275,130.525,4.32,0.81,1.0,29.33
GL02,2026-06-15 12:00:00+00:00,-0.275,130.525,4.32,0.64,1.0,29.14
GL02,2026-06-16 12:00:00+00:00,-0.275,130.525,4.32,1.01,1.0,29.5
GL02,2026-06-17 12:00:00+00:00,-0.275,130.525,4.32,1.08,1.0,29.56
GL02,2026-06-18 12:00:00+00:00,-0.275,130.525,4.32,1.17,1.0,29.65
GL02,2026-06-19 12:00:00+00:00,-0.275,130.525,4.32,1.19,1.0,29.66
GL02,2026-06-20 12:00:00+00:00,-0.275,130.525,4.32,0.99,1.0,29.45
GL02,2026-06-21 12:00:00+00:00,-0.275,130.525,4.32,0.99,1.0,29.44
GL02,2026-06-22 12:00:00+00:00,-0.275,130.525,4.32,0.99,1.0,29.44
GL02,2026-06-23 12:00:00+00:00,-0.275,130.525,4.32,1.09,1.0,29.53
GL02,2026-06-24 12:00:00+00:00,-0.275,130.525,4.32,1.09,1.0,29.52
GL02,2026-06-25 12:00:00+00:00,-0.275,130.525,4.32,1.15,1.0,29.57
GL02,2026-06-26 12:00:00+00:00,-0.275,130.525,4.32,1.16,1.0,29.58
GL02,2026-06-27 12:00:00+00:00,-0.275,130.525,4.32,1.13,1.0,29.54
GL02,2026-06-28 12:00:00+00:00,-0.275,130.525,4.32,1.19,1.0,29.59
GL02,2026-06-29 12:00:00+00:00,-0.275,130.525,4.32,1.1,1.0,29.49
GL02,2026-06-30 12:00:00+00:00,-0.275,130.525,4.32,1.26,1.0,29.64
GL02,2026-07-01 12:00:00+00:00,-0.275,130.525,4.32,1.05,1.0,29.43
GL02,2026-07-02 12:00:00+00:00,-0.275,130.525,4.32,1.17,1.0,29.54
GL02,2026-07-03 12:00:00+00:00,-0.275,130.525,4.32,1.24,1.0,29.6
GL02,2026-07-04 12:00:00+00:00,-0.275,130.525,4.32,1.23,1.0,29.58
GL02,2026-07-05 12:00:00+00:00,-0.275,130.525,4.32,1.23,1.0,29.58
GL02,2026-07-06 12:00:00+00:00,-0.275,130.525,4.32,1.16,1.0,29.5
GL02,2026-07-07 12:00:00+00:00,-0.275,130.525,4.32,1.09,1.0,29.42
GL02,2026-07-08 12:00:00+00:00,-0.275,130.525,4.32,1.0,1.0,29.32
GL02,2026-07-09 12:00:00+00:00,-0.275,130.525,4.32,0.92,1.0,29.24
GL02,2026-07-10 12:00:00+00:00,-0.275,130.525,4.32,0.87,1.0,29.18
GL02,2026-07-11 12:00:00+00:00,-0.275,130.525,4.32,0.8,1.0,29.1
GL02,2026-07-12 12:00:00+00:00,-0.275,130.525,4.32,0.66,0.0,28.95
GL02,2026-07-13 12:00:00+00:00,-0.275,130.525,4.32,1.0,1.0,29.29
GL02,2026-07-14 12:00:00+00:00,-0.275,130.525,4.32,1.0,1.0,29.28
GL02,2026-07-15 12:00:00+00:00,-0.275,130.525,4.32,0.99,1.0,29.26
GL02,2026-07-16 12:00:00+00:00,-0.275,130.525,4.17,0.8200000000000001,1.0,29.09
GL02,2026-07-17 12:00:00+00:00,-0.275,130.525,4.0200000000000005,0.76,1.0,29.04
GL02,2026-07-18 12:00:00+00:00,-0.275,130.525,4.0200000000000005,0.62,0.0,28.9
GL02,2026-07-19 12:00:00+00:00,-0.275,130.525,4.0200000000000005,0.72,1.0,29.01
GL02,2026-07-20 12:00:00+00:00,-0.275,130.525,4.0200000000000005,0.67,0.0,28.96
GL02,2026-07-21 12:00:00+00:00,-0.275,130.525,4.0200000000000005,0.51,0.0,28.81
GL02,2026-07-22 12:00:00+00:00,-0.275,130.525,4.0200000000000005,0.61,0.0,28.91
GL02,2026-07-23 12:00:00+00:00,-0.275,130.525,3.84,0.5,0.0,28.81
GL02,2026-07-24 12:00:00+00:00,-0.275,130.525,3.67,0.62,0.0,28.93
GL02,2026-07-25 12:00:00+00:00,-0.275,130.525,3.49,0.43,0.0,28.75
GL02,2026-07-26 12:00:00+00:00,-0.275,130.525,3.31,0.59,0.0,28.91
GL02,2026-07-27 12:00:00+00:00,-0.275,130.525,3.11,0.63,0.0,28.96
GL02,2026-07-28 12:00:00+00:00,-0.275,130.525,2.91,0.6,0.0,28.93
GL02,2026-07-29 12:00:00+00:00,-0.275,130.525,2.72,0.65,1.0,28.99
GL02,2026-07-30 12:00:00+00:00,-0.275,130.525,2.51,0.62,0.0,28.96
GL02,2026-07-31 12:00:00+00:00,-0.275,130.525,2.32,0.67,1.0,29.02
GL02,2026-08-01 12:00:00+00:00,-0.275,130.525,2.13,0.64,1.0,28.99
GL02,2026-08-02 12:00:00+00:00,-0.275,130.525,1.98,0.61,0.0,28.97
GL02,2026-08-03 12:00:00+00:00,-0.275,130.525,1.8,0.66,1.0,29.02
GL02,2026-08-04 12:00:00+00:00,-0.275,130.525,1.61,0.53,0.0,28.9
GL02,2026-08-05 12:00:00+00:00,-0.275,130.525,1.45,0.44,0.0,28.81
GL02,2026-08-06 12:00:00+00:00,-0.275,130.525,1.28,0.48,0.0,28.86
GL02,2026-08-07 12:00:00+00:00,-0.275,130.525,1.28,0.59,0.0,28.97
GL02,2026-08-08 12:00:00+00:00,-0.275,130.525,1.28,0.56,0.0,28.95
GL02,2026-08-09 12:00:00+00:00,-0.275,130.525,1.11,0.58,0.0,28.97
GL02,2026-08-10 12:00:00+00:00,-0.275,130.525,0.97,0.68,1.0,29.08
GL02,2026-08-11 12:00:00+00:00,-0.275,130.525,0.81,0.73,1.0,29.13
GL02,2026-08-12 12:00:00+00:00,-0.275,130.525,0.81,0.89,1.0,29.3
GL02,2026-08-13 12:00:00+00:00,-0.275,130.525,0.67,0.94,1.0,29.35
GL02,2026-08-14 12:00:00+00:00,-0.275,130.525,0.49,0.68,1.0,29.1
GL02,2026-08-15 12:00:00+00:00,-0.275,130.525,0.3,0.58,1.0,29.0
GL02,2026-08-16 12:00:00+00:00,-0.275,130.525,0.15,0.54,0.0,28.96
GL02,2026-08-17 12:00:00+00:00,-0.275,130.525,0.0,0.54,0.0,28.97
GL02,2026-08-18 12:00:00+00:00,-0.275,130.525,0.0,0.45,0.0,28.88
GL02,2026-08-19 12:00:00+00:00,-0.275,130.525,0.0,0.36,0.0,28.79
GL02,2026-08-20 12:00:00+00:00,-0.275,130.525,0.0,0.45,0.0,28.88
GL02,2026-08-21 12:00:00+00:00,-0.275,130.525,0.0,0.39,0.0,28.83
GL02,2026-08-22 12:00:00+00:00,-0.275,130.525,0.0,0.38,0.0,28.82
GL02,2026-08-23 12:00:00+00:00,-0.275,130.525,0.0,0.32,0.0,28.76
GL02,2026-08-24 12:00:00+00:00,-0.275,130.525,0.0,0.34,0.0,28.78
GL02,2026-08-25 12:00:00+00:00,-0.275,130.525,0.0,0.39,0.0,28.84
GL02,2026-08-26 12:00:00+00:00,-0.275,130.525,0.0,0.43,0.0,28.88
GL02,2026-08-27 12:00:00+00:00,-0.275,130.525,0.0,0.42,0.0,28.87
GL02,2026-08-28 12:00:00+00:00,-0.275,130.525,0.0,0.46,0.0,28.91
GL02,2026-08-29 12:00:00+00:00,-0.275,130.525,0.0,0.48,0.0,28.94
GL02,2026-08-30 12:00:00+00:00,-0.275,130.525,0.0,0.48,0.0,28.94
GL02,2026-08-31 12:00:00+00:00,-0.275,130.525,0.0,0.54,1.0,29.0
GL02,2026-09-01 12:00:00+00:00,-0.275,130.525,0.0,0.63,1.0,29.09
GL02,2026-09-02 12:00:00+00:00,-0.275,130.525,0.0,0.55,1.0,29.02
GL02,2026-09-03 12:00:00+00:00,-0.275,130.525,0.0,0.58,1.0,29.05
GL02,2026-09-04 12:00:00+00:00,-0.275,130.525,0.0,0.81,1.0,29.28
GL02,2026-09-05 12:00:00+00:00,-0.275,130.525,0.0,0.45,0.0,28.92
GL02,2026-09-06 12:00:00+00:00,-0.275,130.525,0.0,0.67,1.0,29.15
GL02,2026-09-07 12:00:00+00:00,-0.275,130.525,0.0,0.5700000000000001,1.0,29.05
GL02,2026-09-08 12:00:00+00:00,-0.275,130.525,0.0,0.5700000000000001,1.0,29.05
GL02,2026-09-09 12:00:00+00:00,-0.275,130.525,0.0,0.48,0.0,28.96
GL02,2026-09-10 12:00:00+00:00,-0.275,130.525,0.0,0.56,1.0,29.05
GL02,2026-09-11 12:00:00+00:00,-0.275,130.525,0.0,0.5,1.0,28.99
GL02,2026-09-12 12:00:00+00:00,-0.275,130.525,0.0,0.37,0.0,28.86
GL02,2026-09-13 12:00:00+00:00,-0.275,130.525,0.0,0.46,0.0,28.95
GL02,2026-09-14 12:00:00+00:00,-0.275,130.525,0.0,0.28,0.0,28.78
GL02,2026-09-15 12:00:00+00:00,-0.275,130.525,0.0,0.25,0.0,28.75
GL02,2026-09-16 12:00:00+00:00,-0.275,130.525,0.0,0.32,0.0,28.83
GL02,2026-09-17 12:00:00+00:00,-0.275,130.525,0.0,0.32,0.0,28.83
GL02,2026-09-18 12:00:00+00:00,-0.275,130.525,0.0,0.09,0.0,28.61
GL02,2026-09-19 12:00:00+00:00,-0.275,130.525,0.0,0.15,0.0,28.68
GL02,2026-09-20 12:00:00+00:00,-0.275,130.525,0.0,0.29,0.0,28.83
GL02,2026-09-21 12:00:00+00:00,-0.275,130.525,0.0,0.38,0.0,28.92
GL02,2026-09-22 12:00:00+00:00,-0.275,130.525,0.0,0.34,0.0,28.89
GL02,2026-09-23 12:00:00+00:00,-0.275,130.525,0.0,0.49,1.0,29.05
GL02,2026-09-24 12:00:00+00:00,-0.275,130.525,0.0,0.67,1.0,29.24
GL02,2026-09-25 12:00:00+00:00,-0.275,130.525,0.0,0.74,1.0,29.31
GL02,2026-09-26 12:00:00+00:00,-0.275,130.525,0.0,0.6900000000000001,1.0,29.27
GL02,2026-09-27 12:00:00+00:00,-0.275,130.525,0.0,0.65,1.0,29.24
GL02,2026-09-28 12:00:00+00:00,-0.275,130.525,0.0,0.78,1.0,29.38
GL02,2026-09-29 12:00:00+00:00,-0.275,130.525,0.0,0.62,1.0,29.22
GL02,2026-09-30 12:00:00+00:00,-0.275,130.525,0.0,0.74,1.0,29.35
GL02,2026-10-01 12:00:00+00:00,-0.275,130.525,0.0,0.58,1.0,29.2
GL02,2026-10-02 12:00:00+00:00,-0.275,130.525,0.0,0.55,1.0,29.17
GL02,2026-10-03 12:00:00+00:00,-0.275,130.525,0.0,0.59,1.0,29.22
NP01,2026-04-10 12:00:00+00:00,-8.725,115.425,0.16,1.27,2.0,29.6
NP01,2026-04-11 12:00:00+00:00,-8.725,115.425,0.34,1.43,2.0,29.77
NP01,2026-04-12 12:00:00+00:00,-8.725,115.425,0.52,1.37,2.0,29.71
NP01,2026-04-13 12:00:00+00:00,-8.725,115.425,0.6900000000000001,1.3,2.0,29.64
NP01,2026-04-14 12:00:00+00:00,-8.725,115.425,0.85,1.28,2.0,29.63
NP01,2026-04-15 12:00:00+00:00,-8.725,115.425,0.85,0.89,1.0,29.24
NP01,2026-04-16 12:00:00+00:00,-8.725,115.425,0.85,0.92,1.0,29.25
NP01,2026-04-17 12:00:00+00:00,-8.725,115.425,0.85,0.77,1.0,29.08
NP01,2026-04-18 12:00:00+00:00,-8.725,115.425,0.85,1.06,1.0,29.35
NP01,2026-04-19 12:00:00+00:00,-8.725,115.425,0.85,1.09,1.0,29.36
NP01,2026-04-20 12:00:00+00:00,-8.725,115.425,1.02,1.39,2.0,29.64
NP01,2026-04-21 12:00:00+00:00,-8.725,115.425,1.02,1.15,1.0,29.38
NP01,2026-04-22 12:00:00+00:00,-8.725,115.425,1.02,1.11,1.0,29.32
NP01,2026-04-23 12:00:00+00:00,-8.725,115.425,1.02,0.88,1.0,29.06
NP01,2026-04-24 12:00:00+00:00,-8.725,115.425,1.16,1.33,2.0,29.49
NP01,2026-04-26 12:00:00+00:00,-8.725,115.425,1.16,1.01,1.0,29.13
NP01,2026-04-27 12:00:00+00:00,-8.725,115.425,1.31,1.44,2.0,29.54
NP01,2026-04-28 12:00:00+00:00,-8.725,115.425,1.46,1.47,2.0,29.55
NP01,2026-04-29 12:00:00+00:00,-8.725,115.425,1.46,1.4,1.0,29.46
NP01,2026-04-30 12:00:00+00:00,-8.725,115.425,1.46,1.42,1.0,29.46
NP01,2026-05-01 12:00:00+00:00,-8.725,115.425,1.46,1.03,1.0,29.05
NP01,2026-05-02 12:00:00+00:00,-8.725,115.425,1.46,1.03,1.0,29.03
NP01,2026-05-03 12:00:00+00:00,-8.725,115.425,1.46,1.33,1.0,29.31
NP01,2026-05-04 12:00:00+00:00,-8.725,115.425,1.46,1.41,1.0,29.37
NP01,2026-05-05 12:00:00+00:00,-8.725,115.425,1.46,1.13,1.0,29.07
NP01,2026-05-06 12:00:00+00:00,-8.725,115.425,1.46,1.01,1.0,28.93
NP01,2026-05-07 12:00:00+00:00,-8.725,115.425,1.46,1.12,1.0,29.02
NP01,2026-05-08 12:00:00+00:00,-8.725,115.425,1.46,1.39,1.0,29.26
NP01,2026-05-09 12:00:00+00:00,-8.725,115.425,1.46,1.12,1.0,28.97
NP01,2026-05-10 12:00:00+00:00,-8.725,115.425,1.46,0.8300000000000001,1.0,28.66
NP01,2026-05-11 12:00:00+00:00,-8.725,115.425,1.46,1.17,1.0,28.98
NP01,2026-05-12 12:00:00+00:00,-8.725,115.425,1.46,1.18,1.0,28.97
NP01,2026-05-13 12:00:00+00:00,-8.725,115.425,1.46,1.59,1.0,29.36
NP01,2026-05-14 12:00:00+00:00,-8.725,115.425,1.46,1.53,1.0,29.28
NP01,2026-05-15 12:00:00+00:00,-8.725,115.425,1.61,1.77,2.0,29.5
NP01,2026-05-16 12:00:00+00:00,-8.725,115.425,1.76,1.83,2.0,29.55
NP01,2026-05-17 12:00:00+00:00,-8.725,115.425,1.76,1.6,1.0,29.32
NP01,2026-05-18 12:00:00+00:00,-8.725,115.425,1.76,1.47,1.0,29.18
NP01,2026-05-19 12:00:00+00:00,-8.725,115.425,1.76,1.34,1.0,29.04
NP01,2026-05-20 12:00:00+00:00,-8.725,115.425,1.76,1.16,1.0,28.86
NP01,2026-05-21 12:00:00+00:00,-8.725,115.425,1.76,1.05,1.0,28.74
NP01,2026-05-22 12:00:00+00:00,-8.725,115.425,1.76,0.85,1.0,28.53
NP01,2026-05-23 12:00:00+00:00,-8.725,115.425,1.76,1.27,1.0,28.95
NP01,2026-05-24 12:00:00+00:00,-8.725,115.425,1.76,1.41,1.0,29.08
NP01,2026-05-25 12:00:00+00:00,-8.725,115.425,1.76,1.33,1.0,29.0
NP01,2026-05-26 12:00:00+00:00,-8.725,115.425,1.76,0.0,0.0,27.66
NP01,2026-05-27 12:00:00+00:00,-8.725,115.425,1.76,-0.25,0.0,27.4
NP01,2026-05-28 12:00:00+00:00,-8.725,115.425,1.76,-0.12,0.0,27.53
NP01,2026-05-29 12:00:00+00:00,-8.725,115.425,1.76,0.23,0.0,27.87
NP01,2026-05-30 12:00:00+00:00,-8.725,115.425,1.76,0.01,0.0,27.64
NP01,2026-05-31 12:00:00+00:00,-8.725,115.425,1.76,0.41,0.0,28.04
NP01,2026-06-01 12:00:00+00:00,-8.725,115.425,1.76,0.52,0.0,28.14
NP01,2026-06-02 12:00:00+00:00,-8.725,115.425,1.76,0.38,0.0,27.99
NP01,2026-06-03 12:00:00+00:00,-8.725,115.425,1.76,0.51,0.0,28.12
NP01,2026-06-04 12:00:00+00:00,-8.725,115.425,1.76,0.5,0.0,28.1
NP01,2026-06-05 12:00:00+00:00,-8.725,115.425,1.76,0.74,0.0,28.33
NP01,2026-06-06 12:00:00+00:00,-8.725,115.425,1.76,0.79,0.0,28.38
NP01,2026-06-07 12:00:00+00:00,-8.725,115.425,1.76,0.8,0.0,28.38
NP01,2026-06-08 12:00:00+00:00,-8.725,115.425,1.76,0.76,0.0,28.34
NP01,2026-06-09 12:00:00+00:00,-8.725,115.425,1.76,0.58,0.0,28.15
NP01,2026-06-10 12:00:00+00:00,-8.725,115.425,1.76,0.65,0.0,28.21
NP01,2026-06-11 12:00:00+00:00,-8.725,115.425,1.76,0.96,1.0,28.52
NP01,2026-06-12 12:00:00+00:00,-8.725,115.425,1.76,1.04,1.0,28.59
NP01,2026-06-13 12:00:00+00:00,-8.725,115.425,1.76,0.99,1.0,28.53
NP01,2026-06-14 12:00:00+00:00,-8.725,115.425,1.76,0.85,0.0,28.39
NP01,2026-06-15 12:00:00+00:00,-8.725,115.425,1.76,0.93,0.0,28.46
NP01,2026-06-16 12:00:00+00:00,-8.725,115.425,1.76,0.61,0.0,28.11
NP01,2026-06-17 12:00:00+00:00,-8.725,115.425,1.76,0.79,0.0,28.26
NP01,2026-06-18 12:00:00+00:00,-8.725,115.425,1.76,0.47,0.0,27.91
NP01,2026-06-19 12:00:00+00:00,-8.725,115.425,1.76,0.66,0.0,28.07
NP01,2026-06-20 12:00:00+00:00,-8.725,115.425,1.76,0.32,0.0,27.7
NP01,2026-06-21 12:00:00+00:00,-8.725,115.425,1.76,0.63,0.0,27.99
NP01,2026-06-22 12:00:00+00:00,-8.725,115.425,1.76,0.55,0.0,27.88
NP01,2026-06-23 12:00:00+00:00,-8.725,115.425,1.76,0.58,0.0,27.88
NP01,2026-06-24 12:00:00+00:00,-8.725,115.425,1.76,1.01,0.0,28.28
NP01,2026-06-25 12:00:00+00:00,-8.725,115.425,1.76,0.48,0.0,27.72
NP01,2026-06-26 12:00:00+00:00,-8.725,115.425,1.76,0.78,0.0,27.99
NP01,2026-06-27 12:00:00+00:00,-8.725,115.425,1.76,0.96,0.0,28.14
NP01,2026-06-28 12:00:00+00:00,-8.725,115.425,1.76,0.85,0.0,28.0
NP01,2026-06-29 12:00:00+00:00,-8.725,115.425,1.76,0.79,0.0,27.91
NP01,2026-06-30 12:00:00+00:00,-8.725,115.425,1.76,0.67,0.0,27.76
NP01,2026-07-01 12:00:00+00:00,-8.725,115.425,1.76,0.37,0.0,27.44
NP01,2026-07-02 12:00:00+00:00,-8.725,115.425,1.76,0.28,0.0,27.32
NP01,2026-07-03 12:00:00+00:00,-8.725,115.425,1.6,0.33,0.0,27.34
NP01,2026-07-04 12:00:00+00:00,-8.725,115.425,1.42,0.32,0.0,27.3
NP01,2026-07-05 12:00:00+00:00,-8.725,115.425,1.24,0.3,0.0,27.25
NP01,2026-07-06 12:00:00+00:00,-8.725,115.425,1.08,0.43,0.0,27.35
NP01,2026-07-07 12:00:00+00:00,-8.725,115.425,0.91,0.68,0.0,27.57
NP01,2026-07-08 12:00:00+00:00,-8.725,115.425,0.91,0.88,0.0,27.74
NP01,2026-07-09 12:00:00+00:00,-8.725,115.425,0.91,0.54,0.0,27.37
NP01,2026-07-10 12:00:00+00:00,-8.725,115.425,0.91,0.72,0.0,27.53
NP01,2026-07-11 12:00:00+00:00,-8.725,115.425,0.91,0.8300000000000001,0.0,27.61
NP01,2026-07-12 12:00:00+00:00,-8.725,115.425,0.91,0.71,0.0,27.46
NP01,2026-07-13 12:00:00+00:00,-8.725,115.425,0.75,0.71,0.0,27.43
NP01,2026-07-14 12:00:00+00:00,-8.725,115.425,0.75,0.41,0.0,27.1
NP01,2026-07-15 12:00:00+00:00,-8.725,115.425,0.75,0.64,0.0,27.3
NP01,2026-07-16 12:00:00+00:00,-8.725,115.425,0.75,0.51,0.0,27.16
NP01,2026-07-17 12:00:00+00:00,-8.725,115.425,0.6,0.8,0.0,27.43
NP01,2026-07-18 12:00:00+00:00,-8.725,115.425,0.6,0.98,0.0,27.6
NP01,2026-07-19 12:00:00+00:00,-8.725,115.425,0.6,0.61,0.0,27.22
NP01,2026-07-20 12:00:00+00:00,-8.725,115.425,0.45,0.81,0.0,27.4
NP01,2026-07-21 12:00:00+00:00,-8.725,115.425,0.3,0.56,0.0,27.14
NP01,2026-07-22 12:00:00+00:00,-8.725,115.425,0.3,0.55,0.0,27.12
NP01,2026-07-23 12:00:00+00:00,-8.725,115.425,0.3,0.42,0.0,26.97
NP01,2026-07-24 12:00:00+00:00,-8.725,115.425,0.3,0.6,0.0,27.14
NP01,2026-07-25 12:00:00+00:00,-8.725,115.425,0.3,0.64,0.0,27.16
NP01,2026-07-26 12:00:00+00:00,-8.725,115.425,0.3,0.84,0.0,27.35
NP01,2026-07-27 12:00:00+00:00,-8.725,115.425,0.3,0.85,0.0,27.35
NP01,2026-07-28 12:00:00+00:00,-8.725,115.425,0.3,0.85,0.0,27.33
NP01,2026-07-29 12:00:00+00:00,-8.725,115.425,0.3,0.65,0.0,27.12
NP01,2026-07-30 12:00:00+00:00,-8.725,115.425,0.3,0.51,0.0,26.97
NP01,2026-07-31 12:00:00+00:00,-8.725,115.425,0.3,0.71,0.0,27.15
NP01,2026-08-01 12:00:00+00:00,-8.725,115.425,0.3,0.55,0.0,26.98
NP01,2026-08-02 12:00:00+00:00,-8.725,115.425,0.3,0.36,0.0,26.78
NP01,2026-08-03 12:00:00+00:00,-8.725,115.425,0.3,0.6,0.0,27.0
NP01,2026-08-04 12:00:00+00:00,-8.725,115.425,0.3,0.45,0.0,26.84
NP01,2026-08-05 12:00:00+00:00,-8.725,115.425,0.3,0.38,0.0,26.76
NP01,2026-08-06 12:00:00+00:00,-8.725,115.425,0.3,0.04,0.0,26.4
NP01,2026-08-07 12:00:00+00:00,-8.725,115.425,0.15,-0.04,0.0,26.31
NP01,2026-08-08 12:00:00+00:00,-8.725,115.425,0.0,0.08,0.0,26.41
NP01,2026-08-09 12:00:00+00:00,-8.725,115.425,0.0,0.64,0.0,26.96
NP01,2026-08-10 12:00:00+00:00,-8.725,115.425,0.0,0.32,0.0,26.63
NP01,2026-08-11 12:00:00+00:00,-8.725,115.425,0.0,0.2,0.0,26.49
NP01,2026-08-12 12:00:00+00:00,-8.725,115.425,0.0,0.14,0.0,26.42
NP01,2026-08-13 12:00:00+00:00,-8.725,115.425,0.0,0.31,0.0,26.58
NP01,2026-08-14 12:00:00+00:00,-8.725,115.425,0.0,-0.12,0.0,26.13
NP01,2026-08-15 12:00:00+00:00,-8.725,115.425,0.0,-0.12,0.0,26.12
NP01,2026-08-16 12:00:00+00:00,-8.725,115.425,0.0,-0.71,0.0,25.53
NP01,2026-08-17 12:00:00+00:00,-8.725,115.425,0.0,-0.6,0.0,25.64
NP01,2026-08-18 12:00:00+00:00,-8.725,115.425,0.0,0.35,0.0,26.59
NP01,2026-08-19 12:00:00+00:00,-8.725,115.425,0.0,0.23,0.0,26.47
NP01,2026-08-20 12:00:00+00:00,-8.725,115.425,0.0,0.04,0.0,26.28
NP01,2026-08-21 12:00:00+00:00,-8.725,115.425,0.0,0.29,0.0,26.52
NP01,2026-08-22 12:00:00+00:00,-8.725,115.425,0.0,0.4,0.0,26.63
NP01,2026-08-23 12:00:00+00:00,-8.725,115.425,0.0,0.44,0.0,26.67
NP01,2026-08-24 12:00:00+00:00,-8.725,115.425,0.0,0.74,0.0,26.97
NP01,2026-08-25 12:00:00+00:00,-8.725,115.425,0.0,0.89,0.0,27.12
NP01,2026-08-26 12:00:00+00:00,-8.725,115.425,0.0,0.79,0.0,27.02
NP01,2026-08-27 12:00:00+00:00,-8.725,115.425,0.0,0.73,0.0,26.96
NP01,2026-08-28 12:00:00+00:00,-8.725,115.425,0.0,0.51,0.0,26.74
NP01,2026-08-29 12:00:00+00:00,-8.725,115.425,0.0,0.33,0.0,26.56
NP01,2026-08-30 12:00:00+00:00,-8.725,115.425,0.0,0.23,0.0,26.46
NP01,2026-08-31 12:00:00+00:00,-8.725,115.425,0.0,0.53,0.0,26.75
NP01,2026-09-01 12:00:00+00:00,-8.725,115.425,0.0,0.64,0.0,26.86
NP01,2026-09-02 12:00:00+00:00,-8.725,115.425,0.0,0.63,0.0,26.85
NP01,2026-09-03 12:00:00+00:00,-8.725,115.425,0.0,0.44,0.0,26.66
NP01,2026-09-04 12:00:00+00:00,-8.725,115.425,0.0,0.42,0.0,26.64
NP01,2026-09-05 12:00:00+00:00,-8.725,115.425,0.0,0.61,0.0,26.83
NP01,2026-09-06 12:00:00+00:00,-8.725,115.425,0.0,0.53,0.0,26.75
NP01,2026-09-07 12:00:00+00:00,-8.725,115.425,0.0,0.39,0.0,26.61
NP01,2026-09-08 12:00:00+00:00,-8.725,115.425,0.0,0.46,0.0,26.68
NP01,2026-09-09 12:00:00+00:00,-8.725,115.425,0.0,0.26,0.0,26.48
NP01,2026-09-10 12:00:00+00:00,-8.725,115.425,0.0,0.32,0.0,26.53
NP01,2026-09-11 12:00:00+00:00,-8.725,115.425,0.0,0.63,0.0,26.84
NP01,2026-09-12 12:00:00+00:00,-8.725,115.425,0.0,0.52,0.0,26.73
NP01,2026-09-13 12:00:00+00:00,-8.725,115.425,0.0,0.67,0.0,26.88
NP01,2026-09-14 12:00:00+00:00,-8.725,115.425,0.0,0.61,0.0,26.82
NP01,2026-09-15 12:00:00+00:00,-8.725,115.425,0.0,0.51,0.0,26.72
NP01,2026-09-16 12:00:00+00:00,-8.725,115.425,0.0,0.62,0.0,26.85
NP01,2026-09-17 12:00:00+00:00,-8.725,115.425,0.0,0.7000000000000001,0.0,26.96
NP01,2026-09-18 12:00:00+00:00,-8.725,115.425,0.0,0.95,0.0,27.23
NP01,2026-09-19 12:00:00+00:00,-8.725,115.425,0.0,0.93,0.0,27.24
NP01,2026-09-20 12:00:00+00:00,-8.725,115.425,0.0,0.85,0.0,27.18
NP01,2026-09-21 12:00:00+00:00,-8.725,115.425,0.0,0.6,0.0,26.95
NP01,2026-09-22 12:00:00+00:00,-8.725,115.425,0.0,0.65,0.0,27.03
NP01,2026-09-23 12:00:00+00:00,-8.725,115.425,0.0,0.52,0.0,26.92
NP01,2026-09-24 12:00:00+00:00,-8.725,115.425,0.0,0.87,0.0,27.3
NP01,2026-09-25 12:00:00+00:00,-8.725,115.425,0.0,0.7000000000000001,0.0,27.15
NP01,2026-09-26 12:00:00+00:00,-8.725,115.425,0.0,0.51,0.0,26.98
NP01,2026-09-27 12:00:00+00:00,-8.725,115.425,0.0,0.56,0.0,27.06
NP01,2026-09-28 12:00:00+00:00,-8.725,115.425,0.0,0.59,0.0,27.11
NP01,2026-09-29 12:00:00+00:00,-8.725,115.425,0.0,0.37,0.0,26.92
NP01,2026-09-30 12:00:00+00:00,-8.725,115.425,0.0,0.47,0.0,27.04
NP01,2026-10-01 12:00:00+00:00,-8.725,115.425,0.0,0.5,0.0,27.09
NP01,2026-10-02 12:00:00+00:00,-8.725,115.425,0.0,0.21,0.0,26.83
NP01,2026-10-03 12:00:00+00:00,-8.725,115.425,0.0,0.51,0.0,27.15
NP01,2026-10-04 12:00:00+00:00,-8.725,115.425,0.0,0.71,0.0,27.38
NP01,2026-10-05 12:00:00+00:00,-8.725,115.425,0.0,0.68,0.0,27.37
NP01,2026-10-06 12:00:00+00:00,-8.725,115.425,0.0,0.31,0.0,27.02
NP01,2026-10-07 12:00:00+00:00,-8.725,115.425,0.0,0.47,0.0,27.21
NP03,2026-04-10 12:00:00+00:00,-8.775,115.525,0.15,1.14,2.0,29.5
NP03,2026-04-11 12:00:00+00:00,-8.775,115.525,0.32,1.33,2.0,29.69
NP03,2026-04-12 12:00:00+00:00,-8.775,115.525,0.51,1.4,2.0,29.77
NP03,2026-04-13 12:00:00+00:00,-8.775,115.525,0.7000000000000001,1.42,2.0,29.79
NP03,2026-04-14 12:00:00+00:00,-8.775,115.525,0.87,1.32,2.0,29.7
NP03,2026-04-15 12:00:00+00:00,-8.775,115.525,0.87,1.0,1.0,29.38
NP03,2026-04-16 12:00:00+00:00,-8.775,115.525,0.87,1.07,1.0,29.43
NP03,2026-04-17 12:00:00+00:00,-8.775,115.525,0.87,0.86,1.0,29.2
NP03,2026-04-18 12:00:00+00:00,-8.775,115.525,0.87,1.08,1.0,29.4
NP03,2026-04-19 12:00:00+00:00,-8.775,115.525,0.87,1.02,1.0,29.32
NP03,2026-04-20 12:00:00+00:00,-8.775,115.525,1.03,1.3,2.0,29.58
NP03,2026-04-21 12:00:00+00:00,-8.775,115.525,1.19,1.35,2.0,29.62
NP03,2026-04-22 12:00:00+00:00,-8.775,115.525,1.35,1.32,2.0,29.57
NP03,2026-04-23 12:00:00+00:00,-8.775,115.525,1.5,1.26,2.0,29.49
NP03,2026-04-24 12:00:00+00:00,-8.775,115.525,1.67,1.5,2.0,29.71
NP03,2026-04-26 12:00:00+00:00,-8.775,115.525,1.82,1.16,1.0,29.33
NP03,2026-04-27 12:00:00+00:00,-8.775,115.525,1.99,1.51,2.0,29.66
NP03,2026-04-28 12:00:00+00:00,-8.775,115.525,2.18,1.65,2.0,29.78
NP03,2026-04-29 12:00:00+00:00,-8.775,115.525,2.36,1.63,2.0,29.74
NP03,2026-04-30 12:00:00+00:00,-8.775,115.525,2.53,1.59,2.0,29.68
NP03,2026-05-01 12:00:00+00:00,-8.775,115.525,2.53,1.23,1.0,29.31
NP03,2026-05-02 12:00:00+00:00,-8.775,115.525,2.53,1.17,1.0,29.23
NP03,2026-05-03 12:00:00+00:00,-8.775,115.525,2.53,1.28,1.0,29.32
NP03,2026-05-04 12:00:00+00:00,-8.775,115.525,2.53,1.35,1.0,29.37
NP03,2026-05-05 12:00:00+00:00,-8.775,115.525,2.53,1.09,1.0,29.09
NP03,2026-05-06 12:00:00+00:00,-8.775,115.525,2.53,1.02,1.0,29.0
NP03,2026-05-07 12:00:00+00:00,-8.775,115.525,2.53,1.04,1.0,29.0
NP03,2026-05-08 12:00:00+00:00,-8.775,115.525,2.53,1.27,1.0,29.21
NP03,2026-05-09 12:00:00+00:00,-8.775,115.525,2.53,1.05,1.0,28.97
NP03,2026-05-10 12:00:00+00:00,-8.775,115.525,2.53,0.8200000000000001,1.0,28.72
NP03,2026-05-11 12:00:00+00:00,-8.775,115.525,2.53,1.27,1.0,29.16
NP03,2026-05-12 12:00:00+00:00,-8.775,115.525,2.53,1.16,1.0,29.03
NP03,2026-05-13 12:00:00+00:00,-8.775,115.525,2.53,1.52,1.0,29.37
NP03,2026-05-14 12:00:00+00:00,-8.775,115.525,2.53,1.51,1.0,29.34
NP03,2026-05-15 12:00:00+00:00,-8.775,115.525,2.69,1.75,2.0,29.56
NP03,2026-05-16 12:00:00+00:00,-8.775,115.525,2.86,1.84,2.0,29.64
NP03,2026-05-17 12:00:00+00:00,-8.775,115.525,2.86,1.65,1.0,29.44
NP03,2026-05-18 12:00:00+00:00,-8.775,115.525,2.86,1.52,1.0,29.31
NP03,2026-05-19 12:00:00+00:00,-8.775,115.525,2.86,1.51,1.0,29.29
NP03,2026-05-20 12:00:00+00:00,-8.775,115.525,2.86,1.48,1.0,29.25
NP03,2026-05-21 12:00:00+00:00,-8.775,115.525,2.86,1.49,1.0,29.25
NP03,2026-05-22 12:00:00+00:00,-8.775,115.525,2.86,1.34,1.0,29.09
NP03,2026-05-23 12:00:00+00:00,-8.775,115.525,2.86,1.43,1.0,29.18
NP03,2026-05-24 12:00:00+00:00,-8.775,115.525,2.86,1.43,1.0,29.17
NP03,2026-05-25 12:00:00+00:00,-8.775,115.525,2.86,1.34,1.0,29.07
NP03,2026-05-26 12:00:00+00:00,-8.775,115.525,2.86,0.05,0.0,27.77
NP03,2026-05-27 12:00:00+00:00,-8.775,115.525,2.86,-0.29,0.0,27.42
NP03,2026-05-28 12:00:00+00:00,-8.775,115.525,2.86,0.18,0.0,27.89
NP03,2026-05-29 12:00:00+00:00,-8.775,115.525,2.86,0.46,0.0,28.16
NP03,2026-05-30 12:00:00+00:00,-8.775,115.525,2.86,0.21,0.0,27.9
NP03,2026-05-31 12:00:00+00:00,-8.775,115.525,2.86,0.55,0.0,28.23
NP03,2026-06-01 12:00:00+00:00,-8.775,115.525,2.86,0.59,0.0,28.26
NP03,2026-06-02 12:00:00+00:00,-8.775,115.525,2.86,0.61,0.0,28.27
NP03,2026-06-03 12:00:00+00:00,-8.775,115.525,2.86,0.5700000000000001,0.0,28.23
NP03,2026-06-04 12:00:00+00:00,-8.775,115.525,2.86,0.63,0.0,28.28
NP03,2026-06-05 12:00:00+00:00,-8.775,115.525,2.86,0.81,0.0,28.45
NP03,2026-06-06 12:00:00+00:00,-8.775,115.525,2.86,0.97,1.0,28.6
NP03,2026-06-07 12:00:00+00:00,-8.775,115.525,2.86,1.0,1.0,28.62
NP03,2026-06-08 12:00:00+00:00,-8.775,115.525,2.86,0.96,1.0,28.58
NP03,2026-06-09 12:00:00+00:00,-8.775,115.525,2.86,0.84,0.0,28.45
NP03,2026-06-10 12:00:00+00:00,-8.775,115.525,2.86,0.75,0.0,28.35
NP03,2026-06-11 12:00:00+00:00,-8.775,115.525,2.86,1.02,1.0,28.61
NP03,2026-06-12 12:00:00+00:00,-8.775,115.525,2.86,1.1,1.0,28.68
NP03,2026-06-13 12:00:00+00:00,-8.775,115.525,2.86,1.07,1.0,28.65
NP03,2026-06-14 12:00:00+00:00,-8.775,115.525,2.86,0.8300000000000001,0.0,28.4
NP03,2026-06-15 12:00:00+00:00,-8.775,115.525,2.86,0.86,0.0,28.42
NP03,2026-06-16 12:00:00+00:00,-8.775,115.525,2.86,0.45,0.0,27.98
NP03,2026-06-17 12:00:00+00:00,-8.775,115.525,2.86,0.79,0.0,28.29
NP03,2026-06-18 12:00:00+00:00,-8.775,115.525,2.86,0.41,0.0,27.88
NP03,2026-06-19 12:00:00+00:00,-8.775,115.525,2.86,0.59,0.0,28.04
NP03,2026-06-20 12:00:00+00:00,-8.775,115.525,2.86,0.39,0.0,27.81
NP03,2026-06-21 12:00:00+00:00,-8.775,115.525,2.86,0.7000000000000001,0.0,28.09
NP03,2026-06-22 12:00:00+00:00,-8.775,115.525,2.86,0.59,0.0,27.95
NP03,2026-06-23 12:00:00+00:00,-8.775,115.525,2.86,0.8,0.0,28.13
NP03,2026-06-24 12:00:00+00:00,-8.775,115.525,2.86,1.02,0.0,28.32
NP03,2026-06-25 12:00:00+00:00,-8.775,115.525,2.86,0.5,0.0,27.77
NP03,2026-06-26 12:00:00+00:00,-8.775,115.525,2.86,0.74,0.0,27.98
NP03,2026-06-27 12:00:00+00:00,-8.775,115.525,2.86,0.8,0.0,28.02
NP03,2026-06-28 12:00:00+00:00,-8.775,115.525,2.86,0.71,0.0,27.9
NP03,2026-06-29 12:00:00+00:00,-8.775,115.525,2.86,0.66,0.0,27.82
NP03,2026-06-30 12:00:00+00:00,-8.775,115.525,2.86,0.56,0.0,27.69
NP03,2026-07-01 12:00:00+00:00,-8.775,115.525,2.86,0.5,0.0,27.6
NP03,2026-07-02 12:00:00+00:00,-8.775,115.525,2.86,0.32,0.0,27.39
NP03,2026-07-03 12:00:00+00:00,-8.775,115.525,2.71,0.32,0.0,27.36
NP03,2026-07-04 12:00:00+00:00,-8.775,115.525,2.54,0.37,0.0,27.39
NP03,2026-07-05 12:00:00+00:00,-8.775,115.525,2.35,0.3,0.0,27.29
NP03,2026-07-06 12:00:00+00:00,-8.775,115.525,2.16,0.45,0.0,27.41
NP03,2026-07-07 12:00:00+00:00,-8.775,115.525,1.99,0.59,0.0,27.52
NP03,2026-07-08 12:00:00+00:00,-8.775,115.525,1.99,0.86,0.0,27.76
NP03,2026-07-09 12:00:00+00:00,-8.775,115.525,1.99,0.6,0.0,27.47
NP03,2026-07-10 12:00:00+00:00,-8.775,115.525,1.99,0.7000000000000001,0.0,27.54
NP03,2026-07-11 12:00:00+00:00,-8.775,115.525,1.99,0.81,0.0,27.62
NP03,2026-07-12 12:00:00+00:00,-8.775,115.525,1.99,0.65,0.0,27.44
NP03,2026-07-13 12:00:00+00:00,-8.775,115.525,1.83,0.8300000000000001,0.0,27.59
NP03,2026-07-14 12:00:00+00:00,-8.775,115.525,1.66,0.4,0.0,27.13
NP03,2026-07-15 12:00:00+00:00,-8.775,115.525,1.51,0.63,0.0,27.33
NP03,2026-07-16 12:00:00+00:00,-8.775,115.525,1.36,0.36,0.0,27.05
NP03,2026-07-17 12:00:00+00:00,-8.775,115.525,1.18,0.61,0.0,27.28
NP03,2026-07-18 12:00:00+00:00,-8.775,115.525,1.03,0.94,0.0,27.6
NP03,2026-07-19 12:00:00+00:00,-8.775,115.525,1.03,0.58,0.0,27.22
NP03,2026-07-20 12:00:00+00:00,-8.775,115.525,0.86,0.66,0.0,27.29
NP03,2026-07-21 12:00:00+00:00,-8.775,115.525,0.68,0.44,0.0,27.06
NP03,2026-07-22 12:00:00+00:00,-8.775,115.525,0.5,0.5,0.0,27.1
NP03,2026-07-23 12:00:00+00:00,-8.775,115.525,0.32,0.43,0.0,27.02
NP03,2026-07-24 12:00:00+00:00,-8.775,115.525,0.32,0.41,0.0,26.99
NP03,2026-07-25 12:00:00+00:00,-8.775,115.525,0.32,0.61,0.0,27.17
NP03,2026-07-26 12:00:00+00:00,-8.775,115.525,0.32,0.85,0.0,27.4
NP03,2026-07-27 12:00:00+00:00,-8.775,115.525,0.32,0.86,0.0,27.39
NP03,2026-07-28 12:00:00+00:00,-8.775,115.525,0.32,0.91,0.0,27.43
NP03,2026-07-29 12:00:00+00:00,-8.775,115.525,0.32,0.59,0.0,27.1
NP03,2026-07-30 12:00:00+00:00,-8.775,115.525,0.32,0.43,0.0,26.92
NP03,2026-07-31 12:00:00+00:00,-8.775,115.525,0.32,0.78,0.0,27.26
NP03,2026-08-01 12:00:00+00:00,-8.775,115.525,0.32,0.7000000000000001,0.0,27.16
NP03,2026-08-02 12:00:00+00:00,-8.775,115.525,0.32,0.44,0.0,26.89
NP03,2026-08-03 12:00:00+00:00,-8.775,115.525,0.32,0.56,0.0,27.0
NP03,2026-08-04 12:00:00+00:00,-8.775,115.525,0.32,0.35,0.0,26.77
NP03,2026-08-05 12:00:00+00:00,-8.775,115.525,0.32,0.23,0.0,26.64
NP03,2026-08-06 12:00:00+00:00,-8.775,115.525,0.32,-0.18,0.0,26.21
NP03,2026-08-07 12:00:00+00:00,-8.775,115.525,0.17,-0.11,0.0,26.27
NP03,2026-08-08 12:00:00+00:00,-8.775,115.525,0.0,0.04,0.0,26.41
NP03,2026-08-09 12:00:00+00:00,-8.775,115.525,0.0,0.55,0.0,26.9
NP03,2026-08-10 12:00:00+00:00,-8.775,115.525,0.0,0.18,0.0,26.52
NP03,2026-08-11 12:00:00+00:00,-8.775,115.525,0.0,-0.02,0.0,26.31
NP03,2026-08-12 12:00:00+00:00,-8.775,115.525,0.0,0.0,0.0,26.31
NP03,2026-08-13 12:00:00+00:00,-8.775,115.525,0.0,0.19,0.0,26.49
NP03,2026-08-14 12:00:00+00:00,-8.775,115.525,0.0,-0.24,0.0,26.04
NP03,2026-08-15 12:00:00+00:00,-8.775,115.525,0.0,0.05,0.0,26.32
NP03,2026-08-16 12:00:00+00:00,-8.775,115.525,0.0,0.24,0.0,26.51
NP03,2026-08-17 12:00:00+00:00,-8.775,115.525,0.0,0.26,0.0,26.53
NP03,2026-08-18 12:00:00+00:00,-8.775,115.525,0.0,0.59,0.0,26.86
NP03,2026-08-19 12:00:00+00:00,-8.775,115.525,0.0,0.37,0.0,26.64
NP03,2026-08-20 12:00:00+00:00,-8.775,115.525,0.0,0.24,0.0,26.51
NP03,2026-08-21 12:00:00+00:00,-8.775,115.525,0.0,0.23,0.0,26.5
NP03,2026-08-22 12:00:00+00:00,-8.775,115.525,0.0,0.42,0.0,26.69
NP03,2026-08-23 12:00:00+00:00,-8.775,115.525,0.0,0.35,0.0,26.62
NP03,2026-08-24 12:00:00+00:00,-8.775,115.525,0.0,0.61,0.0,26.88
NP03,2026-08-25 12:00:00+00:00,-8.775,115.525,0.0,0.86,0.0,27.13
NP03,2026-08-26 12:00:00+00:00,-8.775,115.525,0.0,0.79,0.0,27.06
NP03,2026-08-27 12:00:00+00:00,-8.775,115.525,0.0,0.64,0.0,26.91
NP03,2026-08-28 12:00:00+00:00,-8.775,115.525,0.0,0.47,0.0,26.74
NP03,2026-08-29 12:00:00+00:00,-8.775,115.525,0.0,0.27,0.0,26.54
NP03,2026-08-30 12:00:00+00:00,-8.775,115.525,0.0,0.29,0.0,26.56
NP03,2026-08-31 12:00:00+00:00,-8.775,115.525,0.0,0.67,0.0,26.95
NP03,2026-09-01 12:00:00+00:00,-8.775,115.525,0.0,0.63,0.0,26.91
NP03,2026-09-02 12:00:00+00:00,-8.775,115.525,0.0,0.61,0.0,26.89
NP03,2026-09-03 12:00:00+00:00,-8.775,115.525,0.0,0.3,0.0,26.58
NP03,2026-09-04 12:00:00+00:00,-8.775,115.525,0.0,0.45,0.0,26.73
NP03,2026-09-05 12:00:00+00:00,-8.775,115.525,0.0,0.54,0.0,26.82
NP03,2026-09-06 12:00:00+00:00,-8.775,115.525,0.0,0.51,0.0,26.79
NP03,2026-09-07 12:00:00+00:00,-8.775,115.525,0.0,0.42,0.0,26.7
NP03,2026-09-08 12:00:00+00:00,-8.775,115.525,0.0,0.45,0.0,26.73
NP03,2026-09-09 12:00:00+00:00,-8.775,115.525,0.0,0.22,0.0,26.5
NP03,2026-09-10 12:00:00+00:00,-8.775,115.525,0.0,0.31,0.0,26.59
NP03,2026-09-11 12:00:00+00:00,-8.775,115.525,0.0,0.51,0.0,26.79
NP03,2026-09-12 12:00:00+00:00,-8.775,115.525,0.0,0.48,0.0,26.76
NP03,2026-09-13 12:00:00+00:00,-8.775,115.525,0.0,0.61,0.0,26.89
NP03,2026-09-14 12:00:00+00:00,-8.775,115.525,0.0,0.6,0.0,26.88
NP03,2026-09-15 12:00:00+00:00,-8.775,115.525,0.0,0.55,0.0,26.83
NP03,2026-09-16 12:00:00+00:00,-8.775,115.525,0.0,0.72,0.0,27.02
NP03,2026-09-17 12:00:00+00:00,-8.775,115.525,0.0,0.71,0.0,27.04
NP03,2026-09-18 12:00:00+00:00,-8.775,115.525,0.0,0.91,0.0,27.26
NP03,2026-09-19 12:00:00+00:00,-8.775,115.525,0.0,0.87,0.0,27.24
NP03,2026-09-20 12:00:00+00:00,-8.775,115.525,0.0,0.78,0.0,27.18
NP03,2026-09-21 12:00:00+00:00,-8.775,115.525,0.0,0.45,0.0,26.87
NP03,2026-09-22 12:00:00+00:00,-8.775,115.525,0.0,0.62,0.0,27.07
NP03,2026-09-23 12:00:00+00:00,-8.775,115.525,0.0,0.63,0.0,27.1
NP03,2026-09-24 12:00:00+00:00,-8.775,115.525,0.0,0.87,0.0,27.36
NP03,2026-09-25 12:00:00+00:00,-8.775,115.525,0.0,0.74,0.0,27.26
NP03,2026-09-26 12:00:00+00:00,-8.775,115.525,0.0,0.6,0.0,27.14
NP03,2026-09-27 12:00:00+00:00,-8.775,115.525,0.0,0.78,0.0,27.34
NP03,2026-09-28 12:00:00+00:00,-8.775,115.525,0.0,0.6900000000000001,0.0,27.28
NP03,2026-09-29 12:00:00+00:00,-8.775,115.525,0.0,0.56,0.0,27.17
NP03,2026-09-30 12:00:00+00:00,-8.775,115.525,0.0,0.61,0.0,27.24
NP03,2026-10-01 12:00:00+00:00,-8.775,115.525,0.0,0.59,0.0,27.25
NP03,2026-10-02 12:00:00+00:00,-8.775,115.525,0.0,0.27,0.0,26.95
NP03,2026-10-03 12:00:00+00:00,-8.775,115.525,0.0,0.52,0.0,27.23
NP03,2026-10-04 12:00:00+00:00,-8.775,115.525,0.0,0.65,0.0,27.38
NP03,2026-10-05 12:00:00+00:00,-8.775,115.525,0.0,0.65,0.0,27.4
NP03,2026-10-06 12:00:00+00:00,-8.775,115.525,0.0,0.21,0.0,26.99
NP03,2026-10-07 12:00:00+00:00,-8.775,115.525,0.0,0.44,0.0,27.24
NP04,2026-04-10 12:00:00+00:00,-8.675,115.475,0.16,1.18,2.0,29.63
NP04,2026-04-11 12:00:00+00:00,-8.675,115.475,0.35,1.36,2.0,29.81
NP04,2026-04-12 12:00:00+00:00,-8.675,115.475,0.54,1.34,2.0,29.8
NP04,2026-04-13 12:00:00+00:00,-8.675,115.475,0.74,1.39,2.0,29.86
NP04,2026-04-14 12:00:00+00:00,-8.675,115.475,0.92,1.29,2.0,29.76
NP04,2026-04-15 12:00:00+00:00,-8.675,115.475,0.92,0.98,1.0,29.46
NP04,2026-04-16 12:00:00+00:00,-8.675,115.475,1.07,1.07,2.0,29.53
NP04,2026-04-17 12:00:00+00:00,-8.675,115.475,1.07,0.97,1.0,29.42
NP04,2026-04-18 12:00:00+00:00,-8.675,115.475,1.24,1.24,2.0,29.67
NP04,2026-04-19 12:00:00+00:00,-8.675,115.475,1.39,1.11,2.0,29.52
NP04,2026-04-20 12:00:00+00:00,-8.675,115.475,1.57,1.34,2.0,29.74
NP04,2026-04-21 12:00:00+00:00,-8.675,115.475,1.73,1.24,2.0,29.62
NP04,2026-04-22 12:00:00+00:00,-8.675,115.475,1.88,1.16,2.0,29.52
NP04,2026-04-23 12:00:00+00:00,-8.675,115.475,1.88,1.04,1.0,29.39
NP04,2026-04-24 12:00:00+00:00,-8.675,115.475,2.05,1.32,2.0,29.65
NP04,2026-04-26 12:00:00+00:00,-8.675,115.475,2.2,1.02,1.0,29.32
NP04,2026-04-27 12:00:00+00:00,-8.675,115.475,2.36,1.34,2.0,29.62
NP04,2026-04-28 12:00:00+00:00,-8.675,115.475,2.56,1.57,2.0,29.83
NP04,2026-04-29 12:00:00+00:00,-8.675,115.475,2.74,1.49,2.0,29.74
NP04,2026-04-30 12:00:00+00:00,-8.675,115.475,2.91,1.46,2.0,29.69
NP04,2026-05-01 12:00:00+00:00,-8.675,115.475,3.0500000000000003,1.28,2.0,29.49
NP04,2026-05-02 12:00:00+00:00,-8.675,115.475,3.0500000000000003,1.16,1.0,29.36
NP04,2026-05-03 12:00:00+00:00,-8.675,115.475,3.2,1.3,2.0,29.48
NP04,2026-05-04 12:00:00+00:00,-8.675,115.475,3.35,1.39,2.0,29.55
NP04,2026-05-05 12:00:00+00:00,-8.675,115.475,3.35,1.21,1.0,29.36
NP04,2026-05-06 12:00:00+00:00,-8.675,115.475,3.35,1.24,1.0,29.37
NP04,2026-05-07 12:00:00+00:00,-8.675,115.475,3.35,1.24,1.0,29.35
NP04,2026-05-08 12:00:00+00:00,-8.675,115.475,3.5,1.46,2.0,29.56
NP04,2026-05-09 12:00:00+00:00,-8.675,115.475,3.5,1.23,1.0,29.31
NP04,2026-05-10 12:00:00+00:00,-8.675,115.475,3.5,1.0,1.0,29.06
NP04,2026-05-11 12:00:00+00:00,-8.675,115.475,3.5,1.28,1.0,29.33
NP04,2026-05-12 12:00:00+00:00,-8.675,115.475,3.5,1.24,1.0,29.27
NP04,2026-05-13 12:00:00+00:00,-8.675,115.475,3.66,1.54,2.0,29.55
NP04,2026-05-14 12:00:00+00:00,-8.675,115.475,3.66,1.47,1.0,29.47
NP04,2026-05-15 12:00:00+00:00,-8.675,115.475,3.82,1.65,2.0,29.63
NP04,2026-05-16 12:00:00+00:00,-8.675,115.475,4.0,1.73,3.0,29.7
NP04,2026-05-17 12:00:00+00:00,-8.675,115.475,4.0,1.51,1.0,29.47
NP04,2026-05-18 12:00:00+00:00,-8.675,115.475,4.0,1.43,1.0,29.38
NP04,2026-05-19 12:00:00+00:00,-8.675,115.475,4.0,1.32,1.0,29.26
NP04,2026-05-20 12:00:00+00:00,-8.675,115.475,4.0,1.0,1.0,28.93
NP04,2026-05-21 12:00:00+00:00,-8.675,115.475,4.0,1.02,1.0,28.94
NP04,2026-05-22 12:00:00+00:00,-8.675,115.475,4.0,0.88,1.0,28.79
NP04,2026-05-23 12:00:00+00:00,-8.675,115.475,4.0,1.29,1.0,29.2
NP04,2026-05-24 12:00:00+00:00,-8.675,115.475,4.0,1.3,1.0,29.2
NP04,2026-05-25 12:00:00+00:00,-8.675,115.475,4.0,1.22,1.0,29.11
NP04,2026-05-26 12:00:00+00:00,-8.675,115.475,4.0,-0.08,0.0,27.8
NP04,2026-05-27 12:00:00+00:00,-8.675,115.475,4.0,-0.36,0.0,27.51
NP04,2026-05-28 12:00:00+00:00,-8.675,115.475,4.0,-0.29,0.0,27.57
NP04,2026-05-29 12:00:00+00:00,-8.675,115.475,4.0,-0.03,0.0,27.82
NP04,2026-05-30 12:00:00+00:00,-8.675,115.475,4.0,-0.38,0.0,27.46
NP04,2026-05-31 12:00:00+00:00,-8.675,115.475,4.0,0.18,0.0,28.01
NP04,2026-06-01 12:00:00+00:00,-8.675,115.475,4.0,0.21,0.0,28.03
NP04,2026-06-02 12:00:00+00:00,-8.675,115.475,4.0,0.14,0.0,27.95
NP04,2026-06-03 12:00:00+00:00,-8.675,115.475,4.0,0.1,0.0,27.9
NP04,2026-06-04 12:00:00+00:00,-8.675,115.475,4.0,0.18,0.0,27.97
NP04,2026-06-05 12:00:00+00:00,-8.675,115.475,4.0,0.65,0.0,28.43
NP04,2026-06-06 12:00:00+00:00,-8.675,115.475,4.0,0.77,1.0,28.54
NP04,2026-06-07 12:00:00+00:00,-8.675,115.475,4.0,0.8300000000000001,1.0,28.59
NP04,2026-06-08 12:00:00+00:00,-8.675,115.475,4.0,0.68,0.0,28.44
NP04,2026-06-09 12:00:00+00:00,-8.675,115.475,4.0,0.61,0.0,28.36
NP04,2026-06-10 12:00:00+00:00,-8.675,115.475,4.0,0.68,0.0,28.42
NP04,2026-06-11 12:00:00+00:00,-8.675,115.475,4.0,0.92,1.0,28.65
NP04,2026-06-12 12:00:00+00:00,-8.675,115.475,4.0,1.01,1.0,28.73
NP04,2026-06-13 12:00:00+00:00,-8.675,115.475,4.0,0.95,1.0,28.66
NP04,2026-06-14 12:00:00+00:00,-8.675,115.475,4.0,1.02,1.0,28.72
NP04,2026-06-15 12:00:00+00:00,-8.675,115.475,4.0,0.89,1.0,28.58
NP04,2026-06-16 12:00:00+00:00,-8.675,115.475,4.0,0.62,0.0,28.28
NP04,2026-06-17 12:00:00+00:00,-8.675,115.475,4.0,0.74,0.0,28.38
NP04,2026-06-18 12:00:00+00:00,-8.675,115.475,4.0,0.5700000000000001,0.0,28.18
NP04,2026-06-19 12:00:00+00:00,-8.675,115.475,4.0,0.63,0.0,28.21
NP04,2026-06-20 12:00:00+00:00,-8.675,115.475,4.0,0.47,0.0,28.02
NP04,2026-06-21 12:00:00+00:00,-8.675,115.475,4.0,0.66,0.0,28.19
NP04,2026-06-22 12:00:00+00:00,-8.675,115.475,4.0,0.65,0.0,28.15
NP04,2026-06-23 12:00:00+00:00,-8.675,115.475,4.0,0.81,0.0,28.28
NP04,2026-06-24 12:00:00+00:00,-8.675,115.475,4.0,1.0,0.0,28.44
NP04,2026-06-25 12:00:00+00:00,-8.675,115.475,4.0,0.47,0.0,27.89
NP04,2026-06-26 12:00:00+00:00,-8.675,115.475,4.0,0.84,0.0,28.23
NP04,2026-06-27 12:00:00+00:00,-8.675,115.475,4.0,1.07,0.0,28.43
NP04,2026-06-28 12:00:00+00:00,-8.675,115.475,4.0,0.93,0.0,28.26
NP04,2026-06-29 12:00:00+00:00,-8.675,115.475,4.0,0.95,0.0,28.26
NP04,2026-06-30 12:00:00+00:00,-8.675,115.475,4.0,0.8200000000000001,0.0,28.1
NP04,2026-07-01 12:00:00+00:00,-8.675,115.475,4.0,0.63,0.0,27.88
NP04,2026-07-02 12:00:00+00:00,-8.675,115.475,4.0,0.51,0.0,27.74
NP04,2026-07-03 12:00:00+00:00,-8.675,115.475,3.83,0.51,0.0,27.71
NP04,2026-07-04 12:00:00+00:00,-8.675,115.475,3.64,0.56,0.0,27.73
NP04,2026-07-05 12:00:00+00:00,-8.675,115.475,3.45,0.52,0.0,27.66
NP04,2026-07-06 12:00:00+00:00,-8.675,115.475,3.26,0.56,0.0,27.68
NP04,2026-07-07 12:00:00+00:00,-8.675,115.475,3.0700000000000003,0.77,0.0,27.86
NP04,2026-07-08 12:00:00+00:00,-8.675,115.475,3.0700000000000003,0.85,0.0,27.91
NP04,2026-07-09 12:00:00+00:00,-8.675,115.475,2.92,0.62,0.0,27.65
NP04,2026-07-10 12:00:00+00:00,-8.675,115.475,2.92,0.8200000000000001,0.0,27.83
NP04,2026-07-11 12:00:00+00:00,-8.675,115.475,2.75,0.8300000000000001,0.0,27.81
NP04,2026-07-12 12:00:00+00:00,-8.675,115.475,2.6,0.89,0.0,27.84
NP04,2026-07-13 12:00:00+00:00,-8.675,115.475,2.42,0.97,0.0,27.89
NP04,2026-07-14 12:00:00+00:00,-8.675,115.475,2.26,0.75,0.0,27.65
NP04,2026-07-15 12:00:00+00:00,-8.675,115.475,2.11,0.81,0.0,27.68
NP04,2026-07-16 12:00:00+00:00,-8.675,115.475,2.11,0.77,0.0,27.63
NP04,2026-07-17 12:00:00+00:00,-8.675,115.475,1.95,0.9,0.0,27.74
NP04,2026-07-18 12:00:00+00:00,-8.675,115.475,1.79,1.03,0.0,27.86
NP04,2026-07-19 12:00:00+00:00,-8.675,115.475,1.79,0.72,0.0,27.54
NP04,2026-07-20 12:00:00+00:00,-8.675,115.475,1.63,0.8200000000000001,0.0,27.62
NP04,2026-07-21 12:00:00+00:00,-8.675,115.475,1.44,0.6900000000000001,0.0,27.48
NP04,2026-07-22 12:00:00+00:00,-8.675,115.475,1.26,0.58,0.0,27.36
NP04,2026-07-23 12:00:00+00:00,-8.675,115.475,1.09,0.47,0.0,27.23
NP04,2026-07-24 12:00:00+00:00,-8.675,115.475,0.94,0.6,0.0,27.35
NP04,2026-07-25 12:00:00+00:00,-8.675,115.475,0.94,0.67,0.0,27.41
NP04,2026-07-26 12:00:00+00:00,-8.675,115.475,0.8,0.8300000000000001,0.0,27.55
NP04,2026-07-27 12:00:00+00:00,-8.675,115.475,0.65,0.77,0.0,27.48
NP04,2026-07-28 12:00:00+00:00,-8.675,115.475,0.65,0.74,0.0,27.44
NP04,2026-07-29 12:00:00+00:00,-8.675,115.475,0.65,0.59,0.0,27.27
NP04,2026-07-30 12:00:00+00:00,-8.675,115.475,0.65,0.43,0.0,27.1
NP04,2026-07-31 12:00:00+00:00,-8.675,115.475,0.49,0.6,0.0,27.26
NP04,2026-08-01 12:00:00+00:00,-8.675,115.475,0.49,0.4,0.0,27.05
NP04,2026-08-02 12:00:00+00:00,-8.675,115.475,0.49,0.35,0.0,26.98
NP04,2026-08-03 12:00:00+00:00,-8.675,115.475,0.49,0.39,0.0,27.01
NP04,2026-08-04 12:00:00+00:00,-8.675,115.475,0.49,0.31,0.0,26.92
NP04,2026-08-05 12:00:00+00:00,-8.675,115.475,0.34,0.55,0.0,27.14
NP04,2026-08-06 12:00:00+00:00,-8.675,115.475,0.34,0.35,0.0,26.93
NP04,2026-08-07 12:00:00+00:00,-8.675,115.475,0.17,0.23,0.0,26.8
NP04,2026-08-08 12:00:00+00:00,-8.675,115.475,0.0,0.32,0.0,26.87
NP04,2026-08-09 12:00:00+00:00,-8.675,115.475,0.0,0.66,0.0,27.2
NP04,2026-08-10 12:00:00+00:00,-8.675,115.475,0.0,0.45,0.0,26.98
NP04,2026-08-11 12:00:00+00:00,-8.675,115.475,0.0,0.36,0.0,26.87
NP04,2026-08-12 12:00:00+00:00,-8.675,115.475,0.0,0.41,0.0,26.91
NP04,2026-08-13 12:00:00+00:00,-8.675,115.475,0.0,0.56,0.0,27.05
NP04,2026-08-14 12:00:00+00:00,-8.675,115.475,0.0,-0.03,0.0,26.44
NP04,2026-08-15 12:00:00+00:00,-8.675,115.475,0.0,0.16,0.0,26.62
NP04,2026-08-16 12:00:00+00:00,-8.675,115.475,0.0,-0.38,0.0,26.08
NP04,2026-08-17 12:00:00+00:00,-8.675,115.475,0.0,-0.42,0.0,26.04
NP04,2026-08-18 12:00:00+00:00,-8.675,115.475,0.0,0.35,0.0,26.81
NP04,2026-08-19 12:00:00+00:00,-8.675,115.475,0.0,0.28,0.0,26.74
NP04,2026-08-20 12:00:00+00:00,-8.675,115.475,0.0,0.26,0.0,26.72
NP04,2026-08-21 12:00:00+00:00,-8.675,115.475,0.0,0.37,0.0,26.83
NP04,2026-08-22 12:00:00+00:00,-8.675,115.475,0.0,0.52,0.0,26.98
NP04,2026-08-23 12:00:00+00:00,-8.675,115.475,0.0,0.54,0.0,26.99
NP04,2026-08-24 12:00:00+00:00,-8.675,115.475,0.0,0.79,0.0,27.24
NP04,2026-08-25 12:00:00+00:00,-8.675,115.475,0.0,0.87,0.0,27.32
NP04,2026-08-26 12:00:00+00:00,-8.675,115.475,0.0,0.86,0.0,27.31
NP04,2026-08-27 12:00:00+00:00,-8.675,115.475,0.0,0.78,0.0,27.23
NP04,2026-08-28 12:00:00+00:00,-8.675,115.475,0.0,0.51,0.0,26.96
NP04,2026-08-29 12:00:00+00:00,-8.675,115.475,0.0,0.39,0.0,26.84
NP04,2026-08-30 12:00:00+00:00,-8.675,115.475,0.0,0.43,0.0,26.88
NP04,2026-08-31 12:00:00+00:00,-8.675,115.475,0.0,0.71,0.0,27.16
NP04,2026-09-01 12:00:00+00:00,-8.675,115.475,0.0,0.66,0.0,27.11
NP04,2026-09-02 12:00:00+00:00,-8.675,115.475,0.0,0.59,0.0,27.04
NP04,2026-09-03 12:00:00+00:00,-8.675,115.475,0.0,0.36,0.0,26.81
NP04,2026-09-04 12:00:00+00:00,-8.675,115.475,0.0,0.4,0.0,26.85
NP04,2026-09-05 12:00:00+00:00,-8.675,115.475,0.0,0.49,0.0,26.94
NP04,2026-09-06 12:00:00+00:00,-8.675,115.475,0.0,0.4,0.0,26.85
NP04,2026-09-07 12:00:00+00:00,-8.675,115.475,0.0,0.32,0.0,26.77
NP04,2026-09-08 12:00:00+00:00,-8.675,115.475,0.0,0.34,0.0,26.78
NP04,2026-09-09 12:00:00+00:00,-8.675,115.475,0.0,0.23,0.0,26.67
NP04,2026-09-10 12:00:00+00:00,-8.675,115.475,0.0,0.37,0.0,26.81
NP04,2026-09-11 12:00:00+00:00,-8.675,115.475,0.0,0.5700000000000001,0.0,27.01
NP04,2026-09-12 12:00:00+00:00,-8.675,115.475,0.0,0.74,0.0,27.18
NP04,2026-09-13 12:00:00+00:00,-8.675,115.475,0.0,0.75,0.0,27.19
NP04,2026-09-14 12:00:00+00:00,-8.675,115.475,0.0,0.62,0.0,27.06
NP04,2026-09-15 12:00:00+00:00,-8.675,115.475,0.0,0.42,0.0,26.86
NP04,2026-09-16 12:00:00+00:00,-8.675,115.475,0.0,0.51,0.0,26.97
NP04,2026-09-17 12:00:00+00:00,-8.675,115.475,0.0,0.58,0.0,27.07
NP04,2026-09-18 12:00:00+00:00,-8.675,115.475,0.0,0.8300000000000001,0.0,27.34
NP04,2026-09-19 12:00:00+00:00,-8.675,115.475,0.0,0.8200000000000001,0.0,27.35
NP04,2026-09-20 12:00:00+00:00,-8.675,115.475,0.0,0.8,0.0,27.36
NP04,2026-09-21 12:00:00+00:00,-8.675,115.475,0.0,0.64,0.0,27.22
NP04,2026-09-22 12:00:00+00:00,-8.675,115.475,0.0,0.72,0.0,27.32
NP04,2026-09-23 12:00:00+00:00,-8.675,115.475,0.0,0.72,0.0,27.35
NP04,2026-09-24 12:00:00+00:00,-8.675,115.475,0.0,0.87,0.0,27.52
NP04,2026-09-25 12:00:00+00:00,-8.675,115.475,0.0,0.73,0.0,27.4
NP04,2026-09-26 12:00:00+00:00,-8.675,115.475,0.0,0.54,0.0,27.24
NP04,2026-09-27 12:00:00+00:00,-8.675,115.475,0.0,0.74,0.0,27.46
NP04,2026-09-28 12:00:00+00:00,-8.675,115.475,0.0,0.64,0.0,27.38
NP04,2026-09-29 12:00:00+00:00,-8.675,115.475,0.0,0.36,0.0,27.13
NP04,2026-09-30 12:00:00+00:00,-8.675,115.475,0.0,0.52,0.0,27.31
NP04,2026-10-01 12:00:00+00:00,-8.675,115.475,0.0,0.46,0.0,27.27
NP04,2026-10-02 12:00:00+00:00,-8.675,115.475,0.0,0.17,0.0,27.01
NP04,2026-10-03 12:00:00+00:00,-8.675,115.475,0.0,0.5700000000000001,0.0,27.43
NP04,2026-10-04 12:00:00+00:00,-8.675,115.475,0.0,0.66,0.0,27.54
NP04,2026-10-05 12:00:00+00:00,-8.675,115.475,0.0,0.58,0.0,27.49
NP04,2026-10-06 12:00:00+00:00,-8.675,115.475,0.0,0.23,0.0,27.16
NP04,2026-10-07 12:00:00+00:00,-8.675,115.475,0.0,0.56,0.0,27.51
BL03,2026-04-10 12:00:00+00:00,-8.525,115.525,0.0,0.91,1.0,29.54
BL03,2026-04-11 12:00:00+00:00,-8.525,115.525,0.14,1.04,2.0,29.68
BL03,2026-04-12 12:00:00+00:00,-8.525,115.525,0.31,1.18,2.0,29.83
BL03,2026-04-13 12:00:00+00:00,-8.525,115.525,0.48,1.26,2.0,29.92
BL03,2026-04-14 12:00:00+00:00,-8.525,115.525,0.64,1.12,2.0,29.79
BL03,2026-04-15 12:00:00+00:00,-8.525,115.525,0.64,0.84,1.0,29.52
BL03,2026-04-16 12:00:00+00:00,-8.525,115.525,0.64,0.92,1.0,29.59
BL03,2026-04-17 12:00:00+00:00,-8.525,115.525,0.64,0.85,1.0,29.51
BL03,2026-04-18 12:00:00+00:00,-8.525,115.525,0.79,1.04,2.0,29.68
BL03,2026-04-19 12:00:00+00:00,-8.525,115.525,0.79,0.88,1.0,29.51
BL03,2026-04-20 12:00:00+00:00,-8.525,115.525,0.94,1.12,2.0,29.74
BL03,2026-04-21 12:00:00+00:00,-8.525,115.525,1.09,1.16,2.0,29.77
BL03,2026-04-22 12:00:00+00:00,-8.525,115.525,1.09,1.05,1.0,29.64
BL03,2026-04-23 12:00:00+00:00,-8.525,115.525,1.09,0.96,1.0,29.54
BL03,2026-04-24 12:00:00+00:00,-8.525,115.525,1.25,1.22,2.0,29.79
BL03,2026-04-26 12:00:00+00:00,-8.525,115.525,1.25,0.9,1.0,29.44
BL03,2026-04-27 12:00:00+00:00,-8.525,115.525,1.4,1.16,2.0,29.69
BL03,2026-04-28 12:00:00+00:00,-8.525,115.525,1.6,1.61,2.0,30.13
BL03,2026-04-29 12:00:00+00:00,-8.525,115.525,1.79,1.46,2.0,29.97
BL03,2026-04-30 12:00:00+00:00,-8.525,115.525,1.96,1.4,2.0,29.89
BL03,2026-05-01 12:00:00+00:00,-8.525,115.525,2.11,1.22,2.0,29.7
BL03,2026-05-02 12:00:00+00:00,-8.525,115.525,2.11,1.11,1.0,29.58
BL03,2026-05-03 12:00:00+00:00,-8.525,115.525,2.11,1.11,1.0,29.57
BL03,2026-05-04 12:00:00+00:00,-8.525,115.525,2.11,1.16,1.0,29.61
BL03,2026-05-05 12:00:00+00:00,-8.525,115.525,2.11,1.11,1.0,29.54
BL03,2026-05-06 12:00:00+00:00,-8.525,115.525,2.11,1.11,1.0,29.53
BL03,2026-05-07 12:00:00+00:00,-8.525,115.525,2.11,0.86,1.0,29.27
BL03,2026-05-08 12:00:00+00:00,-8.525,115.525,2.11,1.15,1.0,29.55
BL03,2026-05-09 12:00:00+00:00,-8.525,115.525,2.11,1.14,1.0,29.52
BL03,2026-05-10 12:00:00+00:00,-8.525,115.525,2.11,0.87,1.0,29.24
BL03,2026-05-11 12:00:00+00:00,-8.525,115.525,2.11,1.06,1.0,29.42
BL03,2026-05-12 12:00:00+00:00,-8.525,115.525,2.11,1.06,1.0,29.41
BL03,2026-05-13 12:00:00+00:00,-8.525,115.525,2.11,1.24,1.0,29.57
BL03,2026-05-14 12:00:00+00:00,-8.525,115.525,2.11,1.24,1.0,29.56
BL03,2026-05-15 12:00:00+00:00,-8.525,115.525,2.25,1.41,2.0,29.72
BL03,2026-05-16 12:00:00+00:00,-8.525,115.525,2.42,1.55,2.0,29.85
BL03,2026-05-17 12:00:00+00:00,-8.525,115.525,2.42,1.37,1.0,29.65
BL03,2026-05-18 12:00:00+00:00,-8.525,115.525,2.42,1.36,1.0,29.63
BL03,2026-05-19 12:00:00+00:00,-8.525,115.525,2.42,1.06,1.0,29.32
BL03,2026-05-20 12:00:00+00:00,-8.525,115.525,2.42,0.55,1.0,28.79
BL03,2026-05-21 12:00:00+00:00,-8.525,115.525,2.42,0.89,1.0,29.12
BL03,2026-05-22 12:00:00+00:00,-8.525,115.525,2.42,0.93,1.0,29.15
BL03,2026-05-23 12:00:00+00:00,-8.525,115.525,2.42,1.22,1.0,29.42
BL03,2026-05-24 12:00:00+00:00,-8.525,115.525,2.42,1.16,1.0,29.35
BL03,2026-05-25 12:00:00+00:00,-8.525,115.525,2.42,1.06,1.0,29.24
BL03,2026-05-26 12:00:00+00:00,-8.525,115.525,2.42,0.01,0.0,28.17
BL03,2026-05-27 12:00:00+00:00,-8.525,115.525,2.42,-0.32,0.0,27.83
BL03,2026-05-28 12:00:00+00:00,-8.525,115.525,2.42,-0.53,0.0,27.61
BL03,2026-05-29 12:00:00+00:00,-8.525,115.525,2.42,-0.18,0.0,27.94
BL03,2026-05-30 12:00:00+00:00,-8.525,115.525,2.42,-0.61,0.0,27.5
BL03,2026-05-31 12:00:00+00:00,-8.525,115.525,2.42,0.02,0.0,28.12
BL03,2026-06-01 12:00:00+00:00,-8.525,115.525,2.42,-0.23,0.0,27.86
BL03,2026-06-02 12:00:00+00:00,-8.525,115.525,2.42,-0.06,0.0,28.01
BL03,2026-06-03 12:00:00+00:00,-8.525,115.525,2.42,-0.13,0.0,27.93
BL03,2026-06-04 12:00:00+00:00,-8.525,115.525,2.42,-0.02,0.0,28.03
BL03,2026-06-05 12:00:00+00:00,-8.525,115.525,2.42,0.53,0.0,28.56
BL03,2026-06-06 12:00:00+00:00,-8.525,115.525,2.42,0.66,0.0,28.68
BL03,2026-06-07 12:00:00+00:00,-8.525,115.525,2.42,0.65,0.0,28.66
BL03,2026-06-08 12:00:00+00:00,-8.525,115.525,2.42,0.45,0.0,28.44
BL03,2026-06-09 12:00:00+00:00,-8.525,115.525,2.42,0.5,0.0,28.48
BL03,2026-06-10 12:00:00+00:00,-8.525,115.525,2.42,0.32,0.0,28.29
BL03,2026-06-11 12:00:00+00:00,-8.525,115.525,2.42,0.64,0.0,28.59
BL03,2026-06-12 12:00:00+00:00,-8.525,115.525,2.42,0.85,1.0,28.79
BL03,2026-06-13 12:00:00+00:00,-8.525,115.525,2.42,0.8300000000000001,1.0,28.76
BL03,2026-06-14 12:00:00+00:00,-8.525,115.525,2.42,0.95,1.0,28.86
BL03,2026-06-15 12:00:00+00:00,-8.525,115.525,2.42,0.73,0.0,28.63
BL03,2026-06-16 12:00:00+00:00,-8.525,115.525,2.42,0.43,0.0,28.3
BL03,2026-06-17 12:00:00+00:00,-8.525,115.525,2.42,0.43,0.0,28.28
BL03,2026-06-18 12:00:00+00:00,-8.525,115.525,2.42,0.5,0.0,28.32
BL03,2026-06-19 12:00:00+00:00,-8.525,115.525,2.42,0.47,0.0,28.27
BL03,2026-06-20 12:00:00+00:00,-8.525,115.525,2.42,0.24,0.0,28.01
BL03,2026-06-21 12:00:00+00:00,-8.525,115.525,2.42,0.52,0.0,28.27
BL03,2026-06-22 12:00:00+00:00,-8.525,115.525,2.42,0.61,0.0,28.33
BL03,2026-06-23 12:00:00+00:00,-8.525,115.525,2.42,0.71,0.0,28.41
BL03,2026-06-24 12:00:00+00:00,-8.525,115.525,2.42,0.8300000000000001,0.0,28.5
BL03,2026-06-25 12:00:00+00:00,-8.525,115.525,2.42,0.61,0.0,28.26
BL03,2026-06-26 12:00:00+00:00,-8.525,115.525,2.42,0.77,0.0,28.39
BL03,2026-06-27 12:00:00+00:00,-8.525,115.525,2.42,0.88,0.0,28.48
BL03,2026-06-28 12:00:00+00:00,-8.525,115.525,2.42,0.87,0.0,28.44
BL03,2026-06-29 12:00:00+00:00,-8.525,115.525,2.42,0.93,0.0,28.48
BL03,2026-06-30 12:00:00+00:00,-8.525,115.525,2.42,0.75,0.0,28.27
BL03,2026-07-01 12:00:00+00:00,-8.525,115.525,2.42,0.45,0.0,27.94
BL03,2026-07-02 12:00:00+00:00,-8.525,115.525,2.42,0.48,0.0,27.95
BL03,2026-07-03 12:00:00+00:00,-8.525,115.525,2.42,0.23,0.0,27.67
BL03,2026-07-04 12:00:00+00:00,-8.525,115.525,2.28,0.28,0.0,27.7
BL03,2026-07-05 12:00:00+00:00,-8.525,115.525,2.11,0.31,0.0,27.7
BL03,2026-07-06 12:00:00+00:00,-8.525,115.525,1.94,0.4,0.0,27.77
BL03,2026-07-07 12:00:00+00:00,-8.525,115.525,1.78,0.64,0.0,27.98
BL03,2026-07-08 12:00:00+00:00,-8.525,115.525,1.78,0.63,0.0,27.95
BL03,2026-07-09 12:00:00+00:00,-8.525,115.525,1.78,0.5,0.0,27.79
BL03,2026-07-10 12:00:00+00:00,-8.525,115.525,1.78,0.58,0.0,27.85
BL03,2026-07-11 12:00:00+00:00,-8.525,115.525,1.64,0.62,0.0,27.86
BL03,2026-07-12 12:00:00+00:00,-8.525,115.525,1.64,0.62,0.0,27.84
BL03,2026-07-13 12:00:00+00:00,-8.525,115.525,1.48,0.74,0.0,27.93
BL03,2026-07-14 12:00:00+00:00,-8.525,115.525,1.33,0.62,0.0,27.79
BL03,2026-07-15 12:00:00+00:00,-8.525,115.525,1.33,0.7000000000000001,0.0,27.84
BL03,2026-07-16 12:00:00+00:00,-8.525,115.525,1.33,0.75,0.0,27.88
BL03,2026-07-17 12:00:00+00:00,-8.525,115.525,1.17,0.77,0.0,27.88
BL03,2026-07-18 12:00:00+00:00,-8.525,115.525,1.17,0.87,0.0,27.97
BL03,2026-07-19 12:00:00+00:00,-8.525,115.525,1.17,0.58,0.0,27.67
BL03,2026-07-20 12:00:00+00:00,-8.525,115.525,1.03,0.5700000000000001,0.0,27.65
BL03,2026-07-21 12:00:00+00:00,-8.525,115.525,0.8200000000000001,0.53,0.0,27.59
BL03,2026-07-22 12:00:00+00:00,-8.525,115.525,0.63,0.47,0.0,27.52
BL03,2026-07-23 12:00:00+00:00,-8.525,115.525,0.46,0.42,0.0,27.46
BL03,2026-07-24 12:00:00+00:00,-8.525,115.525,0.32,0.43,0.0,27.45
BL03,2026-07-25 12:00:00+00:00,-8.525,115.525,0.32,0.45,0.0,27.46
BL03,2026-07-26 12:00:00+00:00,-8.525,115.525,0.32,0.61,0.0,27.61
BL03,2026-07-27 12:00:00+00:00,-8.525,115.525,0.32,0.6,0.0,27.59
BL03,2026-07-28 12:00:00+00:00,-8.525,115.525,0.32,0.47,0.0,27.44
BL03,2026-07-29 12:00:00+00:00,-8.525,115.525,0.32,0.33,0.0,27.29
BL03,2026-07-30 12:00:00+00:00,-8.525,115.525,0.32,0.27,0.0,27.22
BL03,2026-07-31 12:00:00+00:00,-8.525,115.525,0.32,0.23,0.0,27.16
BL03,2026-08-01 12:00:00+00:00,-8.525,115.525,0.32,0.08,0.0,27.0
BL03,2026-08-02 12:00:00+00:00,-8.525,115.525,0.32,0.28,0.0,27.19
BL03,2026-08-03 12:00:00+00:00,-8.525,115.525,0.32,0.07,0.0,26.96
BL03,2026-08-04 12:00:00+00:00,-8.525,115.525,0.32,-0.12,0.0,26.76
BL03,2026-08-05 12:00:00+00:00,-8.525,115.525,0.32,0.32,0.0,27.19
BL03,2026-08-06 12:00:00+00:00,-8.525,115.525,0.32,0.22,0.0,27.08
BL03,2026-08-07 12:00:00+00:00,-8.525,115.525,0.17,0.2,0.0,27.04
BL03,2026-08-08 12:00:00+00:00,-8.525,115.525,0.0,0.34,0.0,27.17
BL03,2026-08-09 12:00:00+00:00,-8.525,115.525,0.0,0.49,0.0,27.31
BL03,2026-08-10 12:00:00+00:00,-8.525,115.525,0.0,0.33,0.0,27.13
BL03,2026-08-11 12:00:00+00:00,-8.525,115.525,0.0,0.28,0.0,27.07
BL03,2026-08-12 12:00:00+00:00,-8.525,115.525,0.0,0.27,0.0,27.05
BL03,2026-08-13 12:00:00+00:00,-8.525,115.525,0.0,0.35,0.0,27.12
BL03,2026-08-14 12:00:00+00:00,-8.525,115.525,0.0,-0.08,0.0,26.67
BL03,2026-08-15 12:00:00+00:00,-8.525,115.525,0.0,-0.08,0.0,26.66
BL03,2026-08-16 12:00:00+00:00,-8.525,115.525,0.0,-0.55,0.0,26.19
BL03,2026-08-17 12:00:00+00:00,-8.525,115.525,0.0,-0.48,0.0,26.26
BL03,2026-08-18 12:00:00+00:00,-8.525,115.525,0.0,0.2,0.0,26.94
BL03,2026-08-19 12:00:00+00:00,-8.525,115.525,0.0,0.1,0.0,26.84
BL03,2026-08-20 12:00:00+00:00,-8.525,115.525,0.0,-0.13,0.0,26.61
BL03,2026-08-21 12:00:00+00:00,-8.525,115.525,0.0,-0.04,0.0,26.7
BL03,2026-08-22 12:00:00+00:00,-8.525,115.525,0.0,0.33,0.0,27.07
BL03,2026-08-23 12:00:00+00:00,-8.525,115.525,0.0,0.39,0.0,27.13
BL03,2026-08-24 12:00:00+00:00,-8.525,115.525,0.0,0.65,0.0,27.39
BL03,2026-08-25 12:00:00+00:00,-8.525,115.525,0.0,0.6900000000000001,0.0,27.43
BL03,2026-08-26 12:00:00+00:00,-8.525,115.525,0.0,0.7000000000000001,0.0,27.44
BL03,2026-08-27 12:00:00+00:00,-8.525,115.525,0.0,0.65,0.0,27.39
BL03,2026-08-28 12:00:00+00:00,-8.525,115.525,0.0,0.33,0.0,27.07
BL03,2026-08-29 12:00:00+00:00,-8.525,115.525,0.0,0.02,0.0,26.76
BL03,2026-08-30 12:00:00+00:00,-8.525,115.525,0.0,0.34,0.0,27.08
BL03,2026-08-31 12:00:00+00:00,-8.525,115.525,0.0,0.58,0.0,27.32
BL03,2026-09-01 12:00:00+00:00,-8.525,115.525,0.0,0.49,0.0,27.23
BL03,2026-09-02 12:00:00+00:00,-8.525,115.525,0.0,0.37,0.0,27.11
BL03,2026-09-03 12:00:00+00:00,-8.525,115.525,0.0,0.14,0.0,26.88
BL03,2026-09-04 12:00:00+00:00,-8.525,115.525,0.0,0.28,0.0,27.02
BL03,2026-09-05 12:00:00+00:00,-8.525,115.525,0.0,0.3,0.0,27.04
BL03,2026-09-06 12:00:00+00:00,-8.525,115.525,0.0,0.25,0.0,26.99
BL03,2026-09-07 12:00:00+00:00,-8.525,115.525,0.0,0.23,0.0,26.97
BL03,2026-09-08 12:00:00+00:00,-8.525,115.525,0.0,0.25,0.0,26.99
BL03,2026-09-09 12:00:00+00:00,-8.525,115.525,0.0,0.13,0.0,26.87
BL03,2026-09-10 12:00:00+00:00,-8.525,115.525,0.0,0.33,0.0,27.07
BL03,2026-09-11 12:00:00+00:00,-8.525,115.525,0.0,0.46,0.0,27.2
BL03,2026-09-12 12:00:00+00:00,-8.525,115.525,0.0,0.43,0.0,27.17
BL03,2026-09-13 12:00:00+00:00,-8.525,115.525,0.0,0.54,0.0,27.28
BL03,2026-09-14 12:00:00+00:00,-8.525,115.525,0.0,0.5,0.0,27.24
BL03,2026-09-15 12:00:00+00:00,-8.525,115.525,0.0,0.32,0.0,27.06
BL03,2026-09-16 12:00:00+00:00,-8.525,115.525,0.0,0.4,0.0,27.16
BL03,2026-09-17 12:00:00+00:00,-8.525,115.525,0.0,0.29,0.0,27.08
BL03,2026-09-18 12:00:00+00:00,-8.525,115.525,0.0,0.38,0.0,27.19
BL03,2026-09-19 12:00:00+00:00,-8.525,115.525,0.0,0.52,0.0,27.35
BL03,2026-09-20 12:00:00+00:00,-8.525,115.525,0.0,0.35,0.0,27.21
BL03,2026-09-21 12:00:00+00:00,-8.525,115.525,0.0,0.32,0.0,27.2
BL03,2026-09-22 12:00:00+00:00,-8.525,115.525,0.0,0.49,0.0,27.39
BL03,2026-09-23 12:00:00+00:00,-8.525,115.525,0.0,0.66,0.0,27.59
BL03,2026-09-24 12:00:00+00:00,-8.525,115.525,0.0,0.6900000000000001,0.0,27.64
BL03,2026-09-25 12:00:00+00:00,-8.525,115.525,0.0,0.55,0.0,27.52
BL03,2026-09-26 12:00:00+00:00,-8.525,115.525,0.0,0.32,0.0,27.32
BL03,2026-09-27 12:00:00+00:00,-8.525,115.525,0.0,0.41,0.0,27.43
BL03,2026-09-28 12:00:00+00:00,-8.525,115.525,0.0,0.35,0.0,27.39
BL03,2026-09-29 12:00:00+00:00,-8.525,115.525,0.0,0.21,0.0,27.28
BL03,2026-09-30 12:00:00+00:00,-8.525,115.525,0.0,0.31,0.0,27.4
BL03,2026-10-01 12:00:00+00:00,-8.525,115.525,0.0,0.32,0.0,27.43
BL03,2026-10-02 12:00:00+00:00,-8.525,115.525,0.0,0.13,0.0,27.27
BL03,2026-10-03 12:00:00+00:00,-8.525,115.525,0.0,0.47,0.0,27.63
BL03,2026-10-04 12:00:00+00:00,-8.525,115.525,0.0,0.43,0.0,27.61
BL03,2026-10-05 12:00:00+00:00,-8.525,115.525,0.0,0.42,0.0,27.63
BL03,2026-10-06 12:00:00+00:00,-8.525,115.525,0.0,0.19,0.0,27.42
BL03,2026-10-07 12:00:00+00:00,-8.525,115.525,0.0,0.51,0.0,27.76
BL04,2026-04-10 12:00:00+00:00,-8.075,114.525,0.0,1.08,1.0,29.97
BL04,2026-04-11 12:00:00+00:00,-8.075,114.525,0.17,1.29,2.0,30.19
BL04,2026-04-12 12:00:00+00:00,-8.075,114.525,0.35,1.36,2.0,30.27
BL04,2026-04-13 12:00:00+00:00,-8.075,114.525,0.51,1.24,2.0,30.16
BL04,2026-04-14 12:00:00+00:00,-8.075,114.525,0.68,1.25,2.0,30.19
BL04,2026-04-15 12:00:00+00:00,-8.075,114.525,0.8300000000000001,1.12,2.0,30.07
BL04,2026-04-16 12:00:00+00:00,-8.075,114.525,0.8300000000000001,1.05,1.0,30.0
BL04,2026-04-17 12:00:00+00:00,-8.075,114.525,1.01,1.33,2.0,30.28
BL04,2026-04-18 12:00:00+00:00,-8.075,114.525,1.18,1.32,2.0,30.26
BL04,2026-04-19 12:00:00+00:00,-8.075,114.525,1.33,1.11,2.0,30.05
BL04,2026-04-20 12:00:00+00:00,-8.075,114.525,1.48,1.12,2.0,30.06
BL04,2026-04-21 12:00:00+00:00,-8.075,114.525,1.48,0.91,1.0,29.85
BL04,2026-04-22 12:00:00+00:00,-8.075,114.525,1.48,0.98,1.0,29.91
BL04,2026-04-23 12:00:00+00:00,-8.075,114.525,1.48,0.91,1.0,29.84
BL04,2026-04-24 12:00:00+00:00,-8.075,114.525,1.64,1.2,2.0,30.13
BL04,2026-04-26 12:00:00+00:00,-8.075,114.525,1.8,0.99,1.0,29.91
BL04,2026-04-27 12:00:00+00:00,-8.075,114.525,1.8,0.94,1.0,29.86
BL04,2026-04-28 12:00:00+00:00,-8.075,114.525,1.95,1.11,2.0,30.03
BL04,2026-04-29 12:00:00+00:00,-8.075,114.525,2.12,1.27,2.0,30.19
BL04,2026-04-30 12:00:00+00:00,-8.075,114.525,2.12,0.98,1.0,29.89
BL04,2026-05-01 12:00:00+00:00,-8.075,114.525,2.27,1.21,2.0,30.12
BL04,2026-05-02 12:00:00+00:00,-8.075,114.525,2.45,1.36,2.0,30.27
BL04,2026-05-03 12:00:00+00:00,-8.075,114.525,2.6,1.16,2.0,30.07
BL04,2026-05-04 12:00:00+00:00,-8.075,114.525,2.75,1.18,2.0,30.09
BL04,2026-05-05 12:00:00+00:00,-8.075,114.525,2.92,1.25,2.0,30.15
BL04,2026-05-06 12:00:00+00:00,-8.075,114.525,3.09,1.35,2.0,30.25
BL04,2026-05-07 12:00:00+00:00,-8.075,114.525,3.27,1.34,2.0,30.24
BL04,2026-05-08 12:00:00+00:00,-8.075,114.525,3.27,1.09,1.0,29.99
BL04,2026-05-09 12:00:00+00:00,-8.075,114.525,3.27,1.06,1.0,29.95
BL04,2026-05-10 12:00:00+00:00,-8.075,114.525,3.42,1.22,2.0,30.11
BL04,2026-05-11 12:00:00+00:00,-8.075,114.525,3.58,1.21,2.0,30.1
BL04,2026-05-12 12:00:00+00:00,-8.075,114.525,3.74,1.25,2.0,30.14
BL04,2026-05-13 12:00:00+00:00,-8.075,114.525,3.89,1.19,2.0,30.07
BL04,2026-05-14 12:00:00+00:00,-8.075,114.525,4.05,1.28,3.0,30.16
BL04,2026-05-15 12:00:00+00:00,-8.075,114.525,4.05,1.03,1.0,29.91
BL04,2026-05-16 12:00:00+00:00,-8.075,114.525,4.05,1.1,1.0,29.96
BL04,2026-05-17 12:00:00+00:00,-8.075,114.525,4.05,0.97,1.0,29.82
BL04,2026-05-18 12:00:00+00:00,-8.075,114.525,4.21,1.31,3.0,30.14
BL04,2026-05-19 12:00:00+00:00,-8.075,114.525,4.21,0.95,1.0,29.77
BL04,2026-05-20 12:00:00+00:00,-8.075,114.525,4.21,1.05,1.0,29.85
BL04,2026-05-21 12:00:00+00:00,-8.075,114.525,4.21,1.18,1.0,29.97
BL04,2026-05-22 12:00:00+00:00,-8.075,114.525,4.21,0.97,1.0,29.74
BL04,2026-05-23 12:00:00+00:00,-8.075,114.525,4.38,1.49,3.0,30.25
BL04,2026-05-24 12:00:00+00:00,-8.075,114.525,4.5600000000000005,1.49,3.0,30.23
BL04,2026-05-25 12:00:00+00:00,-8.075,114.525,4.71,1.35,3.0,30.08
BL04,2026-05-26 12:00:00+00:00,-8.075,114.525,4.71,1.17,1.0,29.88
BL04,2026-05-27 12:00:00+00:00,-8.075,114.525,4.71,1.0,1.0,29.7
BL04,2026-05-28 12:00:00+00:00,-8.075,114.525,4.71,0.89,1.0,29.57
BL04,2026-05-29 12:00:00+00:00,-8.075,114.525,4.71,1.03,1.0,29.7
BL04,2026-05-30 12:00:00+00:00,-8.075,114.525,4.71,1.15,1.0,29.8
BL04,2026-05-31 12:00:00+00:00,-8.075,114.525,4.71,0.95,1.0,29.59
BL04,2026-06-01 12:00:00+00:00,-8.075,114.525,4.71,0.93,1.0,29.55
BL04,2026-06-02 12:00:00+00:00,-8.075,114.525,4.71,0.87,1.0,29.48
BL04,2026-06-03 12:00:00+00:00,-8.075,114.525,4.71,0.75,1.0,29.34
BL04,2026-06-04 12:00:00+00:00,-8.075,114.525,4.71,0.7000000000000001,1.0,29.28
BL04,2026-06-05 12:00:00+00:00,-8.075,114.525,4.71,0.79,1.0,29.35
BL04,2026-06-06 12:00:00+00:00,-8.075,114.525,4.71,0.71,1.0,29.26
BL04,2026-06-07 12:00:00+00:00,-8.075,114.525,4.71,0.7000000000000001,1.0,29.23
BL04,2026-06-08 12:00:00+00:00,-8.075,114.525,4.71,0.6,1.0,29.12
BL04,2026-06-09 12:00:00+00:00,-8.075,114.525,4.71,0.56,1.0,29.06
BL04,2026-06-10 12:00:00+00:00,-8.075,114.525,4.71,0.54,1.0,29.03
BL04,2026-06-11 12:00:00+00:00,-8.075,114.525,4.71,0.63,1.0,29.1
BL04,2026-06-12 12:00:00+00:00,-8.075,114.525,4.71,0.58,1.0,29.04
BL04,2026-06-13 12:00:00+00:00,-8.075,114.525,4.71,0.44,0.0,28.88
BL04,2026-06-14 12:00:00+00:00,-8.075,114.525,4.71,0.5700000000000001,0.0,29.0
BL04,2026-06-15 12:00:00+00:00,-8.075,114.525,4.71,0.52,0.0,28.93
BL04,2026-06-16 12:00:00+00:00,-8.075,114.525,4.71,0.43,0.0,28.82
BL04,2026-06-17 12:00:00+00:00,-8.075,114.525,4.71,0.43,0.0,28.8
BL04,2026-06-18 12:00:00+00:00,-8.075,114.525,4.71,0.51,0.0,28.85
BL04,2026-06-19 12:00:00+00:00,-8.075,114.525,4.71,0.46,0.0,28.78
BL04,2026-06-20 12:00:00+00:00,-8.075,114.525,4.71,0.39,0.0,28.69
BL04,2026-06-21 12:00:00+00:00,-8.075,114.525,4.71,0.49,0.0,28.77
BL04,2026-06-22 12:00:00+00:00,-8.075,114.525,4.71,0.45,0.0,28.71
BL04,2026-06-23 12:00:00+00:00,-8.075,114.525,4.71,0.52,0.0,28.75
BL04,2026-06-24 12:00:00+00:00,-8.075,114.525,4.71,0.55,0.0,28.76
BL04,2026-06-25 12:00:00+00:00,-8.075,114.525,4.71,0.48,0.0,28.67
BL04,2026-06-26 12:00:00+00:00,-8.075,114.525,4.71,0.5700000000000001,0.0,28.74
BL04,2026-06-27 12:00:00+00:00,-8.075,114.525,4.71,0.56,0.0,28.71
BL04,2026-06-28 12:00:00+00:00,-8.075,114.525,4.71,0.61,0.0,28.73
BL04,2026-06-29 12:00:00+00:00,-8.075,114.525,4.71,0.6,0.0,28.7
BL04,2026-06-30 12:00:00+00:00,-8.075,114.525,4.71,0.56,0.0,28.64
BL04,2026-07-01 12:00:00+00:00,-8.075,114.525,4.71,0.51,0.0,28.57
BL04,2026-07-02 12:00:00+00:00,-8.075,114.525,4.71,0.41,0.0,28.45
BL04,2026-07-03 12:00:00+00:00,-8.075,114.525,4.71,0.45,0.0,28.46
BL04,2026-07-04 12:00:00+00:00,-8.075,114.525,4.54,0.63,0.0,28.62
BL04,2026-07-05 12:00:00+00:00,-8.075,114.525,4.36,0.6,0.0,28.57
BL04,2026-07-06 12:00:00+00:00,-8.075,114.525,4.2,0.55,0.0,28.5
BL04,2026-07-07 12:00:00+00:00,-8.075,114.525,4.03,0.63,0.0,28.56
BL04,2026-07-08 12:00:00+00:00,-8.075,114.525,3.88,0.6,0.0,28.5
BL04,2026-07-09 12:00:00+00:00,-8.075,114.525,3.88,0.54,0.0,28.42
BL04,2026-07-10 12:00:00+00:00,-8.075,114.525,3.7,0.45,0.0,28.31
BL04,2026-07-11 12:00:00+00:00,-8.075,114.525,3.53,0.27,0.0,28.11
BL04,2026-07-12 12:00:00+00:00,-8.075,114.525,3.38,0.35,0.0,28.17
BL04,2026-07-13 12:00:00+00:00,-8.075,114.525,3.23,0.33,0.0,28.12
BL04,2026-07-14 12:00:00+00:00,-8.075,114.525,3.23,0.48,0.0,28.25
BL04,2026-07-15 12:00:00+00:00,-8.075,114.525,3.23,0.49,0.0,28.24
BL04,2026-07-16 12:00:00+00:00,-8.075,114.525,3.23,0.5700000000000001,0.0,28.31
BL04,2026-07-17 12:00:00+00:00,-8.075,114.525,3.0700000000000003,0.44,0.0,28.16
BL04,2026-07-18 12:00:00+00:00,-8.075,114.525,2.9,0.53,0.0,28.24
BL04,2026-07-19 12:00:00+00:00,-8.075,114.525,2.9,0.65,0.0,28.34
BL04,2026-07-20 12:00:00+00:00,-8.075,114.525,2.9,0.43,0.0,28.11
BL04,2026-07-21 12:00:00+00:00,-8.075,114.525,2.76,0.41,0.0,28.07
BL04,2026-07-22 12:00:00+00:00,-8.075,114.525,2.59,0.27,0.0,27.92
BL04,2026-07-23 12:00:00+00:00,-8.075,114.525,2.59,0.4,0.0,28.03
BL04,2026-07-24 12:00:00+00:00,-8.075,114.525,2.44,0.44,0.0,28.06
BL04,2026-07-25 12:00:00+00:00,-8.075,114.525,2.26,0.47,0.0,28.07
BL04,2026-07-26 12:00:00+00:00,-8.075,114.525,2.11,0.52,0.0,28.11
BL04,2026-07-27 12:00:00+00:00,-8.075,114.525,1.95,0.44,0.0,28.01
BL04,2026-07-28 12:00:00+00:00,-8.075,114.525,1.79,0.38,0.0,27.94
BL04,2026-07-29 12:00:00+00:00,-8.075,114.525,1.62,0.34,0.0,27.88
BL04,2026-07-30 12:00:00+00:00,-8.075,114.525,1.44,0.34,0.0,27.87
BL04,2026-07-31 12:00:00+00:00,-8.075,114.525,1.44,0.28,0.0,27.79
BL04,2026-08-01 12:00:00+00:00,-8.075,114.525,1.44,0.22,0.0,27.72
BL04,2026-08-02 12:00:00+00:00,-8.075,114.525,1.29,0.17,0.0,27.65
BL04,2026-08-03 12:00:00+00:00,-8.075,114.525,1.13,0.41,0.0,27.88
BL04,2026-08-04 12:00:00+00:00,-8.075,114.525,0.97,0.5,0.0,27.95
BL04,2026-08-05 12:00:00+00:00,-8.075,114.525,0.8200000000000001,0.43,0.0,27.87
BL04,2026-08-06 12:00:00+00:00,-8.075,114.525,0.66,0.46,0.0,27.88
BL04,2026-08-07 12:00:00+00:00,-8.075,114.525,0.66,0.51,0.0,27.92
BL04,2026-08-08 12:00:00+00:00,-8.075,114.525,0.66,0.58,0.0,27.97
BL04,2026-08-09 12:00:00+00:00,-8.075,114.525,0.66,0.49,0.0,27.87
BL04,2026-08-10 12:00:00+00:00,-8.075,114.525,0.5,0.54,0.0,27.9
BL04,2026-08-11 12:00:00+00:00,-8.075,114.525,0.5,0.46,0.0,27.81
BL04,2026-08-12 12:00:00+00:00,-8.075,114.525,0.5,0.56,0.0,27.89
BL04,2026-08-13 12:00:00+00:00,-8.075,114.525,0.5,0.46,0.0,27.78
BL04,2026-08-14 12:00:00+00:00,-8.075,114.525,0.5,0.54,0.0,27.84
BL04,2026-08-15 12:00:00+00:00,-8.075,114.525,0.32,0.34,0.0,27.63
BL04,2026-08-16 12:00:00+00:00,-8.075,114.525,0.15,0.39,0.0,27.68
BL04,2026-08-17 12:00:00+00:00,-8.075,114.525,0.0,0.52,0.0,27.81
BL04,2026-08-18 12:00:00+00:00,-8.075,114.525,0.0,0.35,0.0,27.65
BL04,2026-08-19 12:00:00+00:00,-8.075,114.525,0.0,0.27,0.0,27.57
BL04,2026-08-20 12:00:00+00:00,-8.075,114.525,0.0,0.43,0.0,27.73
BL04,2026-08-21 12:00:00+00:00,-8.075,114.525,0.0,0.39,0.0,27.69
BL04,2026-08-22 12:00:00+00:00,-8.075,114.525,0.0,0.65,0.0,27.96
BL04,2026-08-23 12:00:00+00:00,-8.075,114.525,0.0,0.64,0.0,27.95
BL04,2026-08-24 12:00:00+00:00,-8.075,114.525,0.0,0.56,0.0,27.87
BL04,2026-08-25 12:00:00+00:00,-8.075,114.525,0.0,0.37,0.0,27.68
BL04,2026-08-26 12:00:00+00:00,-8.075,114.525,0.0,0.54,0.0,27.85
BL04,2026-08-27 12:00:00+00:00,-8.075,114.525,0.0,0.6,0.0,27.92
BL04,2026-08-28 12:00:00+00:00,-8.075,114.525,0.0,0.43,0.0,27.75
BL04,2026-08-29 12:00:00+00:00,-8.075,114.525,0.0,0.34,0.0,27.66
BL04,2026-08-30 12:00:00+00:00,-8.075,114.525,0.0,0.51,0.0,27.83
BL04,2026-08-31 12:00:00+00:00,-8.075,114.525,0.0,0.61,0.0,27.94
BL04,2026-09-01 12:00:00+00:00,-8.075,114.525,0.0,0.51,0.0,27.84
BL04,2026-09-02 12:00:00+00:00,-8.075,114.525,0.0,0.56,0.0,27.89
BL04,2026-09-03 12:00:00+00:00,-8.075,114.525,0.0,0.52,0.0,27.85
BL04,2026-09-04 12:00:00+00:00,-8.075,114.525,0.0,0.47,0.0,27.81
BL04,2026-09-05 12:00:00+00:00,-8.075,114.525,0.0,0.46,0.0,27.8
BL04,2026-09-06 12:00:00+00:00,-8.075,114.525,0.0,0.4,0.0,27.74
BL04,2026-09-07 12:00:00+00:00,-8.075,114.525,0.0,0.31,0.0,27.65
BL04,2026-09-08 12:00:00+00:00,-8.075,114.525,0.0,0.38,0.0,27.72
BL04,2026-09-09 12:00:00+00:00,-8.075,114.525,0.0,0.29,0.0,27.64
BL04,2026-09-10 12:00:00+00:00,-8.075,114.525,0.0,0.4,0.0,27.75
BL04,2026-09-11 12:00:00+00:00,-8.075,114.525,0.0,0.36,0.0,27.71
BL04,2026-09-12 12:00:00+00:00,-8.075,114.525,0.0,0.44,0.0,27.79
BL04,2026-09-13 12:00:00+00:00,-8.075,114.525,0.0,0.42,0.0,27.78
BL04,2026-09-14 12:00:00+00:00,-8.075,114.525,0.0,0.46,0.0,27.82
BL04,2026-09-15 12:00:00+00:00,-8.075,114.525,0.0,0.47,0.0,27.83
BL04,2026-09-16 12:00:00+00:00,-8.075,114.525,0.0,0.29,0.0,27.67
BL04,2026-09-17 12:00:00+00:00,-8.075,114.525,0.0,0.29,0.0,27.69
BL04,2026-09-18 12:00:00+00:00,-8.075,114.525,0.0,0.31,0.0,27.73
BL04,2026-09-19 12:00:00+00:00,-8.075,114.525,0.0,0.29,0.0,27.74
BL04,2026-09-20 12:00:00+00:00,-8.075,114.525,0.0,0.44,0.0,27.91
BL04,2026-09-21 12:00:00+00:00,-8.075,114.525,0.0,0.39,0.0,27.88
BL04,2026-09-22 12:00:00+00:00,-8.075,114.525,0.0,0.36,0.0,27.87
BL04,2026-09-23 12:00:00+00:00,-8.075,114.525,0.0,0.54,0.0,28.07
BL04,2026-09-24 12:00:00+00:00,-8.075,114.525,0.0,0.24,0.0,27.79
BL04,2026-09-25 12:00:00+00:00,-8.075,114.525,0.0,0.45,0.0,28.02
BL04,2026-09-26 12:00:00+00:00,-8.075,114.525,0.0,0.43,0.0,28.02
BL04,2026-09-27 12:00:00+00:00,-8.075,114.525,0.0,0.46,0.0,28.08
BL04,2026-09-28 12:00:00+00:00,-8.075,114.525,0.0,0.15,0.0,27.79
BL04,2026-09-29 12:00:00+00:00,-8.075,114.525,0.0,0.3,0.0,27.96
BL04,2026-09-30 12:00:00+00:00,-8.075,114.525,0.0,0.28,0.0,27.96
BL04,2026-10-01 12:00:00+00:00,-8.075,114.525,0.0,0.28,0.0,27.98
BL04,2026-10-02 12:00:00+00:00,-8.075,114.525,0.0,0.32,0.0,28.04
BL04,2026-10-03 12:00:00+00:00,-8.075,114.525,0.0,0.42,0.0,28.16
BL04,2026-10-04 12:00:00+00:00,-8.075,114.525,0.0,0.5,0.0,28.27
BL04,2026-10-05 12:00:00+00:00,-8.075,114.525,0.0,0.2,0.0,27.99
BL04,2026-10-06 12:00:00+00:00,-8.075,114.525,0.0,-0.38,0.0,27.43
BL04,2026-10-07 12:00:00+00:00,-8.075,114.525,0.0,0.32,0.0,28.15
GL03,2026-04-10 12:00:00+00:00,29.425,34.925,0.0,0.72,0.0,22.13
GL03,2026-04-11 12:00:00+00:00,29.425,34.925,0.0,0.73,0.0,22.16
GL03,2026-04-12 12:00:00+00:00,29.425,34.925,0.0,0.76,0.0,22.21
GL03,2026-04-13 12:00:00+00:00,29.425,34.925,0.0,0.64,0.0,22.12
GL03,2026-04-14 12:00:00+00:00,29.425,34.925,0.0,1.0,0.0,22.5
GL03,2026-04-15 12:00:00+00:00,29.425,34.925,0.0,0.67,0.0,22.19
GL03,2026-04-16 12:00:00+00:00,29.425,34.925,0.0,1.27,0.0,22.84
GL03,2026-04-17 12:00:00+00:00,29.425,34.925,0.0,1.44,0.0,23.06
GL03,2026-04-18 12:00:00+00:00,29.425,34.925,0.0,0.78,0.0,22.45
GL03,2026-04-19 12:00:00+00:00,29.425,34.925,0.0,0.79,0.0,22.5
GL03,2026-04-20 12:00:00+00:00,29.425,34.925,0.0,0.88,0.0,22.64
GL03,2026-04-21 12:00:00+00:00,29.425,34.925,0.0,0.79,0.0,22.6
GL03,2026-04-22 12:00:00+00:00,29.425,34.925,0.0,0.76,0.0,22.62
GL03,2026-04-23 12:00:00+00:00,29.425,34.925,0.0,0.65,0.0,22.56
GL03,2026-04-24 12:00:00+00:00,29.425,34.925,0.0,0.43,0.0,22.38
GL03,2026-04-26 12:00:00+00:00,29.425,34.925,0.0,0.97,0.0,23.02
GL03,2026-04-27 12:00:00+00:00,29.425,34.925,0.0,0.72,0.0,22.82
GL03,2026-04-28 12:00:00+00:00,29.425,34.925,0.0,0.36,0.0,22.51
GL03,2026-04-29 12:00:00+00:00,29.425,34.925,0.0,0.42,0.0,22.62
GL03,2026-04-30 12:00:00+00:00,29.425,34.925,0.0,0.5,0.0,22.74
GL03,2026-05-01 12:00:00+00:00,29.425,34.925,0.0,0.64,0.0,22.93
GL03,2026-05-02 12:00:00+00:00,29.425,34.925,0.0,0.65,0.0,22.99
GL03,2026-05-03 12:00:00+00:00,29.425,34.925,0.0,0.5,0.0,22.89
GL03,2026-05-04 12:00:00+00:00,29.425,34.925,0.0,0.62,0.0,23.06
GL03,2026-05-05 12:00:00+00:00,29.425,34.925,0.0,0.48,0.0,22.97
GL03,2026-05-06 12:00:00+00:00,29.425,34.925,0.0,0.11,0.0,22.64
GL03,2026-05-07 12:00:00+00:00,29.425,34.925,0.0,-0.18,0.0,22.4
GL03,2026-05-08 12:00:00+00:00,29.425,34.925,0.0,-0.24,0.0,22.39
GL03,2026-05-09 12:00:00+00:00,29.425,34.925,0.0,-0.33,0.0,22.35
GL03,2026-05-10 12:00:00+00:00,29.425,34.925,0.0,-0.27,0.0,22.46
GL03,2026-05-11 12:00:00+00:00,29.425,34.925,0.0,0.02,0.0,22.8
GL03,2026-05-12 12:00:00+00:00,29.425,34.925,0.0,0.71,0.0,23.53
GL03,2026-05-13 12:00:00+00:00,29.425,34.925,0.0,0.32,0.0,23.19
GL03,2026-05-14 12:00:00+00:00,29.425,34.925,0.0,0.85,0.0,23.77
GL03,2026-05-15 12:00:00+00:00,29.425,34.925,0.0,0.17,0.0,23.14
GL03,2026-05-16 12:00:00+00:00,29.425,34.925,0.0,0.16,0.0,23.18
GL03,2026-05-17 12:00:00+00:00,29.425,34.925,0.0,0.46,0.0,23.54
GL03,2026-05-18 12:00:00+00:00,29.425,34.925,0.0,0.89,0.0,24.02
GL03,2026-05-19 12:00:00+00:00,29.425,34.925,0.0,0.45,0.0,23.64
GL03,2026-05-20 12:00:00+00:00,29.425,34.925,0.0,0.19,0.0,23.43
GL03,2026-05-21 12:00:00+00:00,29.425,34.925,0.0,0.23,0.0,23.52
GL03,2026-05-22 12:00:00+00:00,29.425,34.925,0.0,0.08,0.0,23.43
GL03,2026-05-23 12:00:00+00:00,29.425,34.925,0.0,0.11,0.0,23.51
GL03,2026-05-24 12:00:00+00:00,29.425,34.925,0.0,0.12,0.0,23.57
GL03,2026-05-25 12:00:00+00:00,29.425,34.925,0.0,0.07,0.0,23.58
GL03,2026-05-26 12:00:00+00:00,29.425,34.925,0.0,-0.1,0.0,23.46
GL03,2026-05-27 12:00:00+00:00,29.425,34.925,0.0,-0.24,0.0,23.38
GL03,2026-05-28 12:00:00+00:00,29.425,34.925,0.0,0.0,0.0,23.67
GL03,2026-05-29 12:00:00+00:00,29.425,34.925,0.0,0.08,0.0,23.8
GL03,2026-05-30 12:00:00+00:00,29.425,34.925,0.0,0.15,0.0,23.93
GL03,2026-05-31 12:00:00+00:00,29.425,34.925,0.0,0.14,0.0,23.97
GL03,2026-06-01 12:00:00+00:00,29.425,34.925,0.0,0.25,0.0,24.14
GL03,2026-06-02 12:00:00+00:00,29.425,34.925,0.0,0.38,0.0,24.32
GL03,2026-06-03 12:00:00+00:00,29.425,34.925,0.0,0.42,0.0,24.41
GL03,2026-06-04 12:00:00+00:00,29.425,34.925,0.0,0.15,0.0,24.2
GL03,2026-06-05 12:00:00+00:00,29.425,34.925,0.0,-0.13,0.0,23.97
GL03,2026-06-06 12:00:00+00:00,29.425,34.925,0.0,0.26,0.0,24.42
GL03,2026-06-07 12:00:00+00:00,29.425,34.925,0.0,-0.15,0.0,24.06
GL03,2026-06-08 12:00:00+00:00,29.425,34.925,0.0,-0.03,0.0,24.23
GL03,2026-06-09 12:00:00+00:00,29.425,34.925,0.0,0.58,0.0,24.9
GL03,2026-06-10 12:00:00+00:00,29.425,34.925,0.0,0.51,0.0,24.88
GL03,2026-06-11 12:00:00+00:00,29.425,34.925,0.0,0.29,0.0,24.71
GL03,2026-06-12 12:00:00+00:00,29.425,34.925,0.0,0.15,0.0,24.63
GL03,2026-06-13 12:00:00+00:00,29.425,34.925,0.0,0.32,0.0,24.85
GL03,2026-06-14 12:00:00+00:00,29.425,34.925,0.0,0.33,0.0,24.92
GL03,2026-06-15 12:00:00+00:00,29.425,34.925,0.0,0.16,0.0,24.8
GL03,2026-06-16 12:00:00+00:00,29.425,34.925,0.0,0.07,0.0,24.76
GL03,2026-06-17 12:00:00+00:00,29.425,34.925,0.0,0.11,0.0,24.85
GL03,2026-06-18 12:00:00+00:00,29.425,34.925,0.0,0.09,0.0,24.87
GL03,2026-06-19 12:00:00+00:00,29.425,34.925,0.0,0.23,0.0,25.06
GL03,2026-06-20 12:00:00+00:00,29.425,34.925,0.0,0.01,0.0,24.89
GL03,2026-06-21 12:00:00+00:00,29.425,34.925,0.0,0.1,0.0,25.03
GL03,2026-06-22 12:00:00+00:00,29.425,34.925,0.0,-0.1,0.0,24.88
GL03,2026-06-23 12:00:00+00:00,29.425,34.925,0.0,-0.02,0.0,25.01
GL03,2026-06-24 12:00:00+00:00,29.425,34.925,0.0,0.08,0.0,25.15
GL03,2026-06-25 12:00:00+00:00,29.425,34.925,0.0,0.23,0.0,25.35
GL03,2026-06-26 12:00:00+00:00,29.425,34.925,0.0,0.19,0.0,25.36
GL03,2026-06-27 12:00:00+00:00,29.425,34.925,0.0,0.27,0.0,25.49
GL03,2026-06-28 12:00:00+00:00,29.425,34.925,0.0,0.27,0.0,25.54
GL03,2026-06-29 12:00:00+00:00,29.425,34.925,0.0,0.28,0.0,25.6
GL03,2026-06-30 12:00:00+00:00,29.425,34.925,0.0,0.02,0.0,25.38
GL03,2026-07-01 12:00:00+00:00,29.425,34.925,0.0,-0.01,0.0,25.4
GL03,2026-07-02 12:00:00+00:00,29.425,34.925,0.0,0.0,0.0,25.46
GL03,2026-07-03 12:00:00+00:00,29.425,34.925,0.0,0.0,0.0,25.51
GL03,2026-07-04 12:00:00+00:00,29.425,34.925,0.0,0.12,0.0,25.68
GL03,2026-07-05 12:00:00+00:00,29.425,34.925,0.0,0.42,0.0,26.03
GL03,2026-07-06 12:00:00+00:00,29.425,34.925,0.0,0.87,0.0,26.53
GL03,2026-07-07 12:00:00+00:00,29.425,34.925,0.0,0.68,0.0,26.38
GL03,2026-07-08 12:00:00+00:00,29.425,34.925,0.0,0.46,0.0,26.21
GL03,2026-07-09 12:00:00+00:00,29.425,34.925,0.0,0.45,0.0,26.25
GL03,2026-07-10 12:00:00+00:00,29.425,34.925,0.0,0.46,0.0,26.31
GL03,2026-07-11 12:00:00+00:00,29.425,34.925,0.0,0.03,0.0,25.93
GL03,2026-07-12 12:00:00+00:00,29.425,34.925,0.0,-0.11,0.0,25.83
GL03,2026-07-13 12:00:00+00:00,29.425,34.925,0.0,-0.04,0.0,25.95
GL03,2026-07-14 12:00:00+00:00,29.425,34.925,0.0,0.05,0.0,26.09
GL03,2026-07-15 12:00:00+00:00,29.425,34.925,0.0,-0.01,0.0,26.08
GL03,2026-07-16 12:00:00+00:00,29.425,34.925,0.0,0.17,0.0,26.29
GL03,2026-07-17 12:00:00+00:00,29.425,34.925,0.0,0.58,0.0,26.73
GL03,2026-07-18 12:00:00+00:00,29.425,34.925,0.0,1.04,1.0,27.22
GL03,2026-07-19 12:00:00+00:00,29.425,34.925,0.15,1.83,2.0,28.04
GL03,2026-07-20 12:00:00+00:00,29.425,34.925,0.29,1.76,2.0,28.0
GL03,2026-07-21 12:00:00+00:00,29.425,34.925,0.29,1.49,1.0,27.76
GL03,2026-07-22 12:00:00+00:00,29.425,34.925,0.29,1.44,1.0,27.74
GL03,2026-07-23 12:00:00+00:00,29.425,34.925,0.29,1.5,1.0,27.82
GL03,2026-07-24 12:00:00+00:00,29.425,34.925,0.29,1.13,1.0,27.48
GL03,2026-07-25 12:00:00+00:00,29.425,34.925,0.29,1.53,1.0,27.91
GL03,2026-07-26 12:00:00+00:00,29.425,34.925,0.29,1.0,1.0,27.41
GL03,2026-07-27 12:00:00+00:00,29.425,34.925,0.29,0.53,0.0,26.97
GL03,2026-07-28 12:00:00+00:00,29.425,34.925,0.29,0.21,0.0,26.68
GL03,2026-07-29 12:00:00+00:00,29.425,34.925,0.29,0.53,1.0,27.03
GL03,2026-07-30 12:00:00+00:00,29.425,34.925,0.29,0.91,1.0,27.44
GL03,2026-07-31 12:00:00+00:00,29.425,34.925,0.29,1.24,1.0,27.8
GL03,2026-08-01 12:00:00+00:00,29.425,34.925,0.47,1.63,2.0,28.22
GL03,2026-08-02 12:00:00+00:00,29.425,34.925,0.7000000000000001,2.0,2.0,28.62
GL03,2026-08-03 12:00:00+00:00,29.425,34.925,0.7000000000000001,1.34,1.0,27.99
GL03,2026-08-04 12:00:00+00:00,29.425,34.925,0.7000000000000001,1.08,1.0,27.76
GL03,2026-08-05 12:00:00+00:00,29.425,34.925,0.7000000000000001,0.94,1.0,27.65
GL03,2026-08-06 12:00:00+00:00,29.425,34.925,0.7000000000000001,0.84,1.0,27.58
GL03,2026-08-07 12:00:00+00:00,29.425,34.925,0.7000000000000001,0.8300000000000001,1.0,27.6
GL03,2026-08-08 12:00:00+00:00,29.425,34.925,0.7000000000000001,1.18,1.0,27.97
GL03,2026-08-09 12:00:00+00:00,29.425,34.925,0.7000000000000001,1.17,1.0,27.99
GL03,2026-08-10 12:00:00+00:00,29.425,34.925,0.85,1.22,2.0,28.07
GL03,2026-08-11 12:00:00+00:00,29.425,34.925,1.06,1.57,2.0,28.45
GL03,2026-08-12 12:00:00+00:00,29.425,34.925,1.32,1.9,2.0,28.81
GL03,2026-08-13 12:00:00+00:00,29.425,34.925,1.56,1.79,2.0,28.73
GL03,2026-08-14 12:00:00+00:00,29.425,34.925,1.8,1.66,2.0,28.63
GL03,2026-08-15 12:00:00+00:00,29.425,34.925,2.05,1.77,2.0,28.77
GL03,2026-08-16 12:00:00+00:00,29.425,34.925,2.3000000000000003,1.77,2.0,28.74
GL03,2026-08-17 12:00:00+00:00,29.425,34.925,2.53,1.67,2.0,28.62
GL03,2026-08-18 12:00:00+00:00,29.425,34.925,2.71,1.33,2.0,28.25
GL03,2026-08-19 12:00:00+00:00,29.425,34.925,2.86,1.15,2.0,28.04
GL03,2026-08-20 12:00:00+00:00,29.425,34.925,2.86,1.0,1.0,27.86
GL03,2026-08-21 12:00:00+00:00,29.425,34.925,2.86,1.15,1.0,27.99
GL03,2026-08-22 12:00:00+00:00,29.425,34.925,3.03,1.4,2.0,28.21
GL03,2026-08-23 12:00:00+00:00,29.425,34.925,3.21,1.51,2.0,28.29
GL03,2026-08-24 12:00:00+00:00,29.425,34.925,3.38,1.45,2.0,28.2
GL03,2026-08-25 12:00:00+00:00,29.425,34.925,3.38,1.26,1.0,27.99
GL03,2026-08-26 12:00:00+00:00,29.425,34.925,3.54,1.36,2.0,28.06
GL03,2026-08-27 12:00:00+00:00,29.425,34.925,3.54,1.12,1.0,27.79
GL03,2026-08-28 12:00:00+00:00,29.425,34.925,3.54,1.24,1.0,27.88
GL03,2026-08-29 12:00:00+00:00,29.425,34.925,3.54,1.03,1.0,27.65
GL03,2026-08-30 12:00:00+00:00,29.425,34.925,3.54,1.35,1.0,27.94
GL03,2026-08-31 12:00:00+00:00,29.425,34.925,3.54,1.2,1.0,27.76
GL03,2026-09-01 12:00:00+00:00,29.425,34.925,3.54,1.24,1.0,27.77
GL03,2026-09-02 12:00:00+00:00,29.425,34.925,3.54,1.23,1.0,27.74
GL03,2026-09-03 12:00:00+00:00,29.425,34.925,3.54,1.39,1.0,27.87
GL03,2026-09-04 12:00:00+00:00,29.425,34.925,3.54,1.46,1.0,27.91
GL03,2026-09-05 12:00:00+00:00,29.425,34.925,3.54,1.38,1.0,27.8
GL03,2026-09-06 12:00:00+00:00,29.425,34.925,3.54,1.31,1.0,27.71
GL03,2026-09-07 12:00:00+00:00,29.425,34.925,3.54,1.07,1.0,27.44
GL03,2026-09-08 12:00:00+00:00,29.425,34.925,3.54,1.18,1.0,27.52
GL03,2026-09-09 12:00:00+00:00,29.425,34.925,3.54,1.32,1.0,27.63
GL03,2026-09-10 12:00:00+00:00,29.425,34.925,3.54,1.41,1.0,27.7
GL03,2026-09-11 12:00:00+00:00,29.425,34.925,3.54,1.34,1.0,27.6
GL03,2026-09-12 12:00:00+00:00,29.425,34.925,3.54,1.17,1.0,27.4
GL03,2026-09-13 12:00:00+00:00,29.425,34.925,3.54,1.27,1.0,27.47
GL03,2026-09-14 12:00:00+00:00,29.425,34.925,3.54,1.32,1.0,27.5
GL03,2026-09-15 12:00:00+00:00,29.425,34.925,3.54,1.25,1.0,27.4
GL03,2026-09-16 12:00:00+00:00,29.425,34.925,3.54,1.28,1.0,27.39
GL03,2026-09-17 12:00:00+00:00,29.425,34.925,3.54,1.4,1.0,27.47
GL03,2026-09-18 12:00:00+00:00,29.425,34.925,3.54,1.39,1.0,27.42
GL03,2026-09-19 12:00:00+00:00,29.425,34.925,3.54,1.31,1.0,27.31
GL03,2026-09-20 12:00:00+00:00,29.425,34.925,3.54,1.21,1.0,27.17
GL03,2026-09-21 12:00:00+00:00,29.425,34.925,3.54,1.27,1.0,27.19
GL03,2026-09-22 12:00:00+00:00,29.425,34.925,3.54,1.3,1.0,27.18
GL03,2026-09-23 12:00:00+00:00,29.425,34.925,3.54,1.17,1.0,27.01
GL03,2026-09-24 12:00:00+00:00,29.425,34.925,3.54,1.06,0.0,26.86
GL03,2026-09-25 12:00:00+00:00,29.425,34.925,3.54,1.08,0.0,26.84
GL03,2026-09-26 12:00:00+00:00,29.425,34.925,3.54,1.08,0.0,26.8
GL03,2026-09-27 12:00:00+00:00,29.425,34.925,3.54,1.23,0.0,26.92
GL03,2026-09-28 12:00:00+00:00,29.425,34.925,3.54,1.31,0.0,26.96
GL03,2026-09-29 12:00:00+00:00,29.425,34.925,3.54,1.05,0.0,26.66
GL03,2026-09-30 12:00:00+00:00,29.425,34.925,3.54,1.01,0.0,26.58
GL03,2026-10-01 12:00:00+00:00,29.425,34.925,3.54,0.99,0.0,26.52
GL03,2026-10-02 12:00:00+00:00,29.425,34.925,3.54,1.31,0.0,26.8
GL03,2026-10-03 12:00:00+00:00,29.425,34.925,3.54,1.17,0.0,26.62
GL03,2026-10-04 12:00:00+00:00,29.425,34.925,3.54,1.31,0.0,26.73
GL03,2026-10-05 12:00:00+00:00,29.425,34.925,3.54,1.38,0.0,26.76
GL03,2026-10-06 12:00:00+00:00,29.425,34.925,3.54,1.25,0.0,26.59
GL03,2026-10-07 12:00:00+00:00,29.425,34.925,3.54,0.79,0.0,26.09
GL04,2026-04-10 12:00:00+00:00,8.875,119.925,0.0,0.34,0.0,28.94
GL04,2026-04-11 12:00:00+00:00,8.875,119.925,0.0,0.68,0.0,29.32
GL04,2026-04-12 12:00:00+00:00,8.875,119.925,0.0,0.37,0.0,29.06
GL04,2026-04-13 12:00:00+00:00,8.875,119.925,0.0,0.5,0.0,29.23
GL04,2026-04-14 12:00:00+00:00,8.875,119.925,0.0,0.27,0.0,29.05
GL04,2026-04-15 12:00:00+00:00,8.875,119.925,0.0,0.09,0.0,28.91
GL04,2026-04-16 12:00:00+00:00,8.875,119.925,0.0,0.23,0.0,29.07
GL04,2026-04-17 12:00:00+00:00,8.875,119.925,0.0,0.34,0.0,29.21
GL04,2026-04-18 12:00:00+00:00,8.875,119.925,0.0,0.39,0.0,29.28
GL04,2026-04-19 12:00:00+00:00,8.875,119.925,0.0,0.39,0.0,29.3
GL04,2026-04-20 12:00:00+00:00,8.875,119.925,0.0,0.41,0.0,29.35
GL04,2026-04-21 12:00:00+00:00,8.875,119.925,0.0,0.38,0.0,29.34
GL04,2026-04-22 12:00:00+00:00,8.875,119.925,0.0,0.55,1.0,29.54
GL04,2026-04-23 12:00:00+00:00,8.875,119.925,0.0,0.63,1.0,29.64
GL04,2026-04-24 12:00:00+00:00,8.875,119.925,0.0,1.05,1.0,30.08
GL04,2026-04-26 12:00:00+00:00,8.875,119.925,0.0,0.97,1.0,30.05
GL04,2026-04-27 12:00:00+00:00,8.875,119.925,0.0,0.97,1.0,30.07
GL04,2026-04-28 12:00:00+00:00,8.875,119.925,0.0,0.85,1.0,29.98
GL04,2026-04-29 12:00:00+00:00,8.875,119.925,0.0,0.98,1.0,30.13
GL04,2026-04-30 12:00:00+00:00,8.875,119.925,0.0,0.94,1.0,30.11
GL04,2026-05-01 12:00:00+00:00,8.875,119.925,0.0,0.78,1.0,29.98
GL04,2026-05-02 12:00:00+00:00,8.875,119.925,0.0,0.72,1.0,29.94
GL04,2026-05-03 12:00:00+00:00,8.875,119.925,0.0,0.71,1.0,29.96
GL04,2026-05-04 12:00:00+00:00,8.875,119.925,0.0,0.65,1.0,29.92
GL04,2026-05-05 12:00:00+00:00,8.875,119.925,0.0,0.81,1.0,30.1
GL04,2026-05-06 12:00:00+00:00,8.875,119.925,0.0,0.63,1.0,29.95
GL04,2026-05-07 12:00:00+00:00,8.875,119.925,0.0,0.62,1.0,29.96
GL04,2026-05-08 12:00:00+00:00,8.875,119.925,0.0,0.58,1.0,29.94
GL04,2026-05-09 12:00:00+00:00,8.875,119.925,0.0,0.65,1.0,30.04
GL04,2026-05-10 12:00:00+00:00,8.875,119.925,0.0,0.52,1.0,29.93
GL04,2026-05-11 12:00:00+00:00,8.875,119.925,0.0,0.45,1.0,29.89
GL04,2026-05-12 12:00:00+00:00,8.875,119.925,0.0,0.8,1.0,30.26
GL04,2026-05-13 12:00:00+00:00,8.875,119.925,0.15,1.11,2.0,30.59
GL04,2026-05-14 12:00:00+00:00,8.875,119.925,0.3,1.04,2.0,30.55
GL04,2026-05-15 12:00:00+00:00,8.875,119.925,0.44,1.03,2.0,30.56
GL04,2026-05-16 12:00:00+00:00,8.875,119.925,0.44,0.73,1.0,30.26
GL04,2026-05-17 12:00:00+00:00,8.875,119.925,0.44,0.8300000000000001,1.0,30.35
GL04,2026-05-18 12:00:00+00:00,8.875,119.925,0.61,1.19,2.0,30.71
GL04,2026-05-19 12:00:00+00:00,8.875,119.925,0.79,1.26,2.0,30.78
GL04,2026-05-20 12:00:00+00:00,8.875,119.925,0.97,1.25,2.0,30.76
GL04,2026-05-21 12:00:00+00:00,8.875,119.925,1.16,1.36,2.0,30.87
GL04,2026-05-22 12:00:00+00:00,8.875,119.925,1.34,1.28,2.0,30.79
GL04,2026-05-23 12:00:00+00:00,8.875,119.925,1.34,0.8200000000000001,1.0,30.32
GL04,2026-05-24 12:00:00+00:00,8.875,119.925,1.34,0.98,1.0,30.48
GL04,2026-05-25 12:00:00+00:00,8.875,119.925,1.34,0.95,1.0,30.44
GL04,2026-05-26 12:00:00+00:00,8.875,119.925,1.34,0.56,1.0,30.05
GL04,2026-05-27 12:00:00+00:00,8.875,119.925,1.34,0.39,1.0,29.88
GL04,2026-05-28 12:00:00+00:00,8.875,119.925,1.34,0.64,1.0,30.12
GL04,2026-05-29 12:00:00+00:00,8.875,119.925,1.34,0.64,1.0,30.12
GL04,2026-05-30 12:00:00+00:00,8.875,119.925,1.34,0.6900000000000001,1.0,30.17
GL04,2026-05-31 12:00:00+00:00,8.875,119.925,1.34,0.45,1.0,29.92
GL04,2026-06-01 12:00:00+00:00,8.875,119.925,1.34,-0.04,0.0,29.43
GL04,2026-06-02 12:00:00+00:00,8.875,119.925,1.34,0.27,1.0,29.74
GL04,2026-06-03 12:00:00+00:00,8.875,119.925,1.34,0.49,1.0,29.95
GL04,2026-06-04 12:00:00+00:00,8.875,119.925,1.34,0.33,1.0,29.79
GL04,2026-06-05 12:00:00+00:00,8.875,119.925,1.34,0.53,1.0,29.99
GL04,2026-06-06 12:00:00+00:00,8.875,119.925,1.34,0.47,1.0,29.92
GL04,2026-06-07 12:00:00+00:00,8.875,119.925,1.34,0.76,1.0,30.21
GL04,2026-06-08 12:00:00+00:00,8.875,119.925,1.34,0.8300000000000001,1.0,30.27
GL04,2026-06-09 12:00:00+00:00,8.875,119.925,1.34,0.86,1.0,30.3
GL04,2026-06-10 12:00:00+00:00,8.875,119.925,1.34,1.04,1.0,30.48
GL04,2026-06-11 12:00:00+00:00,8.875,119.925,1.34,1.01,1.0,30.44
GL04,2026-06-12 12:00:00+00:00,8.875,119.925,1.34,0.92,1.0,30.35
GL04,2026-06-13 12:00:00+00:00,8.875,119.925,1.5,1.22,2.0,30.65
GL04,2026-06-14 12:00:00+00:00,8.875,119.925,1.5,1.09,1.0,30.51
GL04,2026-06-15 12:00:00+00:00,8.875,119.925,1.5,1.02,1.0,30.44
GL04,2026-06-16 12:00:00+00:00,8.875,119.925,1.68,1.39,2.0,30.8
GL04,2026-06-17 12:00:00+00:00,8.875,119.925,1.86,1.39,2.0,30.78
GL04,2026-06-18 12:00:00+00:00,8.875,119.925,2.03,1.36,2.0,30.74
GL04,2026-06-19 12:00:00+00:00,8.875,119.925,2.2,1.38,2.0,30.74
GL04,2026-06-20 12:00:00+00:00,8.875,119.925,2.4,1.52,2.0,30.87
GL04,2026-06-21 12:00:00+00:00,8.875,119.925,2.4,1.16,1.0,30.49
GL04,2026-06-22 12:00:00+00:00,8.875,119.925,2.4,1.0,1.0,30.32
GL04,2026-06-23 12:00:00+00:00,8.875,119.925,2.4,0.7000000000000001,1.0,30.01
GL04,2026-06-24 12:00:00+00:00,8.875,119.925,2.4,0.73,1.0,30.02
GL04,2026-06-25 12:00:00+00:00,8.875,119.925,2.4,0.99,1.0,30.27
GL04,2026-06-26 12:00:00+00:00,8.875,119.925,2.4,0.76,1.0,30.02
GL04,2026-06-27 12:00:00+00:00,8.875,119.925,2.4,1.1,1.0,30.35
GL04,2026-06-28 12:00:00+00:00,8.875,119.925,2.4,0.99,1.0,30.22
GL04,2026-06-29 12:00:00+00:00,8.875,119.925,2.4,1.09,1.0,30.31
GL04,2026-06-30 12:00:00+00:00,8.875,119.925,2.4,1.11,1.0,30.31
GL04,2026-07-01 12:00:00+00:00,8.875,119.925,2.4,1.13,1.0,30.32
GL04,2026-07-02 12:00:00+00:00,8.875,119.925,2.4,0.77,1.0,29.95
GL04,2026-07-03 12:00:00+00:00,8.875,119.925,2.4,1.12,1.0,30.28
GL04,2026-07-04 12:00:00+00:00,8.875,119.925,2.4,1.13,1.0,30.28
GL04,2026-07-05 12:00:00+00:00,8.875,119.925,2.4,1.01,1.0,30.14
GL04,2026-07-06 12:00:00+00:00,8.875,119.925,2.4,1.39,1.0,30.51
GL04,2026-07-07 12:00:00+00:00,8.875,119.925,2.4,1.31,1.0,30.41
GL04,2026-07-08 12:00:00+00:00,8.875,119.925,2.4,1.18,1.0,30.27
GL04,2026-07-09 12:00:00+00:00,8.875,119.925,2.4,0.34,0.0,29.42
GL04,2026-07-10 12:00:00+00:00,8.875,119.925,2.4,0.96,1.0,30.02
GL04,2026-07-11 12:00:00+00:00,8.875,119.925,2.4,0.94,1.0,29.99
GL04,2026-07-12 12:00:00+00:00,8.875,119.925,2.4,0.72,1.0,29.75
GL04,2026-07-13 12:00:00+00:00,8.875,119.925,2.4,0.62,1.0,29.64
GL04,2026-07-14 12:00:00+00:00,8.875,119.925,2.4,0.8300000000000001,1.0,29.83
GL04,2026-07-15 12:00:00+00:00,8.875,119.925,2.4,0.78,1.0,29.77
GL04,2026-07-16 12:00:00+00:00,8.875,119.925,2.4,0.72,1.0,29.7
GL04,2026-07-17 12:00:00+00:00,8.875,119.925,2.4,0.9,1.0,29.88
GL04,2026-07-18 12:00:00+00:00,8.875,119.925,2.4,0.97,1.0,29.94
GL04,2026-07-19 12:00:00+00:00,8.875,119.925,2.4,1.04,1.0,30.01
GL04,2026-07-20 12:00:00+00:00,8.875,119.925,2.4,1.06,1.0,30.02
GL04,2026-07-21 12:00:00+00:00,8.875,119.925,2.4,0.93,1.0,29.89
GL04,2026-07-22 12:00:00+00:00,8.875,119.925,2.4,0.97,1.0,29.92
GL04,2026-07-23 12:00:00+00:00,8.875,119.925,2.4,0.86,1.0,29.81
GL04,2026-07-24 12:00:00+00:00,8.875,119.925,2.4,0.81,1.0,29.75
GL04,2026-07-25 12:00:00+00:00,8.875,119.925,2.4,0.77,1.0,29.71
GL04,2026-07-26 12:00:00+00:00,8.875,119.925,2.4,0.51,0.0,29.44
GL04,2026-07-27 12:00:00+00:00,8.875,119.925,2.4,0.77,1.0,29.69
GL04,2026-07-28 12:00:00+00:00,8.875,119.925,2.4,0.32,0.0,29.24
GL04,2026-07-29 12:00:00+00:00,8.875,119.925,2.4,1.02,1.0,29.93
GL04,2026-07-30 12:00:00+00:00,8.875,119.925,2.4,0.89,1.0,29.8
GL04,2026-07-31 12:00:00+00:00,8.875,119.925,2.4,1.17,1.0,30.07
GL04,2026-08-01 12:00:00+00:00,8.875,119.925,2.4,1.43,1.0,30.33
GL04,2026-08-02 12:00:00+00:00,8.875,119.925,2.4,1.26,1.0,30.15
GL04,2026-08-03 12:00:00+00:00,8.875,119.925,2.4,1.2,1.0,30.09
GL04,2026-08-04 12:00:00+00:00,8.875,119.925,2.4,1.09,1.0,29.97
GL04,2026-08-05 12:00:00+00:00,8.875,119.925,2.24,1.01,1.0,29.88
GL04,2026-08-06 12:00:00+00:00,8.875,119.925,2.1,0.74,1.0,29.61
GL04,2026-08-07 12:00:00+00:00,8.875,119.925,1.95,0.95,1.0,29.81
GL04,2026-08-08 12:00:00+00:00,8.875,119.925,1.95,0.86,1.0,29.72
GL04,2026-08-09 12:00:00+00:00,8.875,119.925,1.95,1.03,1.0,29.88
GL04,2026-08-10 12:00:00+00:00,8.875,119.925,1.78,0.8300000000000001,1.0,29.68
GL04,2026-08-11 12:00:00+00:00,8.875,119.925,1.6,0.77,1.0,29.61
GL04,2026-08-12 12:00:00+00:00,8.875,119.925,1.43,0.8,1.0,29.64
GL04,2026-08-13 12:00:00+00:00,8.875,119.925,1.24,0.79,1.0,29.62
GL04,2026-08-14 12:00:00+00:00,8.875,119.925,1.06,0.75,1.0,29.58
GL04,2026-08-15 12:00:00+00:00,8.875,119.925,1.06,0.93,1.0,29.75
GL04,2026-08-16 12:00:00+00:00,8.875,119.925,1.06,0.86,1.0,29.68
GL04,2026-08-17 12:00:00+00:00,8.875,119.925,1.06,0.8200000000000001,1.0,29.65
GL04,2026-08-18 12:00:00+00:00,8.875,119.925,1.06,0.59,0.0,29.42
GL04,2026-08-19 12:00:00+00:00,8.875,119.925,1.06,0.77,1.0,29.61
GL04,2026-08-20 12:00:00+00:00,8.875,119.925,1.06,0.9,1.0,29.74
GL04,2026-08-21 12:00:00+00:00,8.875,119.925,1.06,0.81,1.0,29.66
GL04,2026-08-22 12:00:00+00:00,8.875,119.925,1.06,1.0,1.0,29.85
GL04,2026-08-23 12:00:00+00:00,8.875,119.925,1.06,0.74,1.0,29.6
GL04,2026-08-24 12:00:00+00:00,8.875,119.925,1.06,0.94,1.0,29.8
GL04,2026-08-25 12:00:00+00:00,8.875,119.925,1.06,0.76,1.0,29.63
GL04,2026-08-26 12:00:00+00:00,8.875,119.925,1.06,0.74,1.0,29.61
GL04,2026-08-27 12:00:00+00:00,8.875,119.925,1.06,0.7000000000000001,1.0,29.58
GL04,2026-08-28 12:00:00+00:00,8.875,119.925,1.06,0.72,1.0,29.6
GL04,2026-08-29 12:00:00+00:00,8.875,119.925,1.06,0.8,1.0,29.69
GL04,2026-08-30 12:00:00+00:00,8.875,119.925,1.06,0.61,0.0,29.5
GL04,2026-08-31 12:00:00+00:00,8.875,119.925,1.06,0.5700000000000001,0.0,29.47
GL04,2026-09-01 12:00:00+00:00,8.875,119.925,1.06,0.62,0.0,29.52
GL04,2026-09-02 12:00:00+00:00,8.875,119.925,1.06,0.84,1.0,29.75
GL04,2026-09-03 12:00:00+00:00,8.875,119.925,1.06,0.87,1.0,29.78
GL04,2026-09-04 12:00:00+00:00,8.875,119.925,1.06,0.76,1.0,29.68
GL04,2026-09-05 12:00:00+00:00,8.875,119.925,0.9,0.77,1.0,29.69
GL04,2026-09-06 12:00:00+00:00,8.875,119.925,0.9,0.68,1.0,29.61
GL04,2026-09-07 12:00:00+00:00,8.875,119.925,0.9,0.8,1.0,29.73
GL04,2026-09-08 12:00:00+00:00,8.875,119.925,0.72,1.05,1.0,29.99
GL04,2026-09-09 12:00:00+00:00,8.875,119.925,0.54,0.79,1.0,29.73
GL04,2026-09-10 12:00:00+00:00,8.875,119.925,0.36,0.85,1.0,29.8
GL04,2026-09-11 12:00:00+00:00,8.875,119.925,0.19,0.92,1.0,29.87
GL04,2026-09-12 12:00:00+00:00,8.875,119.925,0.0,1.19,1.0,30.15
GL04,2026-09-13 12:00:00+00:00,8.875,119.925,0.0,1.5,1.0,30.46
GL04,2026-09-14 12:00:00+00:00,8.875,119.925,0.0,1.43,1.0,30.4
GL04,2026-09-15 12:00:00+00:00,8.875,119.925,0.0,1.25,1.0,30.22
GL04,2026-09-16 12:00:00+00:00,8.875,119.925,0.0,1.22,1.0,30.19
GL04,2026-09-17 12:00:00+00:00,8.875,119.925,0.0,1.04,1.0,30.01
GL04,2026-09-18 12:00:00+00:00,8.875,119.925,0.0,0.99,1.0,29.97
GL04,2026-09-19 12:00:00+00:00,8.875,119.925,0.0,0.89,1.0,29.87
GL04,2026-09-20 12:00:00+00:00,8.875,119.925,0.0,0.99,1.0,29.97
GL04,2026-09-21 12:00:00+00:00,8.875,119.925,0.0,1.14,1.0,30.12
GL04,2026-09-22 12:00:00+00:00,8.875,119.925,0.0,0.85,1.0,29.84
GL04,2026-09-23 12:00:00+00:00,8.875,119.925,0.0,1.21,1.0,30.2
GL04,2026-09-24 12:00:00+00:00,8.875,119.925,0.0,1.23,1.0,30.22
GL04,2026-09-25 12:00:00+00:00,8.875,119.925,0.0,1.33,1.0,30.32
GL04,2026-09-26 12:00:00+00:00,8.875,119.925,0.0,1.28,1.0,30.28
GL04,2026-09-27 12:00:00+00:00,8.875,119.925,0.0,1.26,1.0,30.26
GL04,2026-09-28 12:00:00+00:00,8.875,119.925,0.0,1.41,1.0,30.41
GL04,2026-09-29 12:00:00+00:00,8.875,119.925,0.0,1.27,1.0,30.27
GL04,2026-09-30 12:00:00+00:00,8.875,119.925,0.0,1.52,1.0,30.52
GL04,2026-10-01 12:00:00+00:00,8.875,119.925,0.0,1.5,1.0,30.51
GL04,2026-10-02 12:00:00+00:00,8.875,119.925,0.0,1.37,1.0,30.38
GL04,2026-10-03 12:00:00+00:00,8.875,119.925,0.0,1.35,1.0,30.36
GL04,2026-10-04 12:00:00+00:00,8.875,119.925,0.0,1.3,1.0,30.31
GL04,2026-10-05 12:00:00+00:00,8.875,119.925,0.0,1.25,1.0,30.27
GL04,2026-10-06 12:00:00+00:00,8.875,119.925,0.0,1.03,1.0,30.05
GL04,2026-10-07 12:00:00+00:00,8.875,119.925,0.0,1.13,1.0,30.15
GL05,2026-04-10 12:00:00+00:00,-7.325,72.375,1.58,0.99,1.0,29.87
GL05,2026-04-11 12:00:00+00:00,-7.325,72.375,1.58,1.0,1.0,29.89
GL05,2026-04-12 12:00:00+00:00,-7.325,72.375,1.72,1.03,2.0,29.93
GL05,2026-04-13 12:00:00+00:00,-7.325,72.375,1.72,0.98,1.0,29.89
GL05,2026-04-14 12:00:00+00:00,-7.325,72.375,1.9,1.23,2.0,30.15
GL05,2026-04-15 12:00:00+00:00,-7.325,72.375,2.04,1.04,2.0,29.97
GL05,2026-04-16 12:00:00+00:00,-7.325,72.375,2.2,1.13,2.0,30.04
GL05,2026-04-17 12:00:00+00:00,-7.325,72.375,2.2,1.02,1.0,29.91
GL05,2026-04-18 12:00:00+00:00,-7.325,72.375,2.2,0.91,1.0,29.79
GL05,2026-04-19 12:00:00+00:00,-7.325,72.375,2.2,0.94,1.0,29.8
GL05,2026-04-20 12:00:00+00:00,-7.325,72.375,2.36,1.16,2.0,30.0
GL05,2026-04-21 12:00:00+00:00,-7.325,72.375,2.53,1.32,2.0,30.14
GL05,2026-04-22 12:00:00+00:00,-7.325,72.375,2.69,1.27,2.0,30.08
GL05,2026-04-23 12:00:00+00:00,-7.325,72.375,2.9,1.61,2.0,30.4
GL05,2026-04-24 12:00:00+00:00,-7.325,72.375,2.9,1.15,1.0,29.92
GL05,2026-04-26 12:00:00+00:00,-7.325,72.375,2.9,1.02,1.0,29.76
GL05,2026-04-27 12:00:00+00:00,-7.325,72.375,2.9,1.17,1.0,29.89
GL05,2026-04-28 12:00:00+00:00,-7.325,72.375,3.0700000000000003,1.42,2.0,30.12
GL05,2026-04-29 12:00:00+00:00,-7.325,72.375,3.24,1.41,2.0,30.09
GL05,2026-04-30 12:00:00+00:00,-7.325,72.375,3.41,1.46,2.0,30.13
GL05,2026-05-01 12:00:00+00:00,-7.325,72.375,3.58,1.44,2.0,30.09
GL05,2026-05-02 12:00:00+00:00,-7.325,72.375,3.72,1.31,2.0,29.94
GL05,2026-05-03 12:00:00+00:00,-7.325,72.375,3.89,1.53,2.0,30.14
GL05,2026-05-04 12:00:00+00:00,-7.325,72.375,4.0600000000000005,1.52,3.0,30.11
GL05,2026-05-05 12:00:00+00:00,-7.325,72.375,4.23,1.53,3.0,30.11
GL05,2026-05-06 12:00:00+00:00,-7.325,72.375,4.39,1.47,3.0,30.03
GL05,2026-05-07 12:00:00+00:00,-7.325,72.375,4.53,1.4,3.0,29.94
GL05,2026-05-08 12:00:00+00:00,-7.325,72.375,4.53,1.38,1.0,29.9
GL05,2026-05-09 12:00:00+00:00,-7.325,72.375,4.53,1.04,1.0,29.55
GL05,2026-05-10 12:00:00+00:00,-7.325,72.375,4.53,1.01,1.0,29.5
GL05,2026-05-11 12:00:00+00:00,-7.325,72.375,4.53,0.93,1.0,29.4
GL05,2026-05-12 12:00:00+00:00,-7.325,72.375,4.53,0.79,1.0,29.24
GL05,2026-05-13 12:00:00+00:00,-7.325,72.375,4.53,0.55,1.0,28.99
GL05,2026-05-14 12:00:00+00:00,-7.325,72.375,4.53,0.55,1.0,28.97
GL05,2026-05-15 12:00:00+00:00,-7.325,72.375,4.53,0.6,1.0,29.0
GL05,2026-05-16 12:00:00+00:00,-7.325,72.375,4.53,0.62,1.0,28.98
GL05,2026-05-17 12:00:00+00:00,-7.325,72.375,4.53,0.71,1.0,29.03
GL05,2026-05-18 12:00:00+00:00,-7.325,72.375,4.53,0.74,1.0,29.02
GL05,2026-05-19 12:00:00+00:00,-7.325,72.375,4.53,0.77,1.0,29.01
GL05,2026-05-20 12:00:00+00:00,-7.325,72.375,4.53,0.8200000000000001,1.0,29.02
GL05,2026-05-21 12:00:00+00:00,-7.325,72.375,4.53,1.01,1.0,29.16
GL05,2026-05-22 12:00:00+00:00,-7.325,72.375,4.53,1.15,1.0,29.26
GL05,2026-05-23 12:00:00+00:00,-7.325,72.375,4.53,1.58,1.0,29.65
GL05,2026-05-24 12:00:00+00:00,-7.325,72.375,4.53,1.36,1.0,29.39
GL05,2026-05-25 12:00:00+00:00,-7.325,72.375,4.53,1.36,1.0,29.35
GL05,2026-05-26 12:00:00+00:00,-7.325,72.375,4.53,1.32,1.0,29.27
GL05,2026-05-27 12:00:00+00:00,-7.325,72.375,4.53,1.21,1.0,29.12
GL05,2026-05-28 12:00:00+00:00,-7.325,72.375,4.53,1.12,1.0,28.99
GL05,2026-05-29 12:00:00+00:00,-7.325,72.375,4.53,0.98,0.0,28.81
GL05,2026-05-30 12:00:00+00:00,-7.325,72.375,4.53,0.78,0.0,28.57
GL05,2026-05-31 12:00:00+00:00,-7.325,72.375,4.53,0.68,0.0,28.42
GL05,2026-06-01 12:00:00+00:00,-7.325,72.375,4.53,0.59,0.0,28.29
GL05,2026-06-02 12:00:00+00:00,-7.325,72.375,4.53,0.52,0.0,28.18
GL05,2026-06-03 12:00:00+00:00,-7.325,72.375,4.53,0.56,0.0,28.18
GL05,2026-06-04 12:00:00+00:00,-7.325,72.375,4.53,0.42,0.0,28.0
GL05,2026-06-05 12:00:00+00:00,-7.325,72.375,4.53,0.38,0.0,27.92
GL05,2026-06-06 12:00:00+00:00,-7.325,72.375,4.53,0.84,0.0,28.34
GL05,2026-06-07 12:00:00+00:00,-7.325,72.375,4.53,0.6,0.0,28.06
GL05,2026-06-08 12:00:00+00:00,-7.325,72.375,4.53,0.73,0.0,28.15
GL05,2026-06-09 12:00:00+00:00,-7.325,72.375,4.53,0.56,0.0,27.94
GL05,2026-06-10 12:00:00+00:00,-7.325,72.375,4.53,0.76,0.0,28.09
GL05,2026-06-11 12:00:00+00:00,-7.325,72.375,4.53,0.8300000000000001,0.0,28.12
GL05,2026-06-12 12:00:00+00:00,-7.325,72.375,4.53,0.9,0.0,28.15
GL05,2026-06-13 12:00:00+00:00,-7.325,72.375,4.38,0.72,0.0,27.93
GL05,2026-06-14 12:00:00+00:00,-7.325,72.375,4.22,0.81,0.0,27.98
GL05,2026-06-15 12:00:00+00:00,-7.325,72.375,4.05,0.91,0.0,28.04
GL05,2026-06-16 12:00:00+00:00,-7.325,72.375,3.9,0.97,0.0,28.08
GL05,2026-06-17 12:00:00+00:00,-7.325,72.375,3.75,0.92,0.0,28.01
GL05,2026-06-18 12:00:00+00:00,-7.325,72.375,3.59,0.71,0.0,27.78
GL05,2026-06-19 12:00:00+00:00,-7.325,72.375,3.43,0.9,0.0,27.95
GL05,2026-06-20 12:00:00+00:00,-7.325,72.375,3.26,0.87,0.0,27.9
GL05,2026-06-21 12:00:00+00:00,-7.325,72.375,3.1,0.96,0.0,27.97
GL05,2026-06-22 12:00:00+00:00,-7.325,72.375,2.95,0.97,0.0,27.96
GL05,2026-06-23 12:00:00+00:00,-7.325,72.375,2.95,0.86,0.0,27.83
GL05,2026-06-24 12:00:00+00:00,-7.325,72.375,2.95,1.0,0.0,27.95
GL05,2026-06-25 12:00:00+00:00,-7.325,72.375,2.95,0.78,0.0,27.71
GL05,2026-06-26 12:00:00+00:00,-7.325,72.375,2.95,0.79,0.0,27.7
GL05,2026-06-27 12:00:00+00:00,-7.325,72.375,2.95,0.87,0.0,27.76
GL05,2026-06-28 12:00:00+00:00,-7.325,72.375,2.95,0.95,0.0,27.82
GL05,2026-06-29 12:00:00+00:00,-7.325,72.375,2.95,0.93,0.0,27.78
GL05,2026-06-30 12:00:00+00:00,-7.325,72.375,2.95,0.9,0.0,27.73
GL05,2026-07-01 12:00:00+00:00,-7.325,72.375,2.95,0.86,0.0,27.68
GL05,2026-07-02 12:00:00+00:00,-7.325,72.375,2.95,1.08,0.0,27.88
GL05,2026-07-03 12:00:00+00:00,-7.325,72.375,2.95,1.07,0.0,27.85
GL05,2026-07-04 12:00:00+00:00,-7.325,72.375,2.95,1.18,0.0,27.94
GL05,2026-07-05 12:00:00+00:00,-7.325,72.375,2.81,1.01,0.0,27.75
GL05,2026-07-06 12:00:00+00:00,-7.325,72.375,2.81,1.04,0.0,27.76
GL05,2026-07-07 12:00:00+00:00,-7.325,72.375,2.64,1.01,0.0,27.71
GL05,2026-07-08 12:00:00+00:00,-7.325,72.375,2.49,1.17,0.0,27.85
GL05,2026-07-09 12:00:00+00:00,-7.325,72.375,2.33,1.45,0.0,28.11
GL05,2026-07-10 12:00:00+00:00,-7.325,72.375,2.33,1.07,0.0,27.71
GL05,2026-07-11 12:00:00+00:00,-7.325,72.375,2.33,1.25,0.0,27.87
GL05,2026-07-12 12:00:00+00:00,-7.325,72.375,2.33,1.51,0.0,28.11
GL05,2026-07-13 12:00:00+00:00,-7.325,72.375,2.18,1.29,0.0,27.87
GL05,2026-07-14 12:00:00+00:00,-7.325,72.375,2.0,1.16,0.0,27.72
GL05,2026-07-15 12:00:00+00:00,-7.325,72.375,1.84,1.06,0.0,27.6
GL05,2026-07-16 12:00:00+00:00,-7.325,72.375,1.63,1.09,0.0,27.62
GL05,2026-07-17 12:00:00+00:00,-7.325,72.375,1.63,1.11,0.0,27.63
GL05,2026-07-18 12:00:00+00:00,-7.325,72.375,1.63,1.27,0.0,27.78
GL05,2026-07-19 12:00:00+00:00,-7.325,72.375,1.63,1.27,0.0,27.76
GL05,2026-07-20 12:00:00+00:00,-7.325,72.375,1.63,1.51,0.0,27.99
GL05,2026-07-21 12:00:00+00:00,-7.325,72.375,1.46,1.44,0.0,27.91
GL05,2026-07-22 12:00:00+00:00,-7.325,72.375,1.29,1.41,0.0,27.87
GL05,2026-07-23 12:00:00+00:00,-7.325,72.375,1.12,1.23,0.0,27.68
GL05,2026-07-24 12:00:00+00:00,-7.325,72.375,0.96,1.27,0.0,27.71
GL05,2026-07-25 12:00:00+00:00,-7.325,72.375,0.81,1.44,0.0,27.87
GL05,2026-07-26 12:00:00+00:00,-7.325,72.375,0.64,1.48,0.0,27.9
GL05,2026-07-27 12:00:00+00:00,-7.325,72.375,0.47,1.6,0.0,28.0
GL05,2026-07-28 12:00:00+00:00,-7.325,72.375,0.3,1.56,0.0,27.95
GL05,2026-07-29 12:00:00+00:00,-7.325,72.375,0.14,1.7,0.0,28.08
GL05,2026-07-30 12:00:00+00:00,-7.325,72.375,0.0,1.51,0.0,27.88
GL05,2026-07-31 12:00:00+00:00,-7.325,72.375,0.0,1.74,0.0,28.1
GL05,2026-08-01 12:00:00+00:00,-7.325,72.375,0.0,1.9,0.0,28.25
GL05,2026-08-02 12:00:00+00:00,-7.325,72.375,0.0,1.62,0.0,27.96
GL05,2026-08-03 12:00:00+00:00,-7.325,72.375,0.0,1.74,0.0,28.07
GL05,2026-08-04 12:00:00+00:00,-7.325,72.375,0.0,1.72,0.0,28.03
GL05,2026-08-05 12:00:00+00:00,-7.325,72.375,0.0,1.75,0.0,28.05
GL05,2026-08-06 12:00:00+00:00,-7.325,72.375,0.0,1.27,0.0,27.56
GL05,2026-08-07 12:00:00+00:00,-7.325,72.375,0.0,1.49,0.0,27.77
GL05,2026-08-08 12:00:00+00:00,-7.325,72.375,0.0,1.46,0.0,27.73
GL05,2026-08-09 12:00:00+00:00,-7.325,72.375,0.0,1.73,0.0,27.99
GL05,2026-08-10 12:00:00+00:00,-7.325,72.375,0.0,1.89,0.0,28.14
GL05,2026-08-11 12:00:00+00:00,-7.325,72.375,0.0,1.76,0.0,28.0
GL05,2026-08-12 12:00:00+00:00,-7.325,72.375,0.0,1.8,0.0,28.02
GL05,2026-08-13 12:00:00+00:00,-7.325,72.375,0.0,1.85,0.0,28.06
GL05,2026-08-14 12:00:00+00:00,-7.325,72.375,0.0,1.85,0.0,28.05
GL05,2026-08-15 12:00:00+00:00,-7.325,72.375,0.0,1.83,0.0,28.02
GL05,2026-08-16 12:00:00+00:00,-7.325,72.375,0.0,1.92,0.0,28.13
GL05,2026-08-17 12:00:00+00:00,-7.325,72.375,0.0,1.83,0.0,28.05
GL05,2026-08-18 12:00:00+00:00,-7.325,72.375,0.0,1.76,0.0,28.0
GL05,2026-08-19 12:00:00+00:00,-7.325,72.375,0.0,1.71,0.0,27.97
GL05,2026-08-20 12:00:00+00:00,-7.325,72.375,0.0,1.53,0.0,27.81
GL05,2026-08-21 12:00:00+00:00,-7.325,72.375,0.0,1.57,0.0,27.86
GL05,2026-08-22 12:00:00+00:00,-7.325,72.375,0.0,1.58,0.0,27.89
GL05,2026-08-23 12:00:00+00:00,-7.325,72.375,0.0,1.31,0.0,27.64
GL05,2026-08-24 12:00:00+00:00,-7.325,72.375,0.0,1.18,0.0,27.53
GL05,2026-08-25 12:00:00+00:00,-7.325,72.375,0.0,1.23,0.0,27.59
GL05,2026-08-26 12:00:00+00:00,-7.325,72.375,0.0,1.06,0.0,27.44
GL05,2026-08-27 12:00:00+00:00,-7.325,72.375,0.0,1.13,0.0,27.53
GL05,2026-08-28 12:00:00+00:00,-7.325,72.375,0.0,1.11,0.0,27.53
GL05,2026-08-29 12:00:00+00:00,-7.325,72.375,0.0,1.25,0.0,27.68
GL05,2026-08-30 12:00:00+00:00,-7.325,72.375,0.0,1.09,0.0,27.54
GL05,2026-08-31 12:00:00+00:00,-7.325,72.375,0.0,0.66,0.0,27.13
GL05,2026-09-01 12:00:00+00:00,-7.325,72.375,0.0,0.74,0.0,27.23
GL05,2026-09-02 12:00:00+00:00,-7.325,72.375,0.0,0.46,0.0,26.96
GL05,2026-09-03 12:00:00+00:00,-7.325,72.375,0.0,0.58,0.0,27.1
GL05,2026-09-04 12:00:00+00:00,-7.325,72.375,0.0,0.54,0.0,27.08
GL05,2026-09-05 12:00:00+00:00,-7.325,72.375,0.0,0.58,0.0,27.14
GL05,2026-09-06 12:00:00+00:00,-7.325,72.375,0.0,0.78,0.0,27.35
GL05,2026-09-07 12:00:00+00:00,-7.325,72.375,0.0,0.79,0.0,27.38
GL05,2026-09-08 12:00:00+00:00,-7.325,72.375,0.0,1.04,0.0,27.65
GL05,2026-09-09 12:00:00+00:00,-7.325,72.375,0.0,0.99,0.0,27.62
GL05,2026-09-10 12:00:00+00:00,-7.325,72.375,0.0,1.16,0.0,27.8
GL05,2026-09-11 12:00:00+00:00,-7.325,72.375,0.0,1.33,0.0,27.99
GL05,2026-09-12 12:00:00+00:00,-7.325,72.375,0.0,1.61,0.0,28.29
GL05,2026-09-13 12:00:00+00:00,-7.325,72.375,0.0,1.58,0.0,28.28
GL05,2026-09-14 12:00:00+00:00,-7.325,72.375,0.0,1.38,0.0,28.09
GL05,2026-09-15 12:00:00+00:00,-7.325,72.375,0.0,1.43,0.0,28.16
GL05,2026-09-16 12:00:00+00:00,-7.325,72.375,0.0,1.31,0.0,28.06
GL05,2026-09-17 12:00:00+00:00,-7.325,72.375,0.0,1.7,0.0,28.47
GL05,2026-09-18 12:00:00+00:00,-7.325,72.375,0.0,1.66,0.0,28.44
GL05,2026-09-19 12:00:00+00:00,-7.325,72.375,0.0,1.64,0.0,28.44
GL05,2026-09-20 12:00:00+00:00,-7.325,72.375,0.0,1.58,0.0,28.4
GL05,2026-09-21 12:00:00+00:00,-7.325,72.375,0.0,1.58,0.0,28.42
GL05,2026-09-22 12:00:00+00:00,-7.325,72.375,0.0,1.46,0.0,28.31
GL05,2026-09-23 12:00:00+00:00,-7.325,72.375,0.0,1.47,0.0,28.34
GL05,2026-09-24 12:00:00+00:00,-7.325,72.375,0.0,1.46,0.0,28.35
GL05,2026-09-25 12:00:00+00:00,-7.325,72.375,0.0,1.27,0.0,28.18
GL05,2026-09-26 12:00:00+00:00,-7.325,72.375,0.0,0.97,0.0,27.89
GL05,2026-09-27 12:00:00+00:00,-7.325,72.375,0.0,0.66,0.0,27.6
GL05,2026-09-28 12:00:00+00:00,-7.325,72.375,0.0,1.06,0.0,28.02
GL05,2026-09-29 12:00:00+00:00,-7.325,72.375,0.0,1.0,0.0,27.98
GL05,2026-09-30 12:00:00+00:00,-7.325,72.375,0.0,0.99,0.0,27.98
GL05,2026-10-01 12:00:00+00:00,-7.325,72.375,0.0,1.05,0.0,28.06
GL05,2026-10-02 12:00:00+00:00,-7.325,72.375,0.0,1.25,0.0,28.28
GL05,2026-10-03 12:00:00+00:00,-7.325,72.375,0.0,1.38,0.0,28.43
GL05,2026-10-04 12:00:00+00:00,-7.325,72.375,0.0,1.36,0.0,28.43
GL05,2026-10-05 12:00:00+00:00,-7.325,72.375,0.0,1.45,0.0,28.53
GL05,2026-10-06 12:00:00+00:00,-7.325,72.375,0.0,1.58,0.0,28.68
GL05,2026-10-07 12:00:00+00:00,-7.325,72.375,0.0,1.56,0.0,28.68
GL06,2026-04-10 12:00:00+00:00,-22.425,166.525,9.52,0.43,0.0,25.93
GL06,2026-04-11 12:00:00+00:00,-22.425,166.525,9.35,0.48,0.0,25.96
GL06,2026-04-12 12:00:00+00:00,-22.425,166.525,9.15,0.56,0.0,26.01
GL06,2026-04-13 12:00:00+00:00,-22.425,166.525,8.91,0.68,0.0,26.11
GL06,2026-04-14 12:00:00+00:00,-22.425,166.525,8.71,0.8,0.0,26.2
GL06,2026-04-15 12:00:00+00:00,-22.425,166.525,8.47,0.5700000000000001,0.0,25.95
GL06,2026-04-16 12:00:00+00:00,-22.425,166.525,8.27,0.42,0.0,25.77
GL06,2026-04-17 12:00:00+00:00,-22.425,166.525,8.08,0.44,0.0,25.77
GL06,2026-04-18 12:00:00+00:00,-22.425,166.525,7.91,0.68,0.0,25.98
GL06,2026-04-19 12:00:00+00:00,-22.425,166.525,7.75,0.43,0.0,25.7
GL06,2026-04-20 12:00:00+00:00,-22.425,166.525,7.57,0.4,0.0,25.65
GL06,2026-04-21 12:00:00+00:00,-22.425,166.525,7.38,0.28,0.0,25.5
GL06,2026-04-22 12:00:00+00:00,-22.425,166.525,7.2,0.3,0.0,25.5
GL06,2026-04-23 12:00:00+00:00,-22.425,166.525,7.0200000000000005,0.33,0.0,25.5
GL06,2026-04-24 12:00:00+00:00,-22.425,166.525,6.83,0.47,0.0,25.61
GL06,2026-04-26 12:00:00+00:00,-22.425,166.525,6.32,-0.17,0.0,24.92
GL06,2026-04-27 12:00:00+00:00,-22.425,166.525,6.05,-0.04,0.0,25.02
GL06,2026-04-28 12:00:00+00:00,-22.425,166.525,5.7700000000000005,0.07,0.0,25.11
GL06,2026-04-29 12:00:00+00:00,-22.425,166.525,5.5200000000000005,0.04,0.0,25.05
GL06,2026-04-30 12:00:00+00:00,-22.425,166.525,5.29,0.23,0.0,25.22
GL06,2026-05-01 12:00:00+00:00,-22.425,166.525,5.08,0.28,0.0,25.24
GL06,2026-05-02 12:00:00+00:00,-22.425,166.525,4.8500000000000005,0.51,0.0,25.44
GL06,2026-05-03 12:00:00+00:00,-22.425,166.525,4.64,0.7000000000000001,0.0,25.61
GL06,2026-05-04 12:00:00+00:00,-22.425,166.525,4.42,0.6,0.0,25.48
GL06,2026-05-05 12:00:00+00:00,-22.425,166.525,4.18,0.63,0.0,25.48
GL06,2026-05-06 12:00:00+00:00,-22.425,166.525,3.93,0.6900000000000001,0.0,25.52
GL06,2026-05-07 12:00:00+00:00,-22.425,166.525,3.6,0.74,0.0,25.54
GL06,2026-05-08 12:00:00+00:00,-22.425,166.525,3.26,0.89,0.0,25.66
GL06,2026-05-09 12:00:00+00:00,-22.425,166.525,2.91,0.65,0.0,25.4
GL06,2026-05-10 12:00:00+00:00,-22.425,166.525,2.57,0.75,0.0,25.47
GL06,2026-05-11 12:00:00+00:00,-22.425,166.525,2.28,0.76,0.0,25.46
GL06,2026-05-12 12:00:00+00:00,-22.425,166.525,2.03,0.74,0.0,25.41
GL06,2026-05-13 12:00:00+00:00,-22.425,166.525,1.77,0.51,0.0,25.15
GL06,2026-05-14 12:00:00+00:00,-22.425,166.525,1.53,0.48,0.0,25.1
GL06,2026-05-15 12:00:00+00:00,-22.425,166.525,1.32,0.43,0.0,25.02
GL06,2026-05-16 12:00:00+00:00,-22.425,166.525,1.15,0.35,0.0,24.9
GL06,2026-05-17 12:00:00+00:00,-22.425,166.525,0.98,0.27,0.0,24.77
GL06,2026-05-18 12:00:00+00:00,-22.425,166.525,0.8300000000000001,0.23,0.0,24.69
GL06,2026-05-19 12:00:00+00:00,-22.425,166.525,0.64,0.23,0.0,24.64
GL06,2026-05-20 12:00:00+00:00,-22.425,166.525,0.49,0.2,0.0,24.57
GL06,2026-05-21 12:00:00+00:00,-22.425,166.525,0.49,0.15,0.0,24.48
GL06,2026-05-22 12:00:00+00:00,-22.425,166.525,0.49,0.18,0.0,24.46
GL06,2026-05-23 12:00:00+00:00,-22.425,166.525,0.49,0.3,0.0,24.54
GL06,2026-05-24 12:00:00+00:00,-22.425,166.525,0.49,0.46,0.0,24.66
GL06,2026-05-25 12:00:00+00:00,-22.425,166.525,0.49,0.47,0.0,24.62
GL06,2026-05-26 12:00:00+00:00,-22.425,166.525,0.49,0.56,0.0,24.67
GL06,2026-05-27 12:00:00+00:00,-22.425,166.525,0.49,0.7000000000000001,0.0,24.76
GL06,2026-05-28 12:00:00+00:00,-22.425,166.525,0.49,0.6900000000000001,0.0,24.71
GL06,2026-05-29 12:00:00+00:00,-22.425,166.525,0.49,0.93,0.0,24.91
GL06,2026-05-30 12:00:00+00:00,-22.425,166.525,0.49,0.98,0.0,24.91
GL06,2026-05-31 12:00:00+00:00,-22.425,166.525,0.49,1.09,0.0,24.98
GL06,2026-06-01 12:00:00+00:00,-22.425,166.525,0.34,0.95,0.0,24.79
GL06,2026-06-02 12:00:00+00:00,-22.425,166.525,0.34,0.89,0.0,24.69
GL06,2026-06-03 12:00:00+00:00,-22.425,166.525,0.17,0.87,0.0,24.63
GL06,2026-06-04 12:00:00+00:00,-22.425,166.525,0.0,0.96,0.0,24.67
GL06,2026-06-05 12:00:00+00:00,-22.425,166.525,0.0,1.11,0.0,24.78
GL06,2026-06-06 12:00:00+00:00,-22.425,166.525,0.0,1.1,0.0,24.72
GL06,2026-06-07 12:00:00+00:00,-22.425,166.525,0.0,1.0,0.0,24.58
GL06,2026-06-08 12:00:00+00:00,-22.425,166.525,0.0,0.86,0.0,24.4
GL06,2026-06-09 12:00:00+00:00,-22.425,166.525,0.0,0.75,0.0,24.24
GL06,2026-06-10 12:00:00+00:00,-22.425,166.525,0.0,0.5700000000000001,0.0,24.02
GL06,2026-06-11 12:00:00+00:00,-22.425,166.525,0.0,0.54,0.0,23.95
GL06,2026-06-12 12:00:00+00:00,-22.425,166.525,0.0,0.5,0.0,23.86
GL06,2026-06-13 12:00:00+00:00,-22.425,166.525,0.0,0.45,0.0,23.77
GL06,2026-06-14 12:00:00+00:00,-22.425,166.525,0.0,0.15,0.0,23.42
GL06,2026-06-15 12:00:00+00:00,-22.425,166.525,0.0,0.4,0.0,23.63
GL06,2026-06-16 12:00:00+00:00,-22.425,166.525,0.0,0.31,0.0,23.51
GL06,2026-06-17 12:00:00+00:00,-22.425,166.525,0.0,0.09,0.0,23.26
GL06,2026-06-18 12:00:00+00:00,-22.425,166.525,0.0,-0.08,0.0,23.07
GL06,2026-06-19 12:00:00+00:00,-22.425,166.525,0.0,-0.29,0.0,22.83
GL06,2026-06-20 12:00:00+00:00,-22.425,166.525,0.0,-0.16,0.0,22.93
GL06,2026-06-21 12:00:00+00:00,-22.425,166.525,0.0,-0.24,0.0,22.82
GL06,2026-06-22 12:00:00+00:00,-22.425,166.525,0.0,-0.15,0.0,22.88
GL06,2026-06-23 12:00:00+00:00,-22.425,166.525,0.0,0.08,0.0,23.08
GL06,2026-06-24 12:00:00+00:00,-22.425,166.525,0.0,0.07,0.0,23.04
GL06,2026-06-25 12:00:00+00:00,-22.425,166.525,0.0,0.01,0.0,22.96
GL06,2026-06-26 12:00:00+00:00,-22.425,166.525,0.0,-0.01,0.0,22.91
GL06,2026-06-27 12:00:00+00:00,-22.425,166.525,0.0,0.0,0.0,22.89
GL06,2026-06-28 12:00:00+00:00,-22.425,166.525,0.0,-0.13,0.0,22.73
GL06,2026-06-29 12:00:00+00:00,-22.425,166.525,0.0,-0.27,0.0,22.56
GL06,2026-06-30 12:00:00+00:00,-22.425,166.525,0.0,-0.21,0.0,22.6
GL06,2026-07-01 12:00:00+00:00,-22.425,166.525,0.0,-0.2,0.0,22.58
GL06,2026-07-02 12:00:00+00:00,-22.425,166.525,0.0,-0.38,0.0,22.37
GL06,2026-07-03 12:00:00+00:00,-22.425,166.525,0.0,-0.4,0.0,22.32
GL06,2026-07-04 12:00:00+00:00,-22.425,166.525,0.0,-0.5,0.0,22.19
GL06,2026-07-05 12:00:00+00:00,-22.425,166.525,0.0,-0.04,0.0,22.62
GL06,2026-07-06 12:00:00+00:00,-22.425,166.525,0.0,-0.1,0.0,22.53
GL06,2026-07-07 12:00:00+00:00,-22.425,166.525,0.0,-0.08,0.0,22.53
GL06,2026-07-08 12:00:00+00:00,-22.425,166.525,0.0,-0.19,0.0,22.39
GL06,2026-07-09 12:00:00+00:00,-22.425,166.525,0.0,-0.21,0.0,22.34
GL06,2026-07-10 12:00:00+00:00,-22.425,166.525,0.0,-0.05,0.0,22.47
GL06,2026-07-11 12:00:00+00:00,-22.425,166.525,0.0,-0.15,0.0,22.34
GL06,2026-07-12 12:00:00+00:00,-22.425,166.525,0.0,-0.2,0.0,22.27
GL06,2026-07-13 12:00:00+00:00,-22.425,166.525,0.0,-0.16,0.0,22.28
GL06,2026-07-14 12:00:00+00:00,-22.425,166.525,0.0,-0.14,0.0,22.27
GL06,2026-07-15 12:00:00+00:00,-22.425,166.525,0.0,0.1,0.0,22.48
GL06,2026-07-16 12:00:00+00:00,-22.425,166.525,0.0,-0.09,0.0,22.28
GL06,2026-07-17 12:00:00+00:00,-22.425,166.525,0.0,-0.17,0.0,22.18
GL06,2026-07-18 12:00:00+00:00,-22.425,166.525,0.0,0.14,0.0,22.48
GL06,2026-07-19 12:00:00+00:00,-22.425,166.525,0.0,-0.07,0.0,22.25
GL06,2026-07-20 12:00:00+00:00,-22.425,166.525,0.0,0.04,0.0,22.35
GL06,2026-07-21 12:00:00+00:00,-22.425,166.525,0.0,0.1,0.0,22.39
GL06,2026-07-22 12:00:00+00:00,-22.425,166.525,0.0,-0.13,0.0,22.15
GL06,2026-07-23 12:00:00+00:00,-22.425,166.525,0.0,-0.22,0.0,22.04
GL06,2026-07-24 12:00:00+00:00,-22.425,166.525,0.0,-0.23,0.0,22.02
GL06,2026-07-25 12:00:00+00:00,-22.425,166.525,0.0,-0.22,0.0,22.01
GL06,2026-07-26 12:00:00+00:00,-22.425,166.525,0.0,-0.22,0.0,22.0
GL06,2026-07-27 12:00:00+00:00,-22.425,166.525,0.0,-0.16,0.0,22.05
GL06,2026-07-28 12:00:00+00:00,-22.425,166.525,0.0,-0.16,0.0,22.03
GL06,2026-07-29 12:00:00+00:00,-22.425,166.525,0.0,-0.26,0.0,21.92
GL06,2026-07-30 12:00:00+00:00,-22.425,166.525,0.0,-0.21,0.0,21.95
GL06,2026-07-31 12:00:00+00:00,-22.425,166.525,0.0,-0.19,0.0,21.96
GL06,2026-08-01 12:00:00+00:00,-22.425,166.525,0.0,-0.2,0.0,21.93
GL06,2026-08-02 12:00:00+00:00,-22.425,166.525,0.0,-0.33,0.0,21.79
GL06,2026-08-03 12:00:00+00:00,-22.425,166.525,0.0,-0.44,0.0,21.66
GL06,2026-08-04 12:00:00+00:00,-22.425,166.525,0.0,-0.5700000000000001,0.0,21.52
GL06,2026-08-05 12:00:00+00:00,-22.425,166.525,0.0,-0.56,0.0,21.52
GL06,2026-08-06 12:00:00+00:00,-22.425,166.525,0.0,-0.73,0.0,21.33
GL06,2026-08-07 12:00:00+00:00,-22.425,166.525,0.0,-0.49,0.0,21.56
GL06,2026-08-08 12:00:00+00:00,-22.425,166.525,0.0,-0.65,0.0,21.38
GL06,2026-08-09 12:00:00+00:00,-22.425,166.525,0.0,-0.41,0.0,21.61
GL06,2026-08-10 12:00:00+00:00,-22.425,166.525,0.0,-0.32,0.0,21.68
GL06,2026-08-11 12:00:00+00:00,-22.425,166.525,0.0,-0.23,0.0,21.76
GL06,2026-08-12 12:00:00+00:00,-22.425,166.525,0.0,0.13,0.0,22.1
GL06,2026-08-13 12:00:00+00:00,-22.425,166.525,0.0,0.25,0.0,22.21
GL06,2026-08-14 12:00:00+00:00,-22.425,166.525,0.0,0.21,0.0,22.15
GL06,2026-08-15 12:00:00+00:00,-22.425,166.525,0.0,-0.04,0.0,21.89
GL06,2026-08-16 12:00:00+00:00,-22.425,166.525,0.0,0.09,0.0,22.03
GL06,2026-08-17 12:00:00+00:00,-22.425,166.525,0.0,-0.13,0.0,21.81
GL06,2026-08-18 12:00:00+00:00,-22.425,166.525,0.0,-0.23,0.0,21.72
GL06,2026-08-19 12:00:00+00:00,-22.425,166.525,0.0,-0.21,0.0,21.74
GL06,2026-08-20 12:00:00+00:00,-22.425,166.525,0.0,-0.29,0.0,21.67
GL06,2026-08-21 12:00:00+00:00,-22.425,166.525,0.0,-0.3,0.0,21.66
GL06,2026-08-22 12:00:00+00:00,-22.425,166.525,0.0,-0.34,0.0,21.63
GL06,2026-08-23 12:00:00+00:00,-22.425,166.525,0.0,-0.18,0.0,21.79
GL06,2026-08-24 12:00:00+00:00,-22.425,166.525,0.0,-0.25,0.0,21.73
GL06,2026-08-25 12:00:00+00:00,-22.425,166.525,0.0,-0.3,0.0,21.68
GL06,2026-08-26 12:00:00+00:00,-22.425,166.525,0.0,-0.39,0.0,21.6
GL06,2026-08-27 12:00:00+00:00,-22.425,166.525,0.0,-0.13,0.0,21.87
GL06,2026-08-28 12:00:00+00:00,-22.425,166.525,0.0,-0.15,0.0,21.85
GL06,2026-08-29 12:00:00+00:00,-22.425,166.525,0.0,-0.17,0.0,21.84
GL06,2026-08-30 12:00:00+00:00,-22.425,166.525,0.0,-0.29,0.0,21.72
GL06,2026-08-31 12:00:00+00:00,-22.425,166.525,0.0,-0.25,0.0,21.77
GL06,2026-09-01 12:00:00+00:00,-22.425,166.525,0.0,-0.29,0.0,21.73
GL06,2026-09-02 12:00:00+00:00,-22.425,166.525,0.0,-0.27,0.0,21.76
GL06,2026-09-03 12:00:00+00:00,-22.425,166.525,0.0,-0.22,0.0,21.81
GL06,2026-09-04 12:00:00+00:00,-22.425,166.525,0.0,-0.1,0.0,21.94
GL06,2026-09-05 12:00:00+00:00,-22.425,166.525,0.0,-0.06,0.0,21.99
GL06,2026-09-06 12:00:00+00:00,-22.425,166.525,0.0,-0.05,0.0,22.0
GL06,2026-09-07 12:00:00+00:00,-22.425,166.525,0.0,-0.07,0.0,21.99
GL06,2026-09-08 12:00:00+00:00,-22.425,166.525,0.0,0.18,0.0,22.24
GL06,2026-09-09 12:00:00+00:00,-22.425,166.525,0.0,0.13,0.0,22.2
GL06,2026-09-10 12:00:00+00:00,-22.425,166.525,0.0,0.11,0.0,22.18
GL06,2026-09-11 12:00:00+00:00,-22.425,166.525,0.0,-0.11,0.0,21.97
GL06,2026-09-12 12:00:00+00:00,-22.425,166.525,0.0,-0.02,0.0,22.06
GL06,2026-09-13 12:00:00+00:00,-22.425,166.525,0.0,-0.02,0.0,22.07
GL06,2026-09-14 12:00:00+00:00,-22.425,166.525,0.0,-0.11,0.0,21.98
GL06,2026-09-15 12:00:00+00:00,-22.425,166.525,0.0,-0.18,0.0,21.92
GL06,2026-09-16 12:00:00+00:00,-22.425,166.525,0.0,-0.14,0.0,22.0
GL06,2026-09-17 12:00:00+00:00,-22.425,166.525,0.0,-0.12,0.0,22.05
GL06,2026-09-18 12:00:00+00:00,-22.425,166.525,0.0,-0.25,0.0,21.96
GL06,2026-09-19 12:00:00+00:00,-22.425,166.525,0.0,-0.37,0.0,21.87
GL06,2026-09-20 12:00:00+00:00,-22.425,166.525,0.0,-0.33,0.0,21.95
GL06,2026-09-21 12:00:00+00:00,-22.425,166.525,0.0,-0.22,0.0,22.1
GL06,2026-09-22 12:00:00+00:00,-22.425,166.525,0.0,-0.16,0.0,22.19
GL06,2026-09-23 12:00:00+00:00,-22.425,166.525,0.0,-0.28,0.0,22.11
GL06,2026-09-24 12:00:00+00:00,-22.425,166.525,0.0,-0.4,0.0,22.02
GL06,2026-09-25 12:00:00+00:00,-22.425,166.525,0.0,-0.6,0.0,21.86
GL06,2026-09-26 12:00:00+00:00,-22.425,166.525,0.0,-0.79,0.0,21.71
GL06,2026-09-27 12:00:00+00:00,-22.425,166.525,0.0,-0.72,0.0,21.81
GL06,2026-09-28 12:00:00+00:00,-22.425,166.525,0.0,-0.74,0.0,21.83
GL06,2026-09-29 12:00:00+00:00,-22.425,166.525,0.0,-0.74,0.0,21.86
GL06,2026-09-30 12:00:00+00:00,-22.425,166.525,0.0,-0.62,0.0,22.02
GL06,2026-10-01 12:00:00+00:00,-22.425,166.525,0.0,-0.73,0.0,21.95
GL06,2026-10-02 12:00:00+00:00,-22.425,166.525,0.0,-0.59,0.0,22.12
GL06,2026-10-03 12:00:00+00:00,-22.425,166.525,0.0,-0.43,0.0,22.32
GL06,2026-10-04 12:00:00+00:00,-22.425,166.525,0.0,-0.42,0.0,22.36
GL06,2026-10-05 12:00:00+00:00,-22.425,166.525,0.0,-0.43,0.0,22.39
GL06,2026-10-06 12:00:00+00:00,-22.425,166.525,0.0,-0.41,0.0,22.45
GL06,2026-10-07 12:00:00+00:00,-22.425,166.525,0.0,-0.27,0.0,22.62
GL07,2026-04-10 12:00:00+00:00,-9.375,46.425,0.63,0.23,0.0,28.66
GL07,2026-04-11 12:00:00+00:00,-9.375,46.425,0.63,0.07,0.0,28.49
GL07,2026-04-12 12:00:00+00:00,-9.375,46.425,0.63,0.25,0.0,28.65
GL07,2026-04-13 12:00:00+00:00,-9.375,46.425,0.63,0.35,0.0,28.73
GL07,2026-04-14 12:00:00+00:00,-9.375,46.425,0.63,0.19,0.0,28.56
GL07,2026-04-15 12:00:00+00:00,-9.375,46.425,0.63,0.21,0.0,28.56
GL07,2026-04-16 12:00:00+00:00,-9.375,46.425,0.63,0.2,0.0,28.52
GL07,2026-04-17 12:00:00+00:00,-9.375,46.425,0.63,0.29,0.0,28.57
GL07,2026-04-18 12:00:00+00:00,-9.375,46.425,0.63,0.36,0.0,28.61
GL07,2026-04-19 12:00:00+00:00,-9.375,46.425,0.63,0.66,1.0,28.88
GL07,2026-04-20 12:00:00+00:00,-9.375,46.425,0.63,0.67,0.0,28.85
GL07,2026-04-21 12:00:00+00:00,-9.375,46.425,0.63,0.67,0.0,28.82
GL07,2026-04-22 12:00:00+00:00,-9.375,46.425,0.63,0.67,0.0,28.79
GL07,2026-04-23 12:00:00+00:00,-9.375,46.425,0.63,0.77,0.0,28.86
GL07,2026-04-24 12:00:00+00:00,-9.375,46.425,0.63,0.67,0.0,28.72
GL07,2026-04-26 12:00:00+00:00,-9.375,46.425,0.63,0.5,0.0,28.49
GL07,2026-04-27 12:00:00+00:00,-9.375,46.425,0.63,0.91,0.0,28.86
GL07,2026-04-28 12:00:00+00:00,-9.375,46.425,0.63,1.26,1.0,29.18
GL07,2026-04-29 12:00:00+00:00,-9.375,46.425,0.63,1.27,1.0,29.16
GL07,2026-04-30 12:00:00+00:00,-9.375,46.425,0.63,1.17,1.0,29.02
GL07,2026-05-01 12:00:00+00:00,-9.375,46.425,0.63,1.26,1.0,29.08
GL07,2026-05-02 12:00:00+00:00,-9.375,46.425,0.63,1.11,1.0,28.9
GL07,2026-05-03 12:00:00+00:00,-9.375,46.425,0.63,1.27,1.0,29.03
GL07,2026-05-04 12:00:00+00:00,-9.375,46.425,0.63,1.28,1.0,29.0
GL07,2026-05-05 12:00:00+00:00,-9.375,46.425,0.63,1.32,1.0,29.01
GL07,2026-05-06 12:00:00+00:00,-9.375,46.425,0.63,1.36,1.0,29.02
GL07,2026-05-07 12:00:00+00:00,-9.375,46.425,0.63,1.37,1.0,28.99
GL07,2026-05-08 12:00:00+00:00,-9.375,46.425,0.63,1.2,0.0,28.79
GL07,2026-05-09 12:00:00+00:00,-9.375,46.425,0.63,1.14,0.0,28.7
GL07,2026-05-10 12:00:00+00:00,-9.375,46.425,0.63,1.07,0.0,28.59
GL07,2026-05-11 12:00:00+00:00,-9.375,46.425,0.63,1.08,0.0,28.57
GL07,2026-05-12 12:00:00+00:00,-9.375,46.425,0.63,1.0,0.0,28.46
GL07,2026-05-13 12:00:00+00:00,-9.375,46.425,0.63,0.9,0.0,28.33
GL07,2026-05-14 12:00:00+00:00,-9.375,46.425,0.63,0.81,0.0,28.2
GL07,2026-05-15 12:00:00+00:00,-9.375,46.425,0.63,0.76,0.0,28.12
GL07,2026-05-16 12:00:00+00:00,-9.375,46.425,0.63,0.72,0.0,28.03
GL07,2026-05-17 12:00:00+00:00,-9.375,46.425,0.63,0.75,0.0,28.01
GL07,2026-05-18 12:00:00+00:00,-9.375,46.425,0.63,0.8,0.0,28.0
GL07,2026-05-19 12:00:00+00:00,-9.375,46.425,0.63,0.88,0.0,28.03
GL07,2026-05-20 12:00:00+00:00,-9.375,46.425,0.63,0.94,0.0,28.04
GL07,2026-05-21 12:00:00+00:00,-9.375,46.425,0.63,0.95,0.0,28.0
GL07,2026-05-22 12:00:00+00:00,-9.375,46.425,0.63,0.88,0.0,27.87
GL07,2026-05-23 12:00:00+00:00,-9.375,46.425,0.63,0.77,0.0,27.71
GL07,2026-05-24 12:00:00+00:00,-9.375,46.425,0.63,0.93,0.0,27.82
GL07,2026-05-25 12:00:00+00:00,-9.375,46.425,0.63,0.86,0.0,27.7
GL07,2026-05-26 12:00:00+00:00,-9.375,46.425,0.63,0.9,0.0,27.69
GL07,2026-05-27 12:00:00+00:00,-9.375,46.425,0.63,1.01,0.0,27.74
GL07,2026-05-28 12:00:00+00:00,-9.375,46.425,0.63,1.09,0.0,27.77
GL07,2026-05-29 12:00:00+00:00,-9.375,46.425,0.63,1.05,0.0,27.68
GL07,2026-05-30 12:00:00+00:00,-9.375,46.425,0.63,0.94,0.0,27.52
GL07,2026-05-31 12:00:00+00:00,-9.375,46.425,0.63,0.7000000000000001,0.0,27.22
GL07,2026-06-01 12:00:00+00:00,-9.375,46.425,0.63,0.54,0.0,27.01
GL07,2026-06-02 12:00:00+00:00,-9.375,46.425,0.63,0.45,0.0,26.87
GL07,2026-06-03 12:00:00+00:00,-9.375,46.425,0.63,0.53,0.0,26.9
GL07,2026-06-04 12:00:00+00:00,-9.375,46.425,0.63,0.64,0.0,26.95
GL07,2026-06-05 12:00:00+00:00,-9.375,46.425,0.63,0.56,0.0,26.82
GL07,2026-06-06 12:00:00+00:00,-9.375,46.425,0.63,0.52,0.0,26.73
GL07,2026-06-07 12:00:00+00:00,-9.375,46.425,0.63,0.58,0.0,26.74
GL07,2026-06-08 12:00:00+00:00,-9.375,46.425,0.63,0.59,0.0,26.7
GL07,2026-06-09 12:00:00+00:00,-9.375,46.425,0.63,0.8300000000000001,0.0,26.88
GL07,2026-06-10 12:00:00+00:00,-9.375,46.425,0.63,0.96,0.0,26.96
GL07,2026-06-11 12:00:00+00:00,-9.375,46.425,0.63,0.85,0.0,26.8
GL07,2026-06-12 12:00:00+00:00,-9.375,46.425,0.63,0.93,0.0,26.83
GL07,2026-06-13 12:00:00+00:00,-9.375,46.425,0.63,1.08,0.0,26.92
GL07,2026-06-14 12:00:00+00:00,-9.375,46.425,0.63,1.04,0.0,26.83
GL07,2026-06-15 12:00:00+00:00,-9.375,46.425,0.63,1.03,0.0,26.77
GL07,2026-06-16 12:00:00+00:00,-9.375,46.425,0.63,0.87,0.0,26.57
GL07,2026-06-17 12:00:00+00:00,-9.375,46.425,0.63,0.8,0.0,26.47
GL07,2026-06-18 12:00:00+00:00,-9.375,46.425,0.63,0.72,0.0,26.35
GL07,2026-06-19 12:00:00+00:00,-9.375,46.425,0.63,0.81,0.0,26.4
GL07,2026-06-20 12:00:00+00:00,-9.375,46.425,0.63,0.88,0.0,26.43
GL07,2026-06-21 12:00:00+00:00,-9.375,46.425,0.63,0.87,0.0,26.39
GL07,2026-06-22 12:00:00+00:00,-9.375,46.425,0.63,0.73,0.0,26.21
GL07,2026-06-23 12:00:00+00:00,-9.375,46.425,0.63,0.77,0.0,26.21
GL07,2026-06-24 12:00:00+00:00,-9.375,46.425,0.63,0.91,0.0,26.31
GL07,2026-06-25 12:00:00+00:00,-9.375,46.425,0.48,0.91,0.0,26.28
GL07,2026-06-26 12:00:00+00:00,-9.375,46.425,0.48,1.1,0.0,26.43
GL07,2026-06-27 12:00:00+00:00,-9.375,46.425,0.31,0.9,0.0,26.19
GL07,2026-06-28 12:00:00+00:00,-9.375,46.425,0.15,0.8,0.0,26.05
GL07,2026-06-29 12:00:00+00:00,-9.375,46.425,0.0,0.74,0.0,25.96
GL07,2026-06-30 12:00:00+00:00,-9.375,46.425,0.0,0.75,0.0,25.93
GL07,2026-07-01 12:00:00+00:00,-9.375,46.425,0.0,0.77,0.0,25.91
GL07,2026-07-02 12:00:00+00:00,-9.375,46.425,0.0,0.67,0.0,25.78
GL07,2026-07-03 12:00:00+00:00,-9.375,46.425,0.0,0.49,0.0,25.56
GL07,2026-07-04 12:00:00+00:00,-9.375,46.425,0.0,0.8,0.0,25.83
GL07,2026-07-05 12:00:00+00:00,-9.375,46.425,0.0,0.55,0.0,25.54
GL07,2026-07-06 12:00:00+00:00,-9.375,46.425,0.0,0.73,0.0,25.69
GL07,2026-07-07 12:00:00+00:00,-9.375,46.425,0.0,1.25,0.0,26.17
GL07,2026-07-08 12:00:00+00:00,-9.375,46.425,0.0,0.6,0.0,25.48
GL07,2026-07-09 12:00:00+00:00,-9.375,46.425,0.0,0.4,0.0,25.24
GL07,2026-07-10 12:00:00+00:00,-9.375,46.425,0.0,0.4,0.0,25.21
GL07,2026-07-11 12:00:00+00:00,-9.375,46.425,0.0,0.49,0.0,25.26
GL07,2026-07-12 12:00:00+00:00,-9.375,46.425,0.0,0.92,0.0,25.65
GL07,2026-07-13 12:00:00+00:00,-9.375,46.425,0.0,0.98,0.0,25.67
GL07,2026-07-14 12:00:00+00:00,-9.375,46.425,0.0,0.86,0.0,25.52
GL07,2026-07-15 12:00:00+00:00,-9.375,46.425,0.0,1.05,0.0,25.67
GL07,2026-07-16 12:00:00+00:00,-9.375,46.425,0.0,1.04,0.0,25.64
GL07,2026-07-17 12:00:00+00:00,-9.375,46.425,0.0,1.04,0.0,25.63
GL07,2026-07-18 12:00:00+00:00,-9.375,46.425,0.0,1.12,0.0,25.69
GL07,2026-07-19 12:00:00+00:00,-9.375,46.425,0.0,1.1,0.0,25.66
GL07,2026-07-20 12:00:00+00:00,-9.375,46.425,0.0,1.05,0.0,25.59
GL07,2026-07-21 12:00:00+00:00,-9.375,46.425,0.0,1.03,0.0,25.56
GL07,2026-07-22 12:00:00+00:00,-9.375,46.425,0.0,1.14,0.0,25.65
GL07,2026-07-23 12:00:00+00:00,-9.375,46.425,0.0,1.29,0.0,25.79
GL07,2026-07-24 12:00:00+00:00,-9.375,46.425,0.0,1.15,0.0,25.63
GL07,2026-07-25 12:00:00+00:00,-9.375,46.425,0.0,1.23,0.0,25.7
GL07,2026-07-26 12:00:00+00:00,-9.375,46.425,0.0,1.26,0.0,25.71
GL07,2026-07-27 12:00:00+00:00,-9.375,46.425,0.0,1.38,0.0,25.81
GL07,2026-07-28 12:00:00+00:00,-9.375,46.425,0.0,1.39,0.0,25.81
GL07,2026-07-29 12:00:00+00:00,-9.375,46.425,0.0,1.4,0.0,25.8
GL07,2026-07-30 12:00:00+00:00,-9.375,46.425,0.0,1.43,0.0,25.82
GL07,2026-07-31 12:00:00+00:00,-9.375,46.425,0.0,1.39,0.0,25.76
GL07,2026-08-01 12:00:00+00:00,-9.375,46.425,0.0,1.55,0.0,25.91
GL07,2026-08-02 12:00:00+00:00,-9.375,46.425,0.0,1.61,0.0,25.95
GL07,2026-08-03 12:00:00+00:00,-9.375,46.425,0.0,1.5,0.0,25.83
GL07,2026-08-04 12:00:00+00:00,-9.375,46.425,0.0,1.46,0.0,25.77
GL07,2026-08-05 12:00:00+00:00,-9.375,46.425,0.0,1.58,0.0,25.87
GL07,2026-08-06 12:00:00+00:00,-9.375,46.425,0.0,1.54,0.0,25.82
GL07,2026-08-07 12:00:00+00:00,-9.375,46.425,0.0,1.53,0.0,25.79
GL07,2026-08-08 12:00:00+00:00,-9.375,46.425,0.0,1.58,0.0,25.83
GL07,2026-08-09 12:00:00+00:00,-9.375,46.425,0.0,1.53,0.0,25.76
GL07,2026-08-10 12:00:00+00:00,-9.375,46.425,0.0,1.52,0.0,25.74
GL07,2026-08-11 12:00:00+00:00,-9.375,46.425,0.0,1.58,0.0,25.78
GL07,2026-08-12 12:00:00+00:00,-9.375,46.425,0.0,1.7,0.0,25.89
GL07,2026-08-13 12:00:00+00:00,-9.375,46.425,0.0,1.93,0.0,26.1
GL07,2026-08-14 12:00:00+00:00,-9.375,46.425,0.0,1.93,0.0,26.09
GL07,2026-08-15 12:00:00+00:00,-9.375,46.425,0.0,1.85,0.0,25.99
GL07,2026-08-16 12:00:00+00:00,-9.375,46.425,0.0,1.75,0.0,25.9
GL07,2026-08-17 12:00:00+00:00,-9.375,46.425,0.0,1.68,0.0,25.84
GL07,2026-08-18 12:00:00+00:00,-9.375,46.425,0.0,1.7,0.0,25.88
GL07,2026-08-19 12:00:00+00:00,-9.375,46.425,0.0,1.54,0.0,25.73
GL07,2026-08-20 12:00:00+00:00,-9.375,46.425,0.0,1.41,0.0,25.61
GL07,2026-08-21 12:00:00+00:00,-9.375,46.425,0.0,1.41,0.0,25.62
GL07,2026-08-22 12:00:00+00:00,-9.375,46.425,0.0,1.29,0.0,25.51
GL07,2026-08-23 12:00:00+00:00,-9.375,46.425,0.0,1.29,0.0,25.53
GL07,2026-08-24 12:00:00+00:00,-9.375,46.425,0.0,1.31,0.0,25.56
GL07,2026-08-25 12:00:00+00:00,-9.375,46.425,0.0,1.15,0.0,25.41
GL07,2026-08-26 12:00:00+00:00,-9.375,46.425,0.0,1.18,0.0,25.45
GL07,2026-08-27 12:00:00+00:00,-9.375,46.425,0.0,1.34,0.0,25.62
GL07,2026-08-28 12:00:00+00:00,-9.375,46.425,0.0,1.22,0.0,25.52
GL07,2026-08-29 12:00:00+00:00,-9.375,46.425,0.0,1.25,0.0,25.56
GL07,2026-08-30 12:00:00+00:00,-9.375,46.425,0.0,0.91,0.0,25.23
GL07,2026-08-31 12:00:00+00:00,-9.375,46.425,0.0,0.91,0.0,25.24
GL07,2026-09-01 12:00:00+00:00,-9.375,46.425,0.0,0.92,0.0,25.26
GL07,2026-09-02 12:00:00+00:00,-9.375,46.425,0.0,1.03,0.0,25.38
GL07,2026-09-03 12:00:00+00:00,-9.375,46.425,0.0,1.02,0.0,25.39
GL07,2026-09-04 12:00:00+00:00,-9.375,46.425,0.0,1.08,0.0,25.46
GL07,2026-09-05 12:00:00+00:00,-9.375,46.425,0.0,1.11,0.0,25.5
GL07,2026-09-06 12:00:00+00:00,-9.375,46.425,0.0,1.03,0.0,25.43
GL07,2026-09-07 12:00:00+00:00,-9.375,46.425,0.0,1.09,0.0,25.5
GL07,2026-09-08 12:00:00+00:00,-9.375,46.425,0.0,1.07,0.0,25.5
GL07,2026-09-09 12:00:00+00:00,-9.375,46.425,0.0,1.1,0.0,25.54
GL07,2026-09-10 12:00:00+00:00,-9.375,46.425,0.0,0.89,0.0,25.34
GL07,2026-09-11 12:00:00+00:00,-9.375,46.425,0.0,0.96,0.0,25.42
GL07,2026-09-12 12:00:00+00:00,-9.375,46.425,0.0,0.94,0.0,25.41
GL07,2026-09-13 12:00:00+00:00,-9.375,46.425,0.0,1.01,0.0,25.5
GL07,2026-09-14 12:00:00+00:00,-9.375,46.425,0.0,0.92,0.0,25.42
GL07,2026-09-15 12:00:00+00:00,-9.375,46.425,0.0,0.75,0.0,25.26
GL07,2026-09-16 12:00:00+00:00,-9.375,46.425,0.0,0.55,0.0,25.1
GL07,2026-09-17 12:00:00+00:00,-9.375,46.425,0.0,0.43,0.0,25.01
GL07,2026-09-18 12:00:00+00:00,-9.375,46.425,0.0,0.54,0.0,25.16
GL07,2026-09-19 12:00:00+00:00,-9.375,46.425,0.0,0.38,0.0,25.04
GL07,2026-09-20 12:00:00+00:00,-9.375,46.425,0.0,0.45,0.0,25.14
GL07,2026-09-21 12:00:00+00:00,-9.375,46.425,0.0,0.39,0.0,25.12
GL07,2026-09-22 12:00:00+00:00,-9.375,46.425,0.0,0.44,0.0,25.21
GL07,2026-09-23 12:00:00+00:00,-9.375,46.425,0.0,0.63,0.0,25.44
GL07,2026-09-24 12:00:00+00:00,-9.375,46.425,0.0,0.6900000000000001,0.0,25.53
GL07,2026-09-25 12:00:00+00:00,-9.375,46.425,0.0,0.54,0.0,25.42
GL07,2026-09-26 12:00:00+00:00,-9.375,46.425,0.0,0.29,0.0,25.21
GL07,2026-09-27 12:00:00+00:00,-9.375,46.425,0.0,0.4,0.0,25.35
GL07,2026-09-28 12:00:00+00:00,-9.375,46.425,0.0,0.44,0.0,25.43
GL07,2026-09-29 12:00:00+00:00,-9.375,46.425,0.0,0.46,0.0,25.49
GL07,2026-09-30 12:00:00+00:00,-9.375,46.425,0.0,0.37,0.0,25.43
GL07,2026-10-01 12:00:00+00:00,-9.375,46.425,0.0,0.37,0.0,25.47
GL07,2026-10-02 12:00:00+00:00,-9.375,46.425,0.0,0.47,0.0,25.61
GL07,2026-10-03 12:00:00+00:00,-9.375,46.425,0.0,0.77,0.0,25.95
GL07,2026-10-04 12:00:00+00:00,-9.375,46.425,0.0,0.63,0.0,25.84
GL07,2026-10-05 12:00:00+00:00,-9.375,46.425,0.0,0.98,0.0,26.23
GL07,2026-10-06 12:00:00+00:00,-9.375,46.425,0.0,0.87,0.0,26.16
GL07,2026-10-07 12:00:00+00:00,-9.375,46.425,0.0,0.79,0.0,26.11
GL08,2026-04-10 12:00:00+00:00,-16.725,179.875,5.19,1.26,1.0,29.36
GL08,2026-04-11 12:00:00+00:00,-16.725,179.875,5.19,0.93,1.0,29.01
GL08,2026-04-12 12:00:00+00:00,-16.725,179.875,5.19,1.14,1.0,29.2
GL08,2026-04-13 12:00:00+00:00,-16.725,179.875,5.19,0.99,1.0,29.04
GL08,2026-04-14 12:00:00+00:00,-16.725,179.875,5.19,1.27,1.0,29.3
GL08,2026-04-15 12:00:00+00:00,-16.725,179.875,5.19,1.4,1.0,29.41
GL08,2026-04-16 12:00:00+00:00,-16.725,179.875,5.19,1.36,1.0,29.34
GL08,2026-04-17 12:00:00+00:00,-16.725,179.875,5.19,1.44,1.0,29.38
GL08,2026-04-18 12:00:00+00:00,-16.725,179.875,5.19,1.45,1.0,29.36
GL08,2026-04-19 12:00:00+00:00,-16.725,179.875,5.19,1.21,1.0,29.09
GL08,2026-04-20 12:00:00+00:00,-16.725,179.875,5.19,1.06,1.0,28.9
GL08,2026-04-21 12:00:00+00:00,-16.725,179.875,5.19,1.12,1.0,28.93
GL08,2026-04-22 12:00:00+00:00,-16.725,179.875,5.19,1.24,1.0,29.01
GL08,2026-04-23 12:00:00+00:00,-16.725,179.875,5.19,1.15,1.0,28.89
GL08,2026-04-24 12:00:00+00:00,-16.725,179.875,5.19,1.12,1.0,28.83
GL08,2026-04-26 12:00:00+00:00,-16.725,179.875,5.19,1.27,1.0,28.91
GL08,2026-04-27 12:00:00+00:00,-16.725,179.875,5.0200000000000005,1.2,1.0,28.81
GL08,2026-04-28 12:00:00+00:00,-16.725,179.875,4.8500000000000005,1.48,1.0,29.05
GL08,2026-04-29 12:00:00+00:00,-16.725,179.875,4.8500000000000005,1.46,1.0,29.0
GL08,2026-04-30 12:00:00+00:00,-16.725,179.875,4.8500000000000005,1.52,1.0,29.03
GL08,2026-05-01 12:00:00+00:00,-16.725,179.875,4.8500000000000005,1.38,1.0,28.85
GL08,2026-05-02 12:00:00+00:00,-16.725,179.875,4.8500000000000005,1.62,1.0,29.06
GL08,2026-05-03 12:00:00+00:00,-16.725,179.875,4.8500000000000005,1.67,1.0,29.07
GL08,2026-05-04 12:00:00+00:00,-16.725,179.875,4.8500000000000005,1.6,1.0,28.97
GL08,2026-05-05 12:00:00+00:00,-16.725,179.875,4.8500000000000005,1.56,1.0,28.9
GL08,2026-05-06 12:00:00+00:00,-16.725,179.875,4.8500000000000005,1.41,1.0,28.71
GL08,2026-05-07 12:00:00+00:00,-16.725,179.875,4.8500000000000005,1.28,0.0,28.55
GL08,2026-05-08 12:00:00+00:00,-16.725,179.875,4.8500000000000005,1.28,0.0,28.52
GL08,2026-05-09 12:00:00+00:00,-16.725,179.875,4.8500000000000005,1.39,1.0,28.59
GL08,2026-05-10 12:00:00+00:00,-16.725,179.875,4.8500000000000005,1.3,0.0,28.47
GL08,2026-05-11 12:00:00+00:00,-16.725,179.875,4.7,1.25,0.0,28.38
GL08,2026-05-12 12:00:00+00:00,-16.725,179.875,4.55,1.23,0.0,28.33
GL08,2026-05-13 12:00:00+00:00,-16.725,179.875,4.38,1.35,0.0,28.42
GL08,2026-05-14 12:00:00+00:00,-16.725,179.875,4.22,1.35,0.0,28.38
GL08,2026-05-15 12:00:00+00:00,-16.725,179.875,4.03,1.3,0.0,28.3
GL08,2026-05-16 12:00:00+00:00,-16.725,179.875,3.84,1.32,0.0,28.29
GL08,2026-05-17 12:00:00+00:00,-16.725,179.875,3.65,1.22,0.0,28.17
GL08,2026-05-18 12:00:00+00:00,-16.725,179.875,3.48,1.35,0.0,28.27
GL08,2026-05-19 12:00:00+00:00,-16.725,179.875,3.48,1.34,0.0,28.23
GL08,2026-05-20 12:00:00+00:00,-16.725,179.875,3.33,1.01,0.0,27.87
GL08,2026-05-21 12:00:00+00:00,-16.725,179.875,3.33,1.2,0.0,28.04
GL08,2026-05-22 12:00:00+00:00,-16.725,179.875,3.33,1.24,0.0,28.05
GL08,2026-05-23 12:00:00+00:00,-16.725,179.875,3.33,1.16,0.0,27.94
GL08,2026-05-24 12:00:00+00:00,-16.725,179.875,3.33,1.04,0.0,27.8
GL08,2026-05-25 12:00:00+00:00,-16.725,179.875,3.33,1.29,0.0,28.02
GL08,2026-05-26 12:00:00+00:00,-16.725,179.875,3.33,1.14,0.0,27.84
GL08,2026-05-27 12:00:00+00:00,-16.725,179.875,3.33,1.21,0.0,27.88
GL08,2026-05-28 12:00:00+00:00,-16.725,179.875,3.33,1.2,0.0,27.85
GL08,2026-05-29 12:00:00+00:00,-16.725,179.875,3.33,1.21,0.0,27.83
GL08,2026-05-30 12:00:00+00:00,-16.725,179.875,3.33,1.2,0.0,27.79
GL08,2026-05-31 12:00:00+00:00,-16.725,179.875,3.33,1.17,0.0,27.74
GL08,2026-06-01 12:00:00+00:00,-16.725,179.875,3.33,1.16,0.0,27.7
GL08,2026-06-02 12:00:00+00:00,-16.725,179.875,3.17,1.01,0.0,27.52
GL08,2026-06-03 12:00:00+00:00,-16.725,179.875,3.01,1.1,0.0,27.59
GL08,2026-06-04 12:00:00+00:00,-16.725,179.875,2.86,1.11,0.0,27.57
GL08,2026-06-05 12:00:00+00:00,-16.725,179.875,2.7,1.13,0.0,27.56
GL08,2026-06-06 12:00:00+00:00,-16.725,179.875,2.54,1.12,0.0,27.52
GL08,2026-06-07 12:00:00+00:00,-16.725,179.875,2.4,0.96,0.0,27.34
GL08,2026-06-08 12:00:00+00:00,-16.725,179.875,2.25,0.9,0.0,27.25
GL08,2026-06-09 12:00:00+00:00,-16.725,179.875,2.1,0.8300000000000001,0.0,27.15
GL08,2026-06-10 12:00:00+00:00,-16.725,179.875,1.96,0.96,0.0,27.26
GL08,2026-06-11 12:00:00+00:00,-16.725,179.875,1.81,0.89,0.0,27.16
GL08,2026-06-12 12:00:00+00:00,-16.725,179.875,1.64,0.79,0.0,27.03
GL08,2026-06-13 12:00:00+00:00,-16.725,179.875,1.47,0.72,0.0,26.93
GL08,2026-06-14 12:00:00+00:00,-16.725,179.875,1.3,0.8300000000000001,0.0,27.02
GL08,2026-06-15 12:00:00+00:00,-16.725,179.875,1.12,0.74,0.0,26.9
GL08,2026-06-16 12:00:00+00:00,-16.725,179.875,0.94,0.6900000000000001,0.0,26.83
GL08,2026-06-17 12:00:00+00:00,-16.725,179.875,0.76,0.6900000000000001,0.0,26.82
GL08,2026-06-18 12:00:00+00:00,-16.725,179.875,0.61,0.58,0.0,26.69
GL08,2026-06-19 12:00:00+00:00,-16.725,179.875,0.45,0.35,0.0,26.44
GL08,2026-06-20 12:00:00+00:00,-16.725,179.875,0.29,0.23,0.0,26.31
GL08,2026-06-21 12:00:00+00:00,-16.725,179.875,0.14,0.35,0.0,26.41
GL08,2026-06-22 12:00:00+00:00,-16.725,179.875,0.0,0.01,0.0,26.06
GL08,2026-06-23 12:00:00+00:00,-16.725,179.875,0.0,-0.01,0.0,26.02
GL08,2026-06-24 12:00:00+00:00,-16.725,179.875,0.0,-0.28,0.0,25.73
GL08,2026-06-25 12:00:00+00:00,-16.725,179.875,0.0,-0.01,0.0,25.99
GL08,2026-06-26 12:00:00+00:00,-16.725,179.875,0.0,0.05,0.0,26.03
GL08,2026-06-27 12:00:00+00:00,-16.725,179.875,0.0,-0.02,0.0,25.94
GL08,2026-06-28 12:00:00+00:00,-16.725,179.875,0.0,-0.03,0.0,25.92
GL08,2026-06-29 12:00:00+00:00,-16.725,179.875,0.0,-0.18,0.0,25.75
GL08,2026-06-30 12:00:00+00:00,-16.725,179.875,0.0,-0.12,0.0,25.8
GL08,2026-07-01 12:00:00+00:00,-16.725,179.875,0.0,-0.15,0.0,25.75
GL08,2026-07-02 12:00:00+00:00,-16.725,179.875,0.0,-0.26,0.0,25.62
GL08,2026-07-03 12:00:00+00:00,-16.725,179.875,0.0,-0.27,0.0,25.6
GL08,2026-07-04 12:00:00+00:00,-16.725,179.875,0.0,-0.31,0.0,25.54
GL08,2026-07-05 12:00:00+00:00,-16.725,179.875,0.0,-0.28,0.0,25.55
GL08,2026-07-06 12:00:00+00:00,-16.725,179.875,0.0,-0.3,0.0,25.52
GL08,2026-07-07 12:00:00+00:00,-16.725,179.875,0.0,-0.19,0.0,25.61
GL08,2026-07-08 12:00:00+00:00,-16.725,179.875,0.0,-0.17,0.0,25.61
GL08,2026-07-09 12:00:00+00:00,-16.725,179.875,0.0,-0.32,0.0,25.45
GL08,2026-07-10 12:00:00+00:00,-16.725,179.875,0.0,-0.31,0.0,25.44
GL08,2026-07-11 12:00:00+00:00,-16.725,179.875,0.0,-0.55,0.0,25.19
GL08,2026-07-12 12:00:00+00:00,-16.725,179.875,0.0,-0.28,0.0,25.44
GL08,2026-07-13 12:00:00+00:00,-16.725,179.875,0.0,-0.34,0.0,25.36
GL08,2026-07-14 12:00:00+00:00,-16.725,179.875,0.0,-0.23,0.0,25.46
GL08,2026-07-15 12:00:00+00:00,-16.725,179.875,0.0,-0.35,0.0,25.32
GL08,2026-07-16 12:00:00+00:00,-16.725,179.875,0.0,-0.49,0.0,25.17
GL08,2026-07-17 12:00:00+00:00,-16.725,179.875,0.0,-0.45,0.0,25.2
GL08,2026-07-18 12:00:00+00:00,-16.725,179.875,0.0,-0.66,0.0,24.98
GL08,2026-07-19 12:00:00+00:00,-16.725,179.875,0.0,-0.45,0.0,25.18
GL08,2026-07-20 12:00:00+00:00,-16.725,179.875,0.0,-0.45,0.0,25.17
GL08,2026-07-21 12:00:00+00:00,-16.725,179.875,0.0,-0.41,0.0,25.19
GL08,2026-07-22 12:00:00+00:00,-16.725,179.875,0.0,-0.48,0.0,25.11
GL08,2026-07-23 12:00:00+00:00,-16.725,179.875,0.0,-0.49,0.0,25.09
GL08,2026-07-24 12:00:00+00:00,-16.725,179.875,0.0,-0.44,0.0,25.13
GL08,2026-07-25 12:00:00+00:00,-16.725,179.875,0.0,-0.31,0.0,25.25
GL08,2026-07-26 12:00:00+00:00,-16.725,179.875,0.0,-0.61,0.0,24.94
GL08,2026-07-27 12:00:00+00:00,-16.725,179.875,0.0,-0.65,0.0,24.89
GL08,2026-07-28 12:00:00+00:00,-16.725,179.875,0.0,-0.66,0.0,24.87
GL08,2026-07-29 12:00:00+00:00,-16.725,179.875,0.0,-0.49,0.0,25.03
GL08,2026-07-30 12:00:00+00:00,-16.725,179.875,0.0,-0.56,0.0,24.95
GL08,2026-07-31 12:00:00+00:00,-16.725,179.875,0.0,-0.7000000000000001,0.0,24.79
GL08,2026-08-01 12:00:00+00:00,-16.725,179.875,0.0,-0.5,0.0,24.98
GL08,2026-08-02 12:00:00+00:00,-16.725,179.875,0.0,-0.52,0.0,24.95
GL08,2026-08-03 12:00:00+00:00,-16.725,179.875,0.0,-0.64,0.0,24.82
GL08,2026-08-04 12:00:00+00:00,-16.725,179.875,0.0,-0.7000000000000001,0.0,24.75
GL08,2026-08-05 12:00:00+00:00,-16.725,179.875,0.0,-0.89,0.0,24.55
GL08,2026-08-06 12:00:00+00:00,-16.725,179.875,0.0,-0.63,0.0,24.8
GL08,2026-08-07 12:00:00+00:00,-16.725,179.875,0.0,-0.81,0.0,24.61
GL08,2026-08-08 12:00:00+00:00,-16.725,179.875,0.0,-0.93,0.0,24.48
GL08,2026-08-09 12:00:00+00:00,-16.725,179.875,0.0,-0.8300000000000001,0.0,24.57
GL08,2026-08-10 12:00:00+00:00,-16.725,179.875,0.0,-0.56,0.0,24.82
GL08,2026-08-11 12:00:00+00:00,-16.725,179.875,0.0,-0.54,0.0,24.83
GL08,2026-08-12 12:00:00+00:00,-16.725,179.875,0.0,-0.52,0.0,24.84
GL08,2026-08-13 12:00:00+00:00,-16.725,179.875,0.0,-0.45,0.0,24.9
GL08,2026-08-14 12:00:00+00:00,-16.725,179.875,0.0,-0.22,0.0,25.12
GL08,2026-08-15 12:00:00+00:00,-16.725,179.875,0.0,-0.35,0.0,24.98
GL08,2026-08-16 12:00:00+00:00,-16.725,179.875,0.0,-0.3,0.0,25.03
GL08,2026-08-17 12:00:00+00:00,-16.725,179.875,0.0,-0.61,0.0,24.72
GL08,2026-08-18 12:00:00+00:00,-16.725,179.875,0.0,-0.56,0.0,24.77
GL08,2026-08-19 12:00:00+00:00,-16.725,179.875,0.0,-0.55,0.0,24.78
GL08,2026-08-20 12:00:00+00:00,-16.725,179.875,0.0,-0.44,0.0,24.89
GL08,2026-08-21 12:00:00+00:00,-16.725,179.875,0.0,-0.45,0.0,24.88
GL08,2026-08-22 12:00:00+00:00,-16.725,179.875,0.0,-0.39,0.0,24.94
GL08,2026-08-23 12:00:00+00:00,-16.725,179.875,0.0,-0.53,0.0,24.8
GL08,2026-08-24 12:00:00+00:00,-16.725,179.875,0.0,-0.38,0.0,24.95
GL08,2026-08-25 12:00:00+00:00,-16.725,179.875,0.0,-0.68,0.0,24.65
GL08,2026-08-26 12:00:00+00:00,-16.725,179.875,0.0,-0.41,0.0,24.92
GL08,2026-08-27 12:00:00+00:00,-16.725,179.875,0.0,-0.4,0.0,24.93
GL08,2026-08-28 12:00:00+00:00,-16.725,179.875,0.0,-0.22,0.0,25.11
GL08,2026-08-29 12:00:00+00:00,-16.725,179.875,0.0,-0.06,0.0,25.27
GL08,2026-08-30 12:00:00+00:00,-16.725,179.875,0.0,-0.2,0.0,25.13
GL08,2026-08-31 12:00:00+00:00,-16.725,179.875,0.0,-0.34,0.0,25.0
GL08,2026-09-01 12:00:00+00:00,-16.725,179.875,0.0,-0.41,0.0,24.93
GL08,2026-09-02 12:00:00+00:00,-16.725,179.875,0.0,-0.46,0.0,24.88
GL08,2026-09-03 12:00:00+00:00,-16.725,179.875,0.0,-0.38,0.0,24.96
GL08,2026-09-04 12:00:00+00:00,-16.725,179.875,0.0,-0.29,0.0,25.05
GL08,2026-09-05 12:00:00+00:00,-16.725,179.875,0.0,-0.02,0.0,25.32
GL08,2026-09-06 12:00:00+00:00,-16.725,179.875,0.0,0.03,0.0,25.37
GL08,2026-09-07 12:00:00+00:00,-16.725,179.875,0.0,0.0,0.0,25.34
GL08,2026-09-08 12:00:00+00:00,-16.725,179.875,0.0,0.15,0.0,25.49
GL08,2026-09-09 12:00:00+00:00,-16.725,179.875,0.0,0.27,0.0,25.61
GL08,2026-09-10 12:00:00+00:00,-16.725,179.875,0.0,0.22,0.0,25.56
GL08,2026-09-11 12:00:00+00:00,-16.725,179.875,0.0,0.24,0.0,25.58
GL08,2026-09-12 12:00:00+00:00,-16.725,179.875,0.0,-0.08,0.0,25.26
GL08,2026-09-13 12:00:00+00:00,-16.725,179.875,0.0,0.0,0.0,25.34
GL08,2026-09-14 12:00:00+00:00,-16.725,179.875,0.0,-0.1,0.0,25.24
GL08,2026-09-15 12:00:00+00:00,-16.725,179.875,0.0,-0.12,0.0,25.22
GL08,2026-09-16 12:00:00+00:00,-16.725,179.875,0.0,-0.19,0.0,25.17
GL08,2026-09-17 12:00:00+00:00,-16.725,179.875,0.0,0.12,0.0,25.5
GL08,2026-09-18 12:00:00+00:00,-16.725,179.875,0.0,0.1,0.0,25.49
GL08,2026-09-19 12:00:00+00:00,-16.725,179.875,0.0,0.05,0.0,25.46
GL08,2026-09-20 12:00:00+00:00,-16.725,179.875,0.0,0.25,0.0,25.68
GL08,2026-09-21 12:00:00+00:00,-16.725,179.875,0.0,0.14,0.0,25.59
GL08,2026-09-22 12:00:00+00:00,-16.725,179.875,0.0,-0.04,0.0,25.43
GL08,2026-09-23 12:00:00+00:00,-16.725,179.875,0.0,-0.48,0.0,25.0
GL08,2026-09-24 12:00:00+00:00,-16.725,179.875,0.0,-0.33,0.0,25.17
GL08,2026-09-25 12:00:00+00:00,-16.725,179.875,0.0,-0.42,0.0,25.1
GL08,2026-09-26 12:00:00+00:00,-16.725,179.875,0.0,-0.56,0.0,24.98
GL08,2026-09-27 12:00:00+00:00,-16.725,179.875,0.0,-0.7000000000000001,0.0,24.86
GL08,2026-09-28 12:00:00+00:00,-16.725,179.875,0.0,-0.58,0.0,24.99
GL08,2026-09-29 12:00:00+00:00,-16.725,179.875,0.0,-0.62,0.0,24.97
GL08,2026-09-30 12:00:00+00:00,-16.725,179.875,0.0,-0.52,0.0,25.09
GL08,2026-10-01 12:00:00+00:00,-16.725,179.875,0.0,-0.39,0.0,25.24
GL08,2026-10-02 12:00:00+00:00,-16.725,179.875,0.0,-0.15,0.0,25.5
GL08,2026-10-03 12:00:00+00:00,-16.725,179.875,0.0,-0.29,0.0,25.37
GL08,2026-10-04 12:00:00+00:00,-16.725,179.875,0.0,-0.33,0.0,25.35
GL08,2026-10-05 12:00:00+00:00,-16.725,179.875,0.0,-0.15,0.0,25.55
GL08,2026-10-06 12:00:00+00:00,-16.725,179.875,0.0,-0.05,0.0,25.67
GL08,2026-10-07 12:00:00+00:00,-16.725,179.875,0.0,-0.04,0.0,25.7
GL09,2026-04-10 12:00:00+00:00,-14.675,145.475,4.36,0.56,0.0,27.88
GL09,2026-04-11 12:00:00+00:00,-14.675,145.475,4.36,0.44,0.0,27.73
GL09,2026-04-12 12:00:00+00:00,-14.675,145.475,4.36,0.66,0.0,27.91
GL09,2026-04-13 12:00:00+00:00,-14.675,145.475,4.36,0.5,0.0,27.72
GL09,2026-04-14 12:00:00+00:00,-14.675,145.475,4.36,0.38,0.0,27.57
GL09,2026-04-15 12:00:00+00:00,-14.675,145.475,4.36,0.34,0.0,27.5
GL09,2026-04-16 12:00:00+00:00,-14.675,145.475,4.36,0.43,0.0,27.55
GL09,2026-04-17 12:00:00+00:00,-14.675,145.475,4.36,0.5,0.0,27.58
GL09,2026-04-18 12:00:00+00:00,-14.675,145.475,4.36,0.65,0.0,27.68
GL09,2026-04-19 12:00:00+00:00,-14.675,145.475,4.36,0.7000000000000001,0.0,27.69
GL09,2026-04-20 12:00:00+00:00,-14.675,145.475,4.36,0.59,0.0,27.54
GL09,2026-04-21 12:00:00+00:00,-14.675,145.475,4.36,0.54,0.0,27.45
GL09,2026-04-22 12:00:00+00:00,-14.675,145.475,4.36,0.54,0.0,27.41
GL09,2026-04-23 12:00:00+00:00,-14.675,145.475,4.36,0.41,0.0,27.24
GL09,2026-04-24 12:00:00+00:00,-14.675,145.475,4.36,0.34,0.0,27.12
GL09,2026-04-26 12:00:00+00:00,-14.675,145.475,4.36,0.22,0.0,26.92
GL09,2026-04-27 12:00:00+00:00,-14.675,145.475,4.36,0.26,0.0,26.92
GL09,2026-04-28 12:00:00+00:00,-14.675,145.475,4.36,0.23,0.0,26.85
GL09,2026-04-29 12:00:00+00:00,-14.675,145.475,4.36,0.35,0.0,26.93
GL09,2026-04-30 12:00:00+00:00,-14.675,145.475,4.36,0.24,0.0,26.77
GL09,2026-05-01 12:00:00+00:00,-14.675,145.475,4.36,0.34,0.0,26.83
GL09,2026-05-02 12:00:00+00:00,-14.675,145.475,4.36,0.49,0.0,26.94
GL09,2026-05-03 12:00:00+00:00,-14.675,145.475,4.36,0.44,0.0,26.85
GL09,2026-05-04 12:00:00+00:00,-14.675,145.475,4.36,0.44,0.0,26.81
GL09,2026-05-05 12:00:00+00:00,-14.675,145.475,4.36,0.41,0.0,26.74
GL09,2026-05-06 12:00:00+00:00,-14.675,145.475,4.21,0.63,0.0,26.91
GL09,2026-05-07 12:00:00+00:00,-14.675,145.475,4.0,0.75,0.0,26.99
GL09,2026-05-08 12:00:00+00:00,-14.675,145.475,3.78,0.73,0.0,26.93
GL09,2026-05-09 12:00:00+00:00,-14.675,145.475,3.5700000000000003,0.68,0.0,26.84
GL09,2026-05-10 12:00:00+00:00,-14.675,145.475,3.37,0.6,0.0,26.72
GL09,2026-05-11 12:00:00+00:00,-14.675,145.475,3.16,0.59,0.0,26.67
GL09,2026-05-12 12:00:00+00:00,-14.675,145.475,2.99,0.85,0.0,26.88
GL09,2026-05-13 12:00:00+00:00,-14.675,145.475,2.8000000000000003,0.89,0.0,26.88
GL09,2026-05-14 12:00:00+00:00,-14.675,145.475,2.65,0.86,0.0,26.81
GL09,2026-05-15 12:00:00+00:00,-14.675,145.475,2.49,0.78,0.0,26.69
GL09,2026-05-16 12:00:00+00:00,-14.675,145.475,2.27,0.68,0.0,26.55
GL09,2026-05-17 12:00:00+00:00,-14.675,145.475,2.07,0.8,0.0,26.62
GL09,2026-05-18 12:00:00+00:00,-14.675,145.475,1.85,0.96,0.0,26.74
GL09,2026-05-19 12:00:00+00:00,-14.675,145.475,1.65,1.07,0.0,26.81
GL09,2026-05-20 12:00:00+00:00,-14.675,145.475,1.46,0.97,0.0,26.66
GL09,2026-05-21 12:00:00+00:00,-14.675,145.475,1.28,0.87,0.0,26.52
GL09,2026-05-22 12:00:00+00:00,-14.675,145.475,1.09,0.9,0.0,26.51
GL09,2026-05-23 12:00:00+00:00,-14.675,145.475,0.9,0.9,0.0,26.46
GL09,2026-05-24 12:00:00+00:00,-14.675,145.475,0.6900000000000001,0.78,0.0,26.3
GL09,2026-05-25 12:00:00+00:00,-14.675,145.475,0.49,0.86,0.0,26.34
GL09,2026-05-26 12:00:00+00:00,-14.675,145.475,0.33,0.6900000000000001,0.0,26.12
GL09,2026-05-27 12:00:00+00:00,-14.675,145.475,0.33,0.7000000000000001,0.0,26.09
GL09,2026-05-28 12:00:00+00:00,-14.675,145.475,0.33,1.04,0.0,26.39
GL09,2026-05-29 12:00:00+00:00,-14.675,145.475,0.33,1.08,0.0,26.38
GL09,2026-05-30 12:00:00+00:00,-14.675,145.475,0.15,1.25,0.0,26.51
GL09,2026-05-31 12:00:00+00:00,-14.675,145.475,0.0,1.14,0.0,26.36
GL09,2026-06-01 12:00:00+00:00,-14.675,145.475,0.0,1.19,0.0,26.37
GL09,2026-06-02 12:00:00+00:00,-14.675,145.475,0.0,1.3,0.0,26.43
GL09,2026-06-03 12:00:00+00:00,-14.675,145.475,0.0,1.51,0.0,26.6
GL09,2026-06-04 12:00:00+00:00,-14.675,145.475,0.0,1.52,0.0,26.57
GL09,2026-06-05 12:00:00+00:00,-14.675,145.475,0.0,1.48,0.0,26.48
GL09,2026-06-06 12:00:00+00:00,-14.675,145.475,0.0,1.47,0.0,26.43
GL09,2026-06-07 12:00:00+00:00,-14.675,145.475,0.0,1.27,0.0,26.19
GL09,2026-06-08 12:00:00+00:00,-14.675,145.475,0.0,1.14,0.0,26.01
GL09,2026-06-09 12:00:00+00:00,-14.675,145.475,0.0,1.15,0.0,25.98
GL09,2026-06-10 12:00:00+00:00,-14.675,145.475,0.0,1.2,0.0,25.99
GL09,2026-06-11 12:00:00+00:00,-14.675,145.475,0.0,1.12,0.0,25.86
GL09,2026-06-12 12:00:00+00:00,-14.675,145.475,0.0,1.18,0.0,25.88
GL09,2026-06-13 12:00:00+00:00,-14.675,145.475,0.0,1.04,0.0,25.7
GL09,2026-06-14 12:00:00+00:00,-14.675,145.475,0.0,0.94,0.0,25.55
GL09,2026-06-15 12:00:00+00:00,-14.675,145.475,0.0,0.98,0.0,25.55
GL09,2026-06-16 12:00:00+00:00,-14.675,145.475,0.0,0.91,0.0,25.46
GL09,2026-06-17 12:00:00+00:00,-14.675,145.475,0.0,0.86,0.0,25.38
GL09,2026-06-18 12:00:00+00:00,-14.675,145.475,0.0,0.78,0.0,25.28
GL09,2026-06-19 12:00:00+00:00,-14.675,145.475,0.0,0.8,0.0,25.28
GL09,2026-06-20 12:00:00+00:00,-14.675,145.475,0.0,0.8200000000000001,0.0,25.27
GL09,2026-06-21 12:00:00+00:00,-14.675,145.475,0.0,0.81,0.0,25.24
GL09,2026-06-22 12:00:00+00:00,-14.675,145.475,0.0,0.6900000000000001,0.0,25.1
GL09,2026-06-23 12:00:00+00:00,-14.675,145.475,0.0,0.81,0.0,25.19
GL09,2026-06-24 12:00:00+00:00,-14.675,145.475,0.0,0.75,0.0,25.11
GL09,2026-06-25 12:00:00+00:00,-14.675,145.475,0.0,0.8200000000000001,0.0,25.16
GL09,2026-06-26 12:00:00+00:00,-14.675,145.475,0.0,0.71,0.0,25.02
GL09,2026-06-27 12:00:00+00:00,-14.675,145.475,0.0,0.74,0.0,25.03
GL09,2026-06-28 12:00:00+00:00,-14.675,145.475,0.0,0.59,0.0,24.86
GL09,2026-06-29 12:00:00+00:00,-14.675,145.475,0.0,0.56,0.0,24.8
GL09,2026-06-30 12:00:00+00:00,-14.675,145.475,0.0,0.63,0.0,24.85
GL09,2026-07-01 12:00:00+00:00,-14.675,145.475,0.0,0.63,0.0,24.83
GL09,2026-07-02 12:00:00+00:00,-14.675,145.475,0.0,0.53,0.0,24.7
GL09,2026-07-03 12:00:00+00:00,-14.675,145.475,0.0,0.46,0.0,24.61
GL09,2026-07-04 12:00:00+00:00,-14.675,145.475,0.0,0.55,0.0,24.68
GL09,2026-07-05 12:00:00+00:00,-14.675,145.475,0.0,0.51,0.0,24.61
GL09,2026-07-06 12:00:00+00:00,-14.675,145.475,0.0,0.65,0.0,24.73
GL09,2026-07-07 12:00:00+00:00,-14.675,145.475,0.0,0.58,0.0,24.64
GL09,2026-07-08 12:00:00+00:00,-14.675,145.475,0.0,0.62,0.0,24.65
GL09,2026-07-09 12:00:00+00:00,-14.675,145.475,0.0,0.59,0.0,24.6
GL09,2026-07-10 12:00:00+00:00,-14.675,145.475,0.0,0.71,0.0,24.7
GL09,2026-07-11 12:00:00+00:00,-14.675,145.475,0.0,0.75,0.0,24.71
GL09,2026-07-12 12:00:00+00:00,-14.675,145.475,0.0,0.86,0.0,24.8
GL09,2026-07-13 12:00:00+00:00,-14.675,145.475,0.0,0.8,0.0,24.72
GL09,2026-07-14 12:00:00+00:00,-14.675,145.475,0.0,0.78,0.0,24.67
GL09,2026-07-15 12:00:00+00:00,-14.675,145.475,0.0,0.68,0.0,24.55
GL09,2026-07-16 12:00:00+00:00,-14.675,145.475,0.0,0.47,0.0,24.34
GL09,2026-07-17 12:00:00+00:00,-14.675,145.475,0.0,0.32,0.0,24.19
GL09,2026-07-18 12:00:00+00:00,-14.675,145.475,0.0,0.22,0.0,24.09
GL09,2026-07-19 12:00:00+00:00,-14.675,145.475,0.0,0.13,0.0,23.99
GL09,2026-07-20 12:00:00+00:00,-14.675,145.475,0.0,0.13,0.0,23.99
GL09,2026-07-21 12:00:00+00:00,-14.675,145.475,0.0,0.11,0.0,23.97
GL09,2026-07-22 12:00:00+00:00,-14.675,145.475,0.0,0.27,0.0,24.13
GL09,2026-07-23 12:00:00+00:00,-14.675,145.475,0.0,0.23,0.0,24.09
GL09,2026-07-24 12:00:00+00:00,-14.675,145.475,0.0,0.18,0.0,24.04
GL09,2026-07-25 12:00:00+00:00,-14.675,145.475,0.0,0.11,0.0,23.96
GL09,2026-07-26 12:00:00+00:00,-14.675,145.475,0.0,0.17,0.0,24.02
GL09,2026-07-27 12:00:00+00:00,-14.675,145.475,0.0,0.06,0.0,23.91
GL09,2026-07-28 12:00:00+00:00,-14.675,145.475,0.0,0.22,0.0,24.07
GL09,2026-07-29 12:00:00+00:00,-14.675,145.475,0.0,0.16,0.0,24.01
GL09,2026-07-30 12:00:00+00:00,-14.675,145.475,0.0,0.26,0.0,24.11
GL09,2026-07-31 12:00:00+00:00,-14.675,145.475,0.0,0.09,0.0,23.93
GL09,2026-08-01 12:00:00+00:00,-14.675,145.475,0.0,0.0,0.0,23.84
GL09,2026-08-02 12:00:00+00:00,-14.675,145.475,0.0,0.07,0.0,23.91
GL09,2026-08-03 12:00:00+00:00,-14.675,145.475,0.0,0.17,0.0,24.01
GL09,2026-08-04 12:00:00+00:00,-14.675,145.475,0.0,-0.02,0.0,23.82
GL09,2026-08-05 12:00:00+00:00,-14.675,145.475,0.0,0.04,0.0,23.88
GL09,2026-08-06 12:00:00+00:00,-14.675,145.475,0.0,-0.14,0.0,23.69
GL09,2026-08-07 12:00:00+00:00,-14.675,145.475,0.0,0.04,0.0,23.87
GL09,2026-08-08 12:00:00+00:00,-14.675,145.475,0.0,0.05,0.0,23.88
GL09,2026-08-09 12:00:00+00:00,-14.675,145.475,0.0,0.23,0.0,24.06
GL09,2026-08-10 12:00:00+00:00,-14.675,145.475,0.0,0.39,0.0,24.22
GL09,2026-08-11 12:00:00+00:00,-14.675,145.475,0.0,0.54,0.0,24.37
GL09,2026-08-12 12:00:00+00:00,-14.675,145.475,0.0,0.49,0.0,24.31
GL09,2026-08-13 12:00:00+00:00,-14.675,145.475,0.0,0.48,0.0,24.3
GL09,2026-08-14 12:00:00+00:00,-14.675,145.475,0.0,0.37,0.0,24.19
GL09,2026-08-15 12:00:00+00:00,-14.675,145.475,0.0,0.41,0.0,24.23
GL09,2026-08-16 12:00:00+00:00,-14.675,145.475,0.0,0.27,0.0,24.11
GL09,2026-08-17 12:00:00+00:00,-14.675,145.475,0.0,0.13,0.0,23.99
GL09,2026-08-18 12:00:00+00:00,-14.675,145.475,0.0,0.08,0.0,23.97
GL09,2026-08-19 12:00:00+00:00,-14.675,145.475,0.0,0.15,0.0,24.06
GL09,2026-08-20 12:00:00+00:00,-14.675,145.475,0.0,0.01,0.0,23.94
GL09,2026-08-21 12:00:00+00:00,-14.675,145.475,0.0,0.05,0.0,24.0
GL09,2026-08-22 12:00:00+00:00,-14.675,145.475,0.0,0.01,0.0,23.99
GL09,2026-08-23 12:00:00+00:00,-14.675,145.475,0.0,0.06,0.0,24.06
GL09,2026-08-24 12:00:00+00:00,-14.675,145.475,0.0,0.15,0.0,24.17
GL09,2026-08-25 12:00:00+00:00,-14.675,145.475,0.0,0.07,0.0,24.11
GL09,2026-08-26 12:00:00+00:00,-14.675,145.475,0.0,0.35,0.0,24.41
GL09,2026-08-27 12:00:00+00:00,-14.675,145.475,0.0,0.28,0.0,24.37
GL09,2026-08-28 12:00:00+00:00,-14.675,145.475,0.0,0.38,0.0,24.49
GL09,2026-08-29 12:00:00+00:00,-14.675,145.475,0.0,0.34,0.0,24.47
GL09,2026-08-30 12:00:00+00:00,-14.675,145.475,0.0,0.21,0.0,24.36
GL09,2026-08-31 12:00:00+00:00,-14.675,145.475,0.0,0.14,0.0,24.32
GL09,2026-09-01 12:00:00+00:00,-14.675,145.475,0.0,0.22,0.0,24.42
GL09,2026-09-02 12:00:00+00:00,-14.675,145.475,0.0,0.42,0.0,24.64
GL09,2026-09-03 12:00:00+00:00,-14.675,145.475,0.0,0.32,0.0,24.56
GL09,2026-09-04 12:00:00+00:00,-14.675,145.475,0.0,0.33,0.0,24.6
GL09,2026-09-05 12:00:00+00:00,-14.675,145.475,0.0,0.45,0.0,24.74
GL09,2026-09-06 12:00:00+00:00,-14.675,145.475,0.0,0.39,0.0,24.7
GL09,2026-09-07 12:00:00+00:00,-14.675,145.475,0.0,0.5,0.0,24.83
GL09,2026-09-08 12:00:00+00:00,-14.675,145.475,0.0,0.51,0.0,24.86
GL09,2026-09-09 12:00:00+00:00,-14.675,145.475,0.0,0.54,0.0,24.92
GL09,2026-09-10 12:00:00+00:00,-14.675,145.475,0.0,0.39,0.0,24.79
GL09,2026-09-11 12:00:00+00:00,-14.675,145.475,0.0,0.25,0.0,24.67
GL09,2026-09-12 12:00:00+00:00,-14.675,145.475,0.0,0.13,0.0,24.57
GL09,2026-09-13 12:00:00+00:00,-14.675,145.475,0.0,0.09,0.0,24.56
GL09,2026-09-14 12:00:00+00:00,-14.675,145.475,0.0,0.22,0.0,24.71
GL09,2026-09-15 12:00:00+00:00,-14.675,145.475,0.0,0.1,0.0,24.61
GL09,2026-09-16 12:00:00+00:00,-14.675,145.475,0.0,0.04,0.0,24.59
GL09,2026-09-17 12:00:00+00:00,-14.675,145.475,0.0,0.01,0.0,24.6
GL09,2026-09-18 12:00:00+00:00,-14.675,145.475,0.0,-0.1,0.0,24.53
GL09,2026-09-19 12:00:00+00:00,-14.675,145.475,0.0,-0.11,0.0,24.55
GL09,2026-09-20 12:00:00+00:00,-14.675,145.475,0.0,-0.24,0.0,24.46
GL09,2026-09-21 12:00:00+00:00,-14.675,145.475,0.0,-0.19,0.0,24.55
GL09,2026-09-22 12:00:00+00:00,-14.675,145.475,0.0,-0.18,0.0,24.6
GL09,2026-09-23 12:00:00+00:00,-14.675,145.475,0.0,-0.18,0.0,24.64
GL09,2026-09-24 12:00:00+00:00,-14.675,145.475,0.0,-0.15,0.0,24.71
GL09,2026-09-25 12:00:00+00:00,-14.675,145.475,0.0,-0.23,0.0,24.67
GL09,2026-09-26 12:00:00+00:00,-14.675,145.475,0.0,-0.29,0.0,24.65
GL09,2026-09-27 12:00:00+00:00,-14.675,145.475,0.0,-0.3,0.0,24.67
GL09,2026-09-28 12:00:00+00:00,-14.675,145.475,0.0,-0.41,0.0,24.6
GL09,2026-09-29 12:00:00+00:00,-14.675,145.475,0.0,-0.39,0.0,24.66
GL09,2026-09-30 12:00:00+00:00,-14.675,145.475,0.0,-0.54,0.0,24.55
GL09,2026-10-01 12:00:00+00:00,-14.675,145.475,0.0,-0.61,0.0,24.52
GL09,2026-10-02 12:00:00+00:00,-14.675,145.475,0.0,-0.66,0.0,24.51
GL09,2026-10-03 12:00:00+00:00,-14.675,145.475,0.0,-0.72,0.0,24.49
GL09,2026-10-04 12:00:00+00:00,-14.675,145.475,0.0,-0.77,0.0,24.47
GL09,2026-10-05 12:00:00+00:00,-14.675,145.475,0.0,-0.66,0.0,24.62
GL09,2026-10-06 12:00:00+00:00,-14.675,145.475,0.0,-0.63,0.0,24.69
GL09,2026-10-07 12:00:00+00:00,-14.675,145.475,0.0,-0.74,0.0,24.62
GL10,2026-04-10 12:00:00+00:00,5.175,73.025,0.0,0.61,1.0,30.17
GL10,2026-04-11 12:00:00+00:00,5.175,73.025,0.0,0.73,1.0,30.32
GL10,2026-04-12 12:00:00+00:00,5.175,73.025,0.0,0.66,1.0,30.27
GL10,2026-04-13 12:00:00+00:00,5.175,73.025,0.0,0.46,1.0,30.09
GL10,2026-04-14 12:00:00+00:00,5.175,73.025,0.0,0.53,1.0,30.19
GL10,2026-04-15 12:00:00+00:00,5.175,73.025,0.0,0.32,1.0,30.0
GL10,2026-04-16 12:00:00+00:00,5.175,73.025,0.0,0.46,1.0,30.14
GL10,2026-04-17 12:00:00+00:00,5.175,73.025,0.0,0.56,1.0,30.24
GL10,2026-04-18 12:00:00+00:00,5.175,73.025,0.0,0.62,1.0,30.3
GL10,2026-04-19 12:00:00+00:00,5.175,73.025,0.0,0.84,1.0,30.52
GL10,2026-04-20 12:00:00+00:00,5.175,73.025,0.0,0.88,1.0,30.56
GL10,2026-04-21 12:00:00+00:00,5.175,73.025,0.0,0.87,1.0,30.55
GL10,2026-04-22 12:00:00+00:00,5.175,73.025,0.0,0.94,1.0,30.62
GL10,2026-04-23 12:00:00+00:00,5.175,73.025,0.14,1.01,2.0,30.69
GL10,2026-04-24 12:00:00+00:00,5.175,73.025,0.3,1.14,2.0,30.82
GL10,2026-04-26 12:00:00+00:00,5.175,73.025,0.65,1.3,2.0,30.98
GL10,2026-04-27 12:00:00+00:00,5.175,73.025,0.85,1.38,2.0,31.06
GL10,2026-04-28 12:00:00+00:00,5.175,73.025,1.0,1.11,2.0,30.79
GL10,2026-04-29 12:00:00+00:00,5.175,73.025,1.0,0.8300000000000001,1.0,30.51
GL10,2026-04-30 12:00:00+00:00,5.175,73.025,1.15,1.06,2.0,30.74
GL10,2026-05-01 12:00:00+00:00,5.175,73.025,1.3,1.01,2.0,30.7
GL10,2026-05-02 12:00:00+00:00,5.175,73.025,1.3,0.84,1.0,30.53
GL10,2026-05-03 12:00:00+00:00,5.175,73.025,1.3,0.88,1.0,30.57
GL10,2026-05-04 12:00:00+00:00,5.175,73.025,1.3,0.72,1.0,30.41
GL10,2026-05-05 12:00:00+00:00,5.175,73.025,1.3,0.74,1.0,30.43
GL10,2026-05-06 12:00:00+00:00,5.175,73.025,1.3,0.6900000000000001,1.0,30.38
GL10,2026-05-07 12:00:00+00:00,5.175,73.025,1.3,0.58,1.0,30.27
GL10,2026-05-08 12:00:00+00:00,5.175,73.025,1.3,0.43,1.0,30.12
GL10,2026-05-09 12:00:00+00:00,5.175,73.025,1.3,0.3,1.0,29.99
GL10,2026-05-10 12:00:00+00:00,5.175,73.025,1.3,0.3,1.0,29.99
GL10,2026-05-11 12:00:00+00:00,5.175,73.025,1.3,0.23,1.0,29.92
GL10,2026-05-12 12:00:00+00:00,5.175,73.025,1.3,0.42,1.0,30.11
GL10,2026-05-13 12:00:00+00:00,5.175,73.025,1.3,0.03,1.0,29.72
GL10,2026-05-14 12:00:00+00:00,5.175,73.025,1.3,0.02,1.0,29.71
GL10,2026-05-15 12:00:00+00:00,5.175,73.025,1.3,0.02,1.0,29.71
GL10,2026-05-16 12:00:00+00:00,5.175,73.025,1.3,0.02,0.0,29.67
GL10,2026-05-17 12:00:00+00:00,5.175,73.025,1.3,0.1,1.0,29.72
GL10,2026-05-18 12:00:00+00:00,5.175,73.025,1.3,-0.22,0.0,29.36
GL10,2026-05-19 12:00:00+00:00,5.175,73.025,1.3,0.05,0.0,29.6
GL10,2026-05-20 12:00:00+00:00,5.175,73.025,1.3,-0.16,0.0,29.35
GL10,2026-05-21 12:00:00+00:00,5.175,73.025,1.3,-0.04,0.0,29.44
GL10,2026-05-22 12:00:00+00:00,5.175,73.025,1.3,-0.14,0.0,29.3
GL10,2026-05-23 12:00:00+00:00,5.175,73.025,1.3,-0.53,0.0,28.88
GL10,2026-05-24 12:00:00+00:00,5.175,73.025,1.3,-0.29,0.0,29.08
GL10,2026-05-25 12:00:00+00:00,5.175,73.025,1.3,-0.2,0.0,29.14
GL10,2026-05-26 12:00:00+00:00,5.175,73.025,1.3,-0.16,0.0,29.14
GL10,2026-05-27 12:00:00+00:00,5.175,73.025,1.3,-0.17,0.0,29.09
GL10,2026-05-28 12:00:00+00:00,5.175,73.025,1.3,-0.22,0.0,29.01
GL10,2026-05-29 12:00:00+00:00,5.175,73.025,1.3,-0.18,0.0,29.01
GL10,2026-05-30 12:00:00+00:00,5.175,73.025,1.3,-0.17,0.0,28.99
GL10,2026-05-31 12:00:00+00:00,5.175,73.025,1.3,0.04,0.0,29.16
GL10,2026-06-01 12:00:00+00:00,5.175,73.025,1.3,0.06,0.0,29.15
GL10,2026-06-02 12:00:00+00:00,5.175,73.025,1.3,0.09,0.0,29.14
GL10,2026-06-03 12:00:00+00:00,5.175,73.025,1.3,-0.03,0.0,28.99
GL10,2026-06-04 12:00:00+00:00,5.175,73.025,1.3,-0.25,0.0,28.73
GL10,2026-06-05 12:00:00+00:00,5.175,73.025,1.3,-0.14,0.0,28.8
GL10,2026-06-06 12:00:00+00:00,5.175,73.025,1.3,-0.09,0.0,28.82
GL10,2026-06-07 12:00:00+00:00,5.175,73.025,1.3,0.04,0.0,28.91
GL10,2026-06-08 12:00:00+00:00,5.175,73.025,1.3,0.08,0.0,28.92
GL10,2026-06-09 12:00:00+00:00,5.175,73.025,1.3,0.18,0.0,28.98
GL10,2026-06-10 12:00:00+00:00,5.175,73.025,1.3,0.25,0.0,29.02
GL10,2026-06-11 12:00:00+00:00,5.175,73.025,1.3,0.22,0.0,28.95
GL10,2026-06-12 12:00:00+00:00,5.175,73.025,1.3,0.06,0.0,28.76
GL10,2026-06-13 12:00:00+00:00,5.175,73.025,1.3,0.08,0.0,28.74
GL10,2026-06-14 12:00:00+00:00,5.175,73.025,1.3,0.06,0.0,28.69
GL10,2026-06-15 12:00:00+00:00,5.175,73.025,1.3,0.09,0.0,28.68
GL10,2026-06-16 12:00:00+00:00,5.175,73.025,1.3,0.07,0.0,28.65
GL10,2026-06-17 12:00:00+00:00,5.175,73.025,1.3,-0.02,0.0,28.55
GL10,2026-06-18 12:00:00+00:00,5.175,73.025,1.3,0.21,0.0,28.78
GL10,2026-06-19 12:00:00+00:00,5.175,73.025,1.3,0.51,0.0,29.07
GL10,2026-06-20 12:00:00+00:00,5.175,73.025,1.3,0.41,0.0,28.96
GL10,2026-06-21 12:00:00+00:00,5.175,73.025,1.3,-0.04,0.0,28.5
GL10,2026-06-22 12:00:00+00:00,5.175,73.025,1.3,0.26,0.0,28.79
GL10,2026-06-23 12:00:00+00:00,5.175,73.025,1.3,-0.18,0.0,28.35
GL10,2026-06-24 12:00:00+00:00,5.175,73.025,1.3,0.26,0.0,28.78
GL10,2026-06-25 12:00:00+00:00,5.175,73.025,1.3,0.33,0.0,28.84
GL10,2026-06-26 12:00:00+00:00,5.175,73.025,1.3,0.06,0.0,28.56
GL10,2026-06-27 12:00:00+00:00,5.175,73.025,1.3,0.05,0.0,28.54
GL10,2026-06-28 12:00:00+00:00,5.175,73.025,1.3,0.26,0.0,28.75
GL10,2026-06-29 12:00:00+00:00,5.175,73.025,1.3,0.22,0.0,28.7
GL10,2026-06-30 12:00:00+00:00,5.175,73.025,1.3,0.17,0.0,28.64
GL10,2026-07-01 12:00:00+00:00,5.175,73.025,1.3,0.29,0.0,28.75
GL10,2026-07-02 12:00:00+00:00,5.175,73.025,1.3,0.32,0.0,28.77
GL10,2026-07-03 12:00:00+00:00,5.175,73.025,1.3,0.28,0.0,28.73
GL10,2026-07-04 12:00:00+00:00,5.175,73.025,1.3,0.39,0.0,28.83
GL10,2026-07-05 12:00:00+00:00,5.175,73.025,1.3,0.45,0.0,28.88
GL10,2026-07-06 12:00:00+00:00,5.175,73.025,1.3,0.58,0.0,29.0
GL10,2026-07-07 12:00:00+00:00,5.175,73.025,1.3,0.53,0.0,28.94
GL10,2026-07-08 12:00:00+00:00,5.175,73.025,1.3,0.62,0.0,29.03
GL10,2026-07-09 12:00:00+00:00,5.175,73.025,1.3,0.5700000000000001,0.0,28.97
GL10,2026-07-10 12:00:00+00:00,5.175,73.025,1.3,0.6,0.0,28.99
GL10,2026-07-11 12:00:00+00:00,5.175,73.025,1.3,0.67,0.0,29.05
GL10,2026-07-12 12:00:00+00:00,5.175,73.025,1.3,0.62,0.0,28.99
GL10,2026-07-13 12:00:00+00:00,5.175,73.025,1.3,0.71,0.0,29.08
GL10,2026-07-14 12:00:00+00:00,5.175,73.025,1.3,0.73,0.0,29.09
GL10,2026-07-15 12:00:00+00:00,5.175,73.025,1.3,0.31,0.0,28.66
GL10,2026-07-16 12:00:00+00:00,5.175,73.025,1.16,0.5700000000000001,0.0,28.92
GL10,2026-07-17 12:00:00+00:00,5.175,73.025,0.99,0.75,0.0,29.11
GL10,2026-07-18 12:00:00+00:00,5.175,73.025,0.8300000000000001,0.97,0.0,29.33
GL10,2026-07-19 12:00:00+00:00,5.175,73.025,0.65,0.99,0.0,29.35
GL10,2026-07-20 12:00:00+00:00,5.175,73.025,0.45,0.8300000000000001,0.0,29.19
GL10,2026-07-21 12:00:00+00:00,5.175,73.025,0.29,1.13,0.0,29.5
GL10,2026-07-22 12:00:00+00:00,5.175,73.025,0.29,1.22,0.0,29.59
GL10,2026-07-23 12:00:00+00:00,5.175,73.025,0.14,1.35,1.0,29.72
GL10,2026-07-24 12:00:00+00:00,5.175,73.025,0.0,1.35,1.0,29.72
GL10,2026-07-25 12:00:00+00:00,5.175,73.025,0.0,1.39,1.0,29.77
GL10,2026-07-26 12:00:00+00:00,5.175,73.025,0.0,1.25,0.0,29.63
GL10,2026-07-27 12:00:00+00:00,5.175,73.025,0.0,1.27,0.0,29.65
GL10,2026-07-28 12:00:00+00:00,5.175,73.025,0.0,1.25,0.0,29.63
GL10,2026-07-29 12:00:00+00:00,5.175,73.025,0.0,1.22,0.0,29.61
GL10,2026-07-30 12:00:00+00:00,5.175,73.025,0.0,1.12,0.0,29.51
GL10,2026-07-31 12:00:00+00:00,5.175,73.025,0.0,1.01,0.0,29.4
GL10,2026-08-01 12:00:00+00:00,5.175,73.025,0.0,0.52,0.0,28.91
GL10,2026-08-02 12:00:00+00:00,5.175,73.025,0.0,1.03,0.0,29.43
GL10,2026-08-03 12:00:00+00:00,5.175,73.025,0.0,0.92,0.0,29.32
GL10,2026-08-04 12:00:00+00:00,5.175,73.025,0.0,0.78,0.0,29.18
GL10,2026-08-05 12:00:00+00:00,5.175,73.025,0.0,0.76,0.0,29.16
GL10,2026-08-06 12:00:00+00:00,5.175,73.025,0.0,0.66,0.0,29.07
GL10,2026-08-07 12:00:00+00:00,5.175,73.025,0.0,0.51,0.0,28.92
GL10,2026-08-08 12:00:00+00:00,5.175,73.025,0.0,0.62,0.0,29.03
GL10,2026-08-09 12:00:00+00:00,5.175,73.025,0.0,0.59,0.0,29.0
GL10,2026-08-10 12:00:00+00:00,5.175,73.025,0.0,0.64,0.0,29.06
GL10,2026-08-11 12:00:00+00:00,5.175,73.025,0.0,0.51,0.0,28.93
GL10,2026-08-12 12:00:00+00:00,5.175,73.025,0.0,0.64,0.0,29.06
GL10,2026-08-13 12:00:00+00:00,5.175,73.025,0.0,0.75,0.0,29.17
GL10,2026-08-14 12:00:00+00:00,5.175,73.025,0.0,0.62,0.0,29.05
GL10,2026-08-15 12:00:00+00:00,5.175,73.025,0.0,0.51,0.0,28.94
GL10,2026-08-16 12:00:00+00:00,5.175,73.025,0.0,0.55,0.0,28.97
GL10,2026-08-17 12:00:00+00:00,5.175,73.025,0.0,0.62,0.0,29.04
GL10,2026-08-18 12:00:00+00:00,5.175,73.025,0.0,0.72,0.0,29.13
GL10,2026-08-19 12:00:00+00:00,5.175,73.025,0.0,0.77,0.0,29.17
GL10,2026-08-20 12:00:00+00:00,5.175,73.025,0.0,0.78,0.0,29.17
GL10,2026-08-21 12:00:00+00:00,5.175,73.025,0.0,0.75,0.0,29.14
GL10,2026-08-22 12:00:00+00:00,5.175,73.025,0.0,0.85,0.0,29.23
GL10,2026-08-23 12:00:00+00:00,5.175,73.025,0.0,0.97,0.0,29.34
GL10,2026-08-24 12:00:00+00:00,5.175,73.025,0.0,0.96,0.0,29.32
GL10,2026-08-25 12:00:00+00:00,5.175,73.025,0.0,0.8,0.0,29.16
GL10,2026-08-26 12:00:00+00:00,5.175,73.025,0.0,0.75,0.0,29.1
GL10,2026-08-27 12:00:00+00:00,5.175,73.025,0.0,0.8200000000000001,0.0,29.16
GL10,2026-08-28 12:00:00+00:00,5.175,73.025,0.0,0.98,0.0,29.31
GL10,2026-08-29 12:00:00+00:00,5.175,73.025,0.0,0.9,0.0,29.23
GL10,2026-08-30 12:00:00+00:00,5.175,73.025,0.0,1.0,0.0,29.32
GL10,2026-08-31 12:00:00+00:00,5.175,73.025,0.0,0.91,0.0,29.22
GL10,2026-09-01 12:00:00+00:00,5.175,73.025,0.0,1.11,0.0,29.41
GL10,2026-09-02 12:00:00+00:00,5.175,73.025,0.0,1.23,0.0,29.53
GL10,2026-09-03 12:00:00+00:00,5.175,73.025,0.0,1.21,0.0,29.5
GL10,2026-09-04 12:00:00+00:00,5.175,73.025,0.0,1.31,0.0,29.59
GL10,2026-09-05 12:00:00+00:00,5.175,73.025,0.0,1.54,1.0,29.81
GL10,2026-09-06 12:00:00+00:00,5.175,73.025,0.0,1.77,1.0,30.04
GL10,2026-09-07 12:00:00+00:00,5.175,73.025,0.0,1.81,1.0,30.07
GL10,2026-09-08 12:00:00+00:00,5.175,73.025,0.0,1.78,1.0,30.03
GL10,2026-09-09 12:00:00+00:00,5.175,73.025,0.0,1.9,1.0,30.14
GL10,2026-09-10 12:00:00+00:00,5.175,73.025,0.0,1.8,1.0,30.04
GL10,2026-09-11 12:00:00+00:00,5.175,73.025,0.0,1.43,0.0,29.66
GL10,2026-09-12 12:00:00+00:00,5.175,73.025,0.0,1.22,0.0,29.44
GL10,2026-09-13 12:00:00+00:00,5.175,73.025,0.0,1.21,0.0,29.42
GL10,2026-09-14 12:00:00+00:00,5.175,73.025,0.0,1.05,0.0,29.26
GL10,2026-09-15 12:00:00+00:00,5.175,73.025,0.0,1.46,0.0,29.66
GL10,2026-09-16 12:00:00+00:00,5.175,73.025,0.0,1.37,0.0,29.57
GL10,2026-09-17 12:00:00+00:00,5.175,73.025,0.0,1.35,0.0,29.55
GL10,2026-09-18 12:00:00+00:00,5.175,73.025,0.0,1.34,0.0,29.55
GL10,2026-09-19 12:00:00+00:00,5.175,73.025,0.0,1.31,0.0,29.52
GL10,2026-09-20 12:00:00+00:00,5.175,73.025,0.0,1.45,0.0,29.66
GL10,2026-09-21 12:00:00+00:00,5.175,73.025,0.0,1.33,0.0,29.54
GL10,2026-09-22 12:00:00+00:00,5.175,73.025,0.0,1.42,0.0,29.64
GL10,2026-09-23 12:00:00+00:00,5.175,73.025,0.0,1.43,0.0,29.65
GL10,2026-09-24 12:00:00+00:00,5.175,73.025,0.0,0.84,0.0,29.06
GL10,2026-09-25 12:00:00+00:00,5.175,73.025,0.0,0.53,0.0,28.75
GL10,2026-09-26 12:00:00+00:00,5.175,73.025,0.0,1.1,0.0,29.33
GL10,2026-09-27 12:00:00+00:00,5.175,73.025,0.0,1.17,0.0,29.4
GL10,2026-09-28 12:00:00+00:00,5.175,73.025,0.0,1.14,0.0,29.37
GL10,2026-09-29 12:00:00+00:00,5.175,73.025,0.0,1.15,0.0,29.38
GL10,2026-09-30 12:00:00+00:00,5.175,73.025,0.0,1.09,0.0,29.32
GL10,2026-10-01 12:00:00+00:00,5.175,73.025,0.0,1.33,0.0,29.57
GL10,2026-10-02 12:00:00+00:00,5.175,73.025,0.0,1.52,1.0,29.76
GL10,2026-10-03 12:00:00+00:00,5.175,73.025,0.0,1.6,1.0,29.84
GL10,2026-10-04 12:00:00+00:00,5.175,73.025,0.0,1.55,1.0,29.79
GL10,2026-10-05 12:00:00+00:00,5.175,73.025,0.0,1.76,1.0,30.01
GL10,2026-10-06 12:00:00+00:00,5.175,73.025,0.0,1.76,1.0,30.01
GL10,2026-10-07 12:00:00+00:00,5.175,73.025,0.0,2.03,1.0,30.28
GL11,2026-04-10 12:00:00+00:00,17.275,-87.475,0.0,1.05,0.0,27.8
GL11,2026-04-11 12:00:00+00:00,17.275,-87.475,0.0,0.9,0.0,27.66
GL11,2026-04-12 12:00:00+00:00,17.275,-87.475,0.0,0.9,0.0,27.68
GL11,2026-04-13 12:00:00+00:00,17.275,-87.475,0.0,0.73,0.0,27.53
GL11,2026-04-14 12:00:00+00:00,17.275,-87.475,0.0,0.73,0.0,27.54
GL11,2026-04-15 12:00:00+00:00,17.275,-87.475,0.0,0.79,0.0,27.62
GL11,2026-04-16 12:00:00+00:00,17.275,-87.475,0.0,0.81,0.0,27.66
GL11,2026-04-17 12:00:00+00:00,17.275,-87.475,0.0,0.8300000000000001,0.0,27.71
GL11,2026-04-18 12:00:00+00:00,17.275,-87.475,0.0,0.93,0.0,27.83
GL11,2026-04-19 12:00:00+00:00,17.275,-87.475,0.0,0.73,0.0,27.66
GL11,2026-04-20 12:00:00+00:00,17.275,-87.475,0.0,1.02,0.0,27.97
GL11,2026-04-21 12:00:00+00:00,17.275,-87.475,0.0,1.1,0.0,28.08
GL11,2026-04-22 12:00:00+00:00,17.275,-87.475,0.0,1.2,0.0,28.2
GL11,2026-04-23 12:00:00+00:00,17.275,-87.475,0.0,1.08,0.0,28.1
GL11,2026-04-24 12:00:00+00:00,17.275,-87.475,0.0,1.04,0.0,28.09
GL11,2026-04-26 12:00:00+00:00,17.275,-87.475,0.0,1.16,0.0,28.26
GL11,2026-04-27 12:00:00+00:00,17.275,-87.475,0.0,1.29,0.0,28.41
GL11,2026-04-28 12:00:00+00:00,17.275,-87.475,0.0,1.29,0.0,28.44
GL11,2026-04-29 12:00:00+00:00,17.275,-87.475,0.0,1.26,0.0,28.43
GL11,2026-04-30 12:00:00+00:00,17.275,-87.475,0.0,1.2,0.0,28.39
GL11,2026-05-01 12:00:00+00:00,17.275,-87.475,0.0,1.08,0.0,28.3
GL11,2026-05-02 12:00:00+00:00,17.275,-87.475,0.0,1.15,0.0,28.39
GL11,2026-05-03 12:00:00+00:00,17.275,-87.475,0.0,1.01,0.0,28.28
GL11,2026-05-04 12:00:00+00:00,17.275,-87.475,0.0,0.98,0.0,28.27
GL11,2026-05-05 12:00:00+00:00,17.275,-87.475,0.0,0.89,0.0,28.21
GL11,2026-05-06 12:00:00+00:00,17.275,-87.475,0.0,1.05,0.0,28.39
GL11,2026-05-07 12:00:00+00:00,17.275,-87.475,0.0,1.03,0.0,28.4
GL11,2026-05-08 12:00:00+00:00,17.275,-87.475,0.0,0.99,0.0,28.38
GL11,2026-05-09 12:00:00+00:00,17.275,-87.475,0.0,0.71,0.0,28.12
GL11,2026-05-10 12:00:00+00:00,17.275,-87.475,0.0,0.84,0.0,28.28
GL11,2026-05-11 12:00:00+00:00,17.275,-87.475,0.0,0.79,0.0,28.25
GL11,2026-05-12 12:00:00+00:00,17.275,-87.475,0.0,0.85,0.0,28.34
GL11,2026-05-13 12:00:00+00:00,17.275,-87.475,0.0,0.94,0.0,28.45
GL11,2026-05-14 12:00:00+00:00,17.275,-87.475,0.0,1.32,1.0,28.86
GL11,2026-05-15 12:00:00+00:00,17.275,-87.475,0.0,1.22,1.0,28.78
GL11,2026-05-16 12:00:00+00:00,17.275,-87.475,0.0,1.11,0.0,28.69
GL11,2026-05-17 12:00:00+00:00,17.275,-87.475,0.0,0.97,0.0,28.58
GL11,2026-05-18 12:00:00+00:00,17.275,-87.475,0.0,1.19,1.0,28.82
GL11,2026-05-19 12:00:00+00:00,17.275,-87.475,0.0,0.85,0.0,28.5
GL11,2026-05-20 12:00:00+00:00,17.275,-87.475,0.0,0.8300000000000001,0.0,28.5
GL11,2026-05-21 12:00:00+00:00,17.275,-87.475,0.0,1.01,0.0,28.71
GL11,2026-05-22 12:00:00+00:00,17.275,-87.475,0.0,1.01,0.0,28.73
GL11,2026-05-23 12:00:00+00:00,17.275,-87.475,0.0,0.88,0.0,28.62
GL11,2026-05-24 12:00:00+00:00,17.275,-87.475,0.0,1.1,1.0,28.86
GL11,2026-05-25 12:00:00+00:00,17.275,-87.475,0.0,0.97,1.0,28.76
GL11,2026-05-26 12:00:00+00:00,17.275,-87.475,0.0,0.85,0.0,28.66
GL11,2026-05-27 12:00:00+00:00,17.275,-87.475,0.0,0.74,0.0,28.57
GL11,2026-05-28 12:00:00+00:00,17.275,-87.475,0.0,0.4,0.0,28.25
GL11,2026-05-29 12:00:00+00:00,17.275,-87.475,0.0,0.35,0.0,28.23
GL11,2026-05-30 12:00:00+00:00,17.275,-87.475,0.0,0.7000000000000001,0.0,28.6
GL11,2026-05-31 12:00:00+00:00,17.275,-87.475,0.0,0.84,1.0,28.76
GL11,2026-06-01 12:00:00+00:00,17.275,-87.475,0.0,0.93,1.0,28.87
GL11,2026-06-02 12:00:00+00:00,17.275,-87.475,0.0,0.87,1.0,28.84
GL11,2026-06-03 12:00:00+00:00,17.275,-87.475,0.0,0.78,1.0,28.77
GL11,2026-06-04 12:00:00+00:00,17.275,-87.475,0.0,1.04,1.0,29.05
GL11,2026-06-05 12:00:00+00:00,17.275,-87.475,0.0,0.68,0.0,28.71
GL11,2026-06-06 12:00:00+00:00,17.275,-87.475,0.0,0.53,0.0,28.59
GL11,2026-06-07 12:00:00+00:00,17.275,-87.475,0.0,0.7000000000000001,1.0,28.78
GL11,2026-06-08 12:00:00+00:00,17.275,-87.475,0.0,0.92,1.0,29.02
GL11,2026-06-09 12:00:00+00:00,17.275,-87.475,0.0,0.92,1.0,29.04
GL11,2026-06-10 12:00:00+00:00,17.275,-87.475,0.0,1.01,1.0,29.16
GL11,2026-06-11 12:00:00+00:00,17.275,-87.475,0.0,0.63,1.0,28.8
GL11,2026-06-12 12:00:00+00:00,17.275,-87.475,0.0,0.43,0.0,28.62
GL11,2026-06-13 12:00:00+00:00,17.275,-87.475,0.0,0.7000000000000001,1.0,28.91
GL11,2026-06-14 12:00:00+00:00,17.275,-87.475,0.0,0.48,0.0,28.72
GL11,2026-06-15 12:00:00+00:00,17.275,-87.475,0.0,0.71,1.0,28.97
GL11,2026-06-16 12:00:00+00:00,17.275,-87.475,0.0,0.63,1.0,28.88
GL11,2026-06-17 12:00:00+00:00,17.275,-87.475,0.0,0.77,1.0,29.02
GL11,2026-06-18 12:00:00+00:00,17.275,-87.475,0.0,0.93,1.0,29.17
GL11,2026-06-19 12:00:00+00:00,17.275,-87.475,0.0,1.02,1.0,29.25
GL11,2026-06-20 12:00:00+00:00,17.275,-87.475,0.0,0.93,1.0,29.16
GL11,2026-06-21 12:00:00+00:00,17.275,-87.475,0.0,0.88,1.0,29.1
GL11,2026-06-22 12:00:00+00:00,17.275,-87.475,0.0,0.67,1.0,28.88
GL11,2026-06-23 12:00:00+00:00,17.275,-87.475,0.0,0.63,1.0,28.83
GL11,2026-06-24 12:00:00+00:00,17.275,-87.475,0.0,0.46,0.0,28.66
GL11,2026-06-25 12:00:00+00:00,17.275,-87.475,0.0,0.61,1.0,28.8
GL11,2026-06-26 12:00:00+00:00,17.275,-87.475,0.0,0.84,1.0,29.02
GL11,2026-06-27 12:00:00+00:00,17.275,-87.475,0.0,0.74,1.0,28.92
GL11,2026-06-28 12:00:00+00:00,17.275,-87.475,0.0,0.54,0.0,28.71
GL11,2026-06-29 12:00:00+00:00,17.275,-87.475,0.0,0.67,1.0,28.83
GL11,2026-06-30 12:00:00+00:00,17.275,-87.475,0.0,0.8200000000000001,1.0,28.97
GL11,2026-07-01 12:00:00+00:00,17.275,-87.475,0.0,1.16,1.0,29.31
GL11,2026-07-02 12:00:00+00:00,17.275,-87.475,0.0,1.05,1.0,29.19
GL11,2026-07-03 12:00:00+00:00,17.275,-87.475,0.0,1.02,1.0,29.15
GL11,2026-07-04 12:00:00+00:00,17.275,-87.475,0.0,1.08,1.0,29.21
GL11,2026-07-05 12:00:00+00:00,17.275,-87.475,0.0,1.22,1.0,29.34
GL11,2026-07-06 12:00:00+00:00,17.275,-87.475,0.0,1.27,1.0,29.38
GL11,2026-07-07 12:00:00+00:00,17.275,-87.475,0.0,1.04,1.0,29.15
GL11,2026-07-08 12:00:00+00:00,17.275,-87.475,0.0,0.99,1.0,29.09
GL11,2026-07-09 12:00:00+00:00,17.275,-87.475,0.0,0.98,1.0,29.07
GL11,2026-07-10 12:00:00+00:00,17.275,-87.475,0.0,0.98,1.0,29.06
GL11,2026-07-11 12:00:00+00:00,17.275,-87.475,0.0,0.9,1.0,28.98
GL11,2026-07-12 12:00:00+00:00,17.275,-87.475,0.0,0.67,0.0,28.74
GL11,2026-07-13 12:00:00+00:00,17.275,-87.475,0.0,0.8200000000000001,1.0,28.88
GL11,2026-07-14 12:00:00+00:00,17.275,-87.475,0.0,0.75,1.0,28.81
GL11,2026-07-15 12:00:00+00:00,17.275,-87.475,0.0,0.88,1.0,28.93
GL11,2026-07-16 12:00:00+00:00,17.275,-87.475,0.0,0.85,1.0,28.91
GL11,2026-07-17 12:00:00+00:00,17.275,-87.475,0.0,0.9,1.0,28.97
GL11,2026-07-18 12:00:00+00:00,17.275,-87.475,0.0,0.8300000000000001,1.0,28.91
GL11,2026-07-19 12:00:00+00:00,17.275,-87.475,0.0,1.08,1.0,29.17
GL11,2026-07-20 12:00:00+00:00,17.275,-87.475,0.0,1.19,1.0,29.29
GL11,2026-07-21 12:00:00+00:00,17.275,-87.475,0.0,1.29,1.0,29.4
GL11,2026-07-22 12:00:00+00:00,17.275,-87.475,0.0,1.12,1.0,29.24
GL11,2026-07-23 12:00:00+00:00,17.275,-87.475,0.0,0.97,1.0,29.1
GL11,2026-07-24 12:00:00+00:00,17.275,-87.475,0.0,1.24,1.0,29.38
GL11,2026-07-25 12:00:00+00:00,17.275,-87.475,0.0,0.96,1.0,29.11
GL11,2026-07-26 12:00:00+00:00,17.275,-87.475,0.0,1.09,1.0,29.25
GL11,2026-07-27 12:00:00+00:00,17.275,-87.475,0.0,1.02,1.0,29.19
GL11,2026-07-28 12:00:00+00:00,17.275,-87.475,0.0,1.07,1.0,29.25
GL11,2026-07-29 12:00:00+00:00,17.275,-87.475,0.0,1.03,1.0,29.22
GL11,2026-07-30 12:00:00+00:00,17.275,-87.475,0.0,1.24,1.0,29.44
GL11,2026-07-31 12:00:00+00:00,17.275,-87.475,0.0,1.03,1.0,29.25
GL11,2026-08-01 12:00:00+00:00,17.275,-87.475,0.0,0.89,1.0,29.12
GL11,2026-08-02 12:00:00+00:00,17.275,-87.475,0.0,0.87,1.0,29.11
GL11,2026-08-03 12:00:00+00:00,17.275,-87.475,0.0,1.05,1.0,29.3
GL11,2026-08-04 12:00:00+00:00,17.275,-87.475,0.0,1.04,1.0,29.3
GL11,2026-08-05 12:00:00+00:00,17.275,-87.475,0.0,1.06,1.0,29.33
GL11,2026-08-06 12:00:00+00:00,17.275,-87.475,0.0,0.84,1.0,29.12
GL11,2026-08-07 12:00:00+00:00,17.275,-87.475,0.0,1.06,1.0,29.35
GL11,2026-08-08 12:00:00+00:00,17.275,-87.475,0.0,0.85,1.0,29.15
GL11,2026-08-09 12:00:00+00:00,17.275,-87.475,0.0,1.05,1.0,29.36
GL11,2026-08-10 12:00:00+00:00,17.275,-87.475,0.0,1.25,1.0,29.57
GL11,2026-08-11 12:00:00+00:00,17.275,-87.475,0.0,1.11,1.0,29.44
GL11,2026-08-12 12:00:00+00:00,17.275,-87.475,0.0,0.97,1.0,29.31
GL11,2026-08-13 12:00:00+00:00,17.275,-87.475,0.0,0.95,1.0,29.3
GL11,2026-08-14 12:00:00+00:00,17.275,-87.475,0.0,1.09,1.0,29.45
GL11,2026-08-15 12:00:00+00:00,17.275,-87.475,0.0,1.14,1.0,29.51
GL11,2026-08-16 12:00:00+00:00,17.275,-87.475,0.0,0.98,1.0,29.36
GL11,2026-08-17 12:00:00+00:00,17.275,-87.475,0.0,0.77,1.0,29.16
GL11,2026-08-18 12:00:00+00:00,17.275,-87.475,0.0,0.79,1.0,29.2
GL11,2026-08-19 12:00:00+00:00,17.275,-87.475,0.0,0.93,1.0,29.35
GL11,2026-08-20 12:00:00+00:00,17.275,-87.475,0.0,1.1,1.0,29.53
GL11,2026-08-21 12:00:00+00:00,17.275,-87.475,0.0,1.2,1.0,29.64
GL11,2026-08-22 12:00:00+00:00,17.275,-87.475,0.0,1.08,1.0,29.53
GL11,2026-08-23 12:00:00+00:00,17.275,-87.475,0.0,1.03,1.0,29.5
GL11,2026-08-24 12:00:00+00:00,17.275,-87.475,0.0,1.09,1.0,29.57
GL11,2026-08-25 12:00:00+00:00,17.275,-87.475,0.0,1.01,1.0,29.5
GL11,2026-08-26 12:00:00+00:00,17.275,-87.475,0.0,1.16,1.0,29.66
GL11,2026-08-27 12:00:00+00:00,17.275,-87.475,0.0,1.06,1.0,29.57
GL11,2026-08-28 12:00:00+00:00,17.275,-87.475,0.0,1.06,1.0,29.59
GL11,2026-08-29 12:00:00+00:00,17.275,-87.475,0.0,1.02,1.0,29.56
GL11,2026-08-30 12:00:00+00:00,17.275,-87.475,0.16,1.29,2.0,29.84
GL11,2026-08-31 12:00:00+00:00,17.275,-87.475,0.31,1.26,2.0,29.82
GL11,2026-09-01 12:00:00+00:00,17.275,-87.475,0.49,1.42,2.0,29.99
GL11,2026-09-02 12:00:00+00:00,17.275,-87.475,0.68,1.46,2.0,30.04
GL11,2026-09-03 12:00:00+00:00,17.275,-87.475,0.88,1.56,2.0,30.16
GL11,2026-09-04 12:00:00+00:00,17.275,-87.475,1.1,1.69,2.0,30.3
GL11,2026-09-05 12:00:00+00:00,17.275,-87.475,1.31,1.58,2.0,30.2
GL11,2026-09-06 12:00:00+00:00,17.275,-87.475,1.52,1.55,2.0,30.18
GL11,2026-09-07 12:00:00+00:00,17.275,-87.475,1.76,1.78,2.0,30.42
GL11,2026-09-08 12:00:00+00:00,17.275,-87.475,1.93,1.33,2.0,29.99
GL11,2026-09-09 12:00:00+00:00,17.275,-87.475,2.14,1.5,2.0,30.17
GL11,2026-09-10 12:00:00+00:00,17.275,-87.475,2.32,1.32,2.0,30.0
GL11,2026-09-11 12:00:00+00:00,17.275,-87.475,2.5,1.34,2.0,30.03
GL11,2026-09-12 12:00:00+00:00,17.275,-87.475,2.71,1.48,2.0,30.18
GL11,2026-09-13 12:00:00+00:00,17.275,-87.475,2.9,1.38,2.0,30.1
GL11,2026-09-14 12:00:00+00:00,17.275,-87.475,3.08,1.23,2.0,29.96
GL11,2026-09-15 12:00:00+00:00,17.275,-87.475,3.22,1.02,2.0,29.76
GL11,2026-09-16 12:00:00+00:00,17.275,-87.475,3.38,1.13,2.0,29.86
GL11,2026-09-17 12:00:00+00:00,17.275,-87.475,3.58,1.4,2.0,30.12
GL11,2026-09-18 12:00:00+00:00,17.275,-87.475,3.78,1.42,2.0,30.13
GL11,2026-09-19 12:00:00+00:00,17.275,-87.475,3.96,1.28,2.0,29.98
GL11,2026-09-20 12:00:00+00:00,17.275,-87.475,4.19,1.67,3.0,30.36
GL11,2026-09-21 12:00:00+00:00,17.275,-87.475,4.37,1.33,3.0,30.02
GL11,2026-09-22 12:00:00+00:00,17.275,-87.475,4.57,1.43,3.0,30.11
GL11,2026-09-23 12:00:00+00:00,17.275,-87.475,4.79,1.65,3.0,30.32
GL11,2026-09-24 12:00:00+00:00,17.275,-87.475,5.0,1.57,3.0,30.23
GL11,2026-09-25 12:00:00+00:00,17.275,-87.475,5.18,1.3,3.0,29.95
GL11,2026-09-26 12:00:00+00:00,17.275,-87.475,5.36,1.37,3.0,30.01
GL11,2026-09-27 12:00:00+00:00,17.275,-87.475,5.53,1.29,3.0,29.92
GL11,2026-09-28 12:00:00+00:00,17.275,-87.475,5.69,1.25,3.0,29.87
GL11,2026-09-29 12:00:00+00:00,17.275,-87.475,5.86,1.34,3.0,29.95
GL11,2026-09-30 12:00:00+00:00,17.275,-87.475,5.86,1.1,1.0,29.7
GL11,2026-10-01 12:00:00+00:00,17.275,-87.475,6.0,1.14,3.0,29.74
GL11,2026-10-02 12:00:00+00:00,17.275,-87.475,6.0,1.06,1.0,29.65
GL11,2026-10-03 12:00:00+00:00,17.275,-87.475,6.0,0.78,1.0,29.36
GL11,2026-10-04 12:00:00+00:00,17.275,-87.475,6.0,1.08,1.0,29.65
GL11,2026-10-05 12:00:00+00:00,17.275,-87.475,6.17,1.33,3.0,29.89
GL11,2026-10-06 12:00:00+00:00,17.275,-87.475,6.32,1.24,3.0,29.79
GL11,2026-10-07 12:00:00+00:00,17.275,-87.475,6.47,1.24,3.0,29.78
GL12,2026-04-10 12:00:00+00:00,-5.825,39.425,0.3,0.5,1.0,29.18
GL12,2026-04-11 12:00:00+00:00,-5.825,39.425,0.3,0.39,1.0,29.07
GL12,2026-04-12 12:00:00+00:00,-5.825,39.425,0.3,0.3,1.0,28.99
GL12,2026-04-13 12:00:00+00:00,-5.825,39.425,0.3,0.27,1.0,28.96
GL12,2026-04-14 12:00:00+00:00,-5.825,39.425,0.3,0.21,1.0,28.91
GL12,2026-04-15 12:00:00+00:00,-5.825,39.425,0.3,0.44,1.0,29.14
GL12,2026-04-16 12:00:00+00:00,-5.825,39.425,0.3,0.6,1.0,29.27
GL12,2026-04-17 12:00:00+00:00,-5.825,39.425,0.3,0.43,1.0,29.07
GL12,2026-04-18 12:00:00+00:00,-5.825,39.425,0.3,0.44,1.0,29.04
GL12,2026-04-19 12:00:00+00:00,-5.825,39.425,0.3,0.54,1.0,29.11
GL12,2026-04-20 12:00:00+00:00,-5.825,39.425,0.3,0.22,1.0,28.76
GL12,2026-04-21 12:00:00+00:00,-5.825,39.425,0.3,0.2,1.0,28.71
GL12,2026-04-22 12:00:00+00:00,-5.825,39.425,0.3,0.56,1.0,29.04
GL12,2026-04-23 12:00:00+00:00,-5.825,39.425,0.3,0.56,1.0,29.01
GL12,2026-04-24 12:00:00+00:00,-5.825,39.425,0.3,0.63,1.0,29.04
GL12,2026-04-26 12:00:00+00:00,-5.825,39.425,0.3,0.66,1.0,29.01
GL12,2026-04-27 12:00:00+00:00,-5.825,39.425,0.3,0.54,1.0,28.86
GL12,2026-04-28 12:00:00+00:00,-5.825,39.425,0.3,0.32,0.0,28.61
GL12,2026-04-29 12:00:00+00:00,-5.825,39.425,0.3,0.87,1.0,29.13
GL12,2026-04-30 12:00:00+00:00,-5.825,39.425,0.3,0.84,1.0,29.06
GL12,2026-05-01 12:00:00+00:00,-5.825,39.425,0.3,0.85,1.0,29.04
GL12,2026-05-02 12:00:00+00:00,-5.825,39.425,0.3,1.18,1.0,29.34
GL12,2026-05-03 12:00:00+00:00,-5.825,39.425,0.3,0.91,1.0,29.04
GL12,2026-05-04 12:00:00+00:00,-5.825,39.425,0.3,1.11,1.0,29.21
GL12,2026-05-05 12:00:00+00:00,-5.825,39.425,0.3,1.03,1.0,29.1
GL12,2026-05-06 12:00:00+00:00,-5.825,39.425,0.3,0.93,1.0,28.96
GL12,2026-05-07 12:00:00+00:00,-5.825,39.425,0.3,0.68,0.0,28.68
GL12,2026-05-08 12:00:00+00:00,-5.825,39.425,0.3,0.93,1.0,28.9
GL12,2026-05-09 12:00:00+00:00,-5.825,39.425,0.3,0.95,1.0,28.89
GL12,2026-05-10 12:00:00+00:00,-5.825,39.425,0.3,0.9,1.0,28.81
GL12,2026-05-11 12:00:00+00:00,-5.825,39.425,0.3,1.0,1.0,28.88
GL12,2026-05-12 12:00:00+00:00,-5.825,39.425,0.3,0.99,1.0,28.83
GL12,2026-05-13 12:00:00+00:00,-5.825,39.425,0.3,1.09,1.0,28.9
GL12,2026-05-14 12:00:00+00:00,-5.825,39.425,0.3,1.09,1.0,28.87
GL12,2026-05-15 12:00:00+00:00,-5.825,39.425,0.3,1.05,1.0,28.8
GL12,2026-05-16 12:00:00+00:00,-5.825,39.425,0.3,0.96,0.0,28.67
GL12,2026-05-17 12:00:00+00:00,-5.825,39.425,0.3,0.88,0.0,28.55
GL12,2026-05-18 12:00:00+00:00,-5.825,39.425,0.3,0.87,0.0,28.5
GL12,2026-05-19 12:00:00+00:00,-5.825,39.425,0.3,0.96,0.0,28.56
GL12,2026-05-20 12:00:00+00:00,-5.825,39.425,0.3,0.79,0.0,28.35
GL12,2026-05-21 12:00:00+00:00,-5.825,39.425,0.15,1.07,0.0,28.59
GL12,2026-05-22 12:00:00+00:00,-5.825,39.425,0.15,1.03,0.0,28.51
GL12,2026-05-23 12:00:00+00:00,-5.825,39.425,0.15,1.0,0.0,28.44
GL12,2026-05-24 12:00:00+00:00,-5.825,39.425,0.15,0.87,0.0,28.27
GL12,2026-05-25 12:00:00+00:00,-5.825,39.425,0.15,0.85,0.0,28.21
GL12,2026-05-26 12:00:00+00:00,-5.825,39.425,0.15,0.8200000000000001,0.0,28.14
GL12,2026-05-27 12:00:00+00:00,-5.825,39.425,0.15,0.75,0.0,28.04
GL12,2026-05-28 12:00:00+00:00,-5.825,39.425,0.15,0.64,0.0,27.89
GL12,2026-05-29 12:00:00+00:00,-5.825,39.425,0.15,0.89,0.0,28.1
GL12,2026-05-30 12:00:00+00:00,-5.825,39.425,0.15,0.6900000000000001,0.0,27.86
GL12,2026-05-31 12:00:00+00:00,-5.825,39.425,0.15,0.55,0.0,27.68
GL12,2026-06-01 12:00:00+00:00,-5.825,39.425,0.15,0.6,0.0,27.69
GL12,2026-06-02 12:00:00+00:00,-5.825,39.425,0.15,0.71,0.0,27.76
GL12,2026-06-03 12:00:00+00:00,-5.825,39.425,0.15,0.77,0.0,27.78
GL12,2026-06-04 12:00:00+00:00,-5.825,39.425,0.15,1.01,0.0,27.99
GL12,2026-06-05 12:00:00+00:00,-5.825,39.425,0.15,1.08,0.0,28.02
GL12,2026-06-06 12:00:00+00:00,-5.825,39.425,0.15,1.01,0.0,27.91
GL12,2026-06-07 12:00:00+00:00,-5.825,39.425,0.15,1.05,0.0,27.91
GL12,2026-06-08 12:00:00+00:00,-5.825,39.425,0.15,1.13,0.0,27.95
GL12,2026-06-09 12:00:00+00:00,-5.825,39.425,0.15,1.07,0.0,27.85
GL12,2026-06-10 12:00:00+00:00,-5.825,39.425,0.15,1.06,0.0,27.8
GL12,2026-06-11 12:00:00+00:00,-5.825,39.425,0.15,0.98,0.0,27.68
GL12,2026-06-12 12:00:00+00:00,-5.825,39.425,0.15,0.87,0.0,27.54
GL12,2026-06-13 12:00:00+00:00,-5.825,39.425,0.15,0.86,0.0,27.49
GL12,2026-06-14 12:00:00+00:00,-5.825,39.425,0.15,1.2,0.0,27.79
GL12,2026-06-15 12:00:00+00:00,-5.825,39.425,0.15,1.24,0.0,27.79
GL12,2026-06-16 12:00:00+00:00,-5.825,39.425,0.15,1.14,0.0,27.65
GL12,2026-06-17 12:00:00+00:00,-5.825,39.425,0.15,1.07,0.0,27.55
GL12,2026-06-18 12:00:00+00:00,-5.825,39.425,0.15,1.06,0.0,27.5
GL12,2026-06-19 12:00:00+00:00,-5.825,39.425,0.15,1.11,0.0,27.51
GL12,2026-06-20 12:00:00+00:00,-5.825,39.425,0.15,1.0,0.0,27.37
GL12,2026-06-21 12:00:00+00:00,-5.825,39.425,0.15,0.95,0.0,27.28
GL12,2026-06-22 12:00:00+00:00,-5.825,39.425,0.15,0.9,0.0,27.2
GL12,2026-06-23 12:00:00+00:00,-5.825,39.425,0.15,0.81,0.0,27.07
GL12,2026-06-24 12:00:00+00:00,-5.825,39.425,0.15,0.77,0.0,26.99
GL12,2026-06-25 12:00:00+00:00,-5.825,39.425,0.15,0.85,0.0,27.04
GL12,2026-06-26 12:00:00+00:00,-5.825,39.425,0.15,0.8,0.0,26.95
GL12,2026-06-27 12:00:00+00:00,-5.825,39.425,0.15,0.78,0.0,26.89
GL12,2026-06-28 12:00:00+00:00,-5.825,39.425,0.15,0.67,0.0,26.75
GL12,2026-06-29 12:00:00+00:00,-5.825,39.425,0.15,0.5,0.0,26.54
GL12,2026-06-30 12:00:00+00:00,-5.825,39.425,0.0,0.77,0.0,26.77
GL12,2026-07-01 12:00:00+00:00,-5.825,39.425,0.0,0.78,0.0,26.75
GL12,2026-07-02 12:00:00+00:00,-5.825,39.425,0.0,0.8300000000000001,0.0,26.76
GL12,2026-07-03 12:00:00+00:00,-5.825,39.425,0.0,0.71,0.0,26.61
GL12,2026-07-04 12:00:00+00:00,-5.825,39.425,0.0,0.7000000000000001,0.0,26.56
GL12,2026-07-05 12:00:00+00:00,-5.825,39.425,0.0,0.75,0.0,26.57
GL12,2026-07-06 12:00:00+00:00,-5.825,39.425,0.0,0.63,0.0,26.42
GL12,2026-07-07 12:00:00+00:00,-5.825,39.425,0.0,1.1,0.0,26.85
GL12,2026-07-08 12:00:00+00:00,-5.825,39.425,0.0,0.98,0.0,26.69
GL12,2026-07-09 12:00:00+00:00,-5.825,39.425,0.0,0.73,0.0,26.41
GL12,2026-07-10 12:00:00+00:00,-5.825,39.425,0.0,0.8300000000000001,0.0,26.47
GL12,2026-07-11 12:00:00+00:00,-5.825,39.425,0.0,0.7000000000000001,0.0,26.31
GL12,2026-07-12 12:00:00+00:00,-5.825,39.425,0.0,0.91,0.0,26.48
GL12,2026-07-13 12:00:00+00:00,-5.825,39.425,0.0,0.84,0.0,26.37
GL12,2026-07-14 12:00:00+00:00,-5.825,39.425,0.0,0.8300000000000001,0.0,26.33
GL12,2026-07-15 12:00:00+00:00,-5.825,39.425,0.0,0.78,0.0,26.24
GL12,2026-07-16 12:00:00+00:00,-5.825,39.425,0.0,0.85,0.0,26.29
GL12,2026-07-17 12:00:00+00:00,-5.825,39.425,0.0,0.67,0.0,26.1
GL12,2026-07-18 12:00:00+00:00,-5.825,39.425,0.0,0.61,0.0,26.02
GL12,2026-07-19 12:00:00+00:00,-5.825,39.425,0.0,0.85,0.0,26.24
GL12,2026-07-20 12:00:00+00:00,-5.825,39.425,0.0,0.89,0.0,26.27
GL12,2026-07-21 12:00:00+00:00,-5.825,39.425,0.0,0.73,0.0,26.09
GL12,2026-07-22 12:00:00+00:00,-5.825,39.425,0.0,0.8300000000000001,0.0,26.17
GL12,2026-07-23 12:00:00+00:00,-5.825,39.425,0.0,1.04,0.0,26.37
GL12,2026-07-24 12:00:00+00:00,-5.825,39.425,0.0,0.94,0.0,26.25
GL12,2026-07-25 12:00:00+00:00,-5.825,39.425,0.0,0.9,0.0,26.2
GL12,2026-07-26 12:00:00+00:00,-5.825,39.425,0.0,0.74,0.0,26.02
GL12,2026-07-27 12:00:00+00:00,-5.825,39.425,0.0,0.79,0.0,26.05
GL12,2026-07-28 12:00:00+00:00,-5.825,39.425,0.0,0.73,0.0,25.98
GL12,2026-07-29 12:00:00+00:00,-5.825,39.425,0.0,0.8,0.0,26.03
GL12,2026-07-30 12:00:00+00:00,-5.825,39.425,0.0,0.95,0.0,26.16
GL12,2026-07-31 12:00:00+00:00,-5.825,39.425,0.0,1.02,0.0,26.22
GL12,2026-08-01 12:00:00+00:00,-5.825,39.425,0.0,1.01,0.0,26.19
GL12,2026-08-02 12:00:00+00:00,-5.825,39.425,0.0,0.63,0.0,25.79
GL12,2026-08-03 12:00:00+00:00,-5.825,39.425,0.0,0.67,0.0,25.82
GL12,2026-08-04 12:00:00+00:00,-5.825,39.425,0.0,0.78,0.0,25.91
GL12,2026-08-05 12:00:00+00:00,-5.825,39.425,0.0,0.78,0.0,25.89
GL12,2026-08-06 12:00:00+00:00,-5.825,39.425,0.0,0.62,0.0,25.72
GL12,2026-08-07 12:00:00+00:00,-5.825,39.425,0.0,1.01,0.0,26.09
GL12,2026-08-08 12:00:00+00:00,-5.825,39.425,0.0,1.02,0.0,26.09
GL12,2026-08-09 12:00:00+00:00,-5.825,39.425,0.0,0.97,0.0,26.02
GL12,2026-08-10 12:00:00+00:00,-5.825,39.425,0.0,1.17,0.0,26.2
GL12,2026-08-11 12:00:00+00:00,-5.825,39.425,0.0,1.23,0.0,26.25
GL12,2026-08-12 12:00:00+00:00,-5.825,39.425,0.0,1.27,0.0,26.27
GL12,2026-08-13 12:00:00+00:00,-5.825,39.425,0.0,1.18,0.0,26.16
GL12,2026-08-14 12:00:00+00:00,-5.825,39.425,0.0,1.07,0.0,26.04
GL12,2026-08-15 12:00:00+00:00,-5.825,39.425,0.0,0.93,0.0,25.88
GL12,2026-08-16 12:00:00+00:00,-5.825,39.425,0.0,0.71,0.0,25.67
GL12,2026-08-17 12:00:00+00:00,-5.825,39.425,0.0,0.45,0.0,25.42
GL12,2026-08-18 12:00:00+00:00,-5.825,39.425,0.0,0.6900000000000001,0.0,25.67
GL12,2026-08-19 12:00:00+00:00,-5.825,39.425,0.0,0.74,0.0,25.72
GL12,2026-08-20 12:00:00+00:00,-5.825,39.425,0.0,0.7000000000000001,0.0,25.69
GL12,2026-08-21 12:00:00+00:00,-5.825,39.425,0.0,0.81,0.0,25.81
GL12,2026-08-22 12:00:00+00:00,-5.825,39.425,0.0,0.9,0.0,25.91
GL12,2026-08-23 12:00:00+00:00,-5.825,39.425,0.0,0.99,0.0,26.01
GL12,2026-08-24 12:00:00+00:00,-5.825,39.425,0.0,0.93,0.0,25.96
GL12,2026-08-25 12:00:00+00:00,-5.825,39.425,0.0,0.94,0.0,25.98
GL12,2026-08-26 12:00:00+00:00,-5.825,39.425,0.0,0.95,0.0,26.0
GL12,2026-08-27 12:00:00+00:00,-5.825,39.425,0.0,0.98,0.0,26.03
GL12,2026-08-28 12:00:00+00:00,-5.825,39.425,0.0,0.9,0.0,25.96
GL12,2026-08-29 12:00:00+00:00,-5.825,39.425,0.0,0.95,0.0,26.02
GL12,2026-08-30 12:00:00+00:00,-5.825,39.425,0.0,0.97,0.0,26.05
GL12,2026-08-31 12:00:00+00:00,-5.825,39.425,0.0,0.98,0.0,26.07
GL12,2026-09-01 12:00:00+00:00,-5.825,39.425,0.0,0.88,0.0,25.98
GL12,2026-09-02 12:00:00+00:00,-5.825,39.425,0.0,0.9,0.0,26.01
GL12,2026-09-03 12:00:00+00:00,-5.825,39.425,0.0,0.94,0.0,26.06
GL12,2026-09-04 12:00:00+00:00,-5.825,39.425,0.0,1.02,0.0,26.14
GL12,2026-09-05 12:00:00+00:00,-5.825,39.425,0.0,0.93,0.0,26.06
GL12,2026-09-06 12:00:00+00:00,-5.825,39.425,0.0,1.18,0.0,26.32
GL12,2026-09-07 12:00:00+00:00,-5.825,39.425,0.0,1.14,0.0,26.29
GL12,2026-09-08 12:00:00+00:00,-5.825,39.425,0.0,1.25,0.0,26.41
GL12,2026-09-09 12:00:00+00:00,-5.825,39.425,0.0,0.8300000000000001,0.0,26.0
GL12,2026-09-10 12:00:00+00:00,-5.825,39.425,0.0,1.18,0.0,26.36
GL12,2026-09-11 12:00:00+00:00,-5.825,39.425,0.0,1.15,0.0,26.34
GL12,2026-09-12 12:00:00+00:00,-5.825,39.425,0.0,1.17,0.0,26.36
GL12,2026-09-13 12:00:00+00:00,-5.825,39.425,0.0,1.23,0.0,26.43
GL12,2026-09-14 12:00:00+00:00,-5.825,39.425,0.0,1.17,0.0,26.38
GL12,2026-09-15 12:00:00+00:00,-5.825,39.425,0.0,0.6900000000000001,0.0,25.91
GL12,2026-09-16 12:00:00+00:00,-5.825,39.425,0.0,1.09,0.0,26.34
GL12,2026-09-17 12:00:00+00:00,-5.825,39.425,0.0,1.21,0.0,26.49
GL12,2026-09-18 12:00:00+00:00,-5.825,39.425,0.0,1.15,0.0,26.46
GL12,2026-09-19 12:00:00+00:00,-5.825,39.425,0.0,1.31,0.0,26.65
GL12,2026-09-20 12:00:00+00:00,-5.825,39.425,0.0,1.17,0.0,26.54
GL12,2026-09-21 12:00:00+00:00,-5.825,39.425,0.0,1.25,0.0,26.65
GL12,2026-09-22 12:00:00+00:00,-5.825,39.425,0.0,1.24,0.0,26.67
GL12,2026-09-23 12:00:00+00:00,-5.825,39.425,0.0,1.28,0.0,26.74
GL12,2026-09-24 12:00:00+00:00,-5.825,39.425,0.0,1.18,0.0,26.67
GL12,2026-09-25 12:00:00+00:00,-5.825,39.425,0.0,1.27,0.0,26.79
GL12,2026-09-26 12:00:00+00:00,-5.825,39.425,0.0,1.25,0.0,26.8
GL12,2026-09-27 12:00:00+00:00,-5.825,39.425,0.0,1.07,0.0,26.65
GL12,2026-09-28 12:00:00+00:00,-5.825,39.425,0.0,1.26,0.0,26.87
GL12,2026-09-29 12:00:00+00:00,-5.825,39.425,0.0,1.26,0.0,26.9
GL12,2026-09-30 12:00:00+00:00,-5.825,39.425,0.0,1.2,0.0,26.87
GL12,2026-10-01 12:00:00+00:00,-5.825,39.425,0.0,1.26,0.0,26.97
GL12,2026-10-02 12:00:00+00:00,-5.825,39.425,0.0,1.21,0.0,26.95
GL12,2026-10-03 12:00:00+00:00,-5.825,39.425,0.0,1.44,0.0,27.21
GL12,2026-10-04 12:00:00+00:00,-5.825,39.425,0.0,1.26,0.0,27.06
GL12,2026-10-05 12:00:00+00:00,-5.825,39.425,0.0,1.26,0.0,27.09
GL12,2026-10-06 12:00:00+00:00,-5.825,39.425,0.0,1.09,0.0,26.95
GL12,2026-10-07 12:00:00+00:00,-5.825,39.425,0.0,0.64,0.0,26.53
GL13,2026-04-10 12:00:00+00:00,24.275,124.125,0.0,0.98,0.0,25.28
GL13,2026-04-11 12:00:00+00:00,24.275,124.125,0.0,1.08,0.0,25.42
GL13,2026-04-12 12:00:00+00:00,24.275,124.125,0.0,1.22,0.0,25.61
GL13,2026-04-13 12:00:00+00:00,24.275,124.125,0.0,1.41,0.0,25.84
GL13,2026-04-14 12:00:00+00:00,24.275,124.125,0.0,1.44,0.0,25.91
GL13,2026-04-15 12:00:00+00:00,24.275,124.125,0.0,1.5,0.0,26.01
GL13,2026-04-16 12:00:00+00:00,24.275,124.125,0.0,1.34,0.0,25.91
GL13,2026-04-17 12:00:00+00:00,24.275,124.125,0.0,1.38,0.0,26.0
GL13,2026-04-18 12:00:00+00:00,24.275,124.125,0.0,1.57,0.0,26.25
GL13,2026-04-19 12:00:00+00:00,24.275,124.125,0.0,1.37,0.0,26.11
GL13,2026-04-20 12:00:00+00:00,24.275,124.125,0.0,1.47,0.0,26.26
GL13,2026-04-21 12:00:00+00:00,24.275,124.125,0.0,1.1,0.0,25.95
GL13,2026-04-22 12:00:00+00:00,24.275,124.125,0.0,1.05,0.0,25.96
GL13,2026-04-23 12:00:00+00:00,24.275,124.125,0.0,1.04,0.0,26.0
GL13,2026-04-24 12:00:00+00:00,24.275,124.125,0.0,0.81,0.0,25.83
GL13,2026-04-26 12:00:00+00:00,24.275,124.125,0.0,0.86,0.0,25.99
GL13,2026-04-27 12:00:00+00:00,24.275,124.125,0.0,0.8200000000000001,0.0,26.01
GL13,2026-04-28 12:00:00+00:00,24.275,124.125,0.0,0.42,0.0,25.67
GL13,2026-04-29 12:00:00+00:00,24.275,124.125,0.0,0.73,0.0,26.03
GL13,2026-04-30 12:00:00+00:00,24.275,124.125,0.0,0.41,0.0,25.77
GL13,2026-05-01 12:00:00+00:00,24.275,124.125,0.0,0.48,0.0,25.9
GL13,2026-05-02 12:00:00+00:00,24.275,124.125,0.0,0.24,0.0,25.71
GL13,2026-05-03 12:00:00+00:00,24.275,124.125,0.0,0.41,0.0,25.94
GL13,2026-05-04 12:00:00+00:00,24.275,124.125,0.0,-0.01,0.0,25.58
GL13,2026-05-05 12:00:00+00:00,24.275,124.125,0.0,0.17,0.0,25.81
GL13,2026-05-06 12:00:00+00:00,24.275,124.125,0.0,0.16,0.0,25.86
GL13,2026-05-07 12:00:00+00:00,24.275,124.125,0.0,0.36,0.0,26.12
GL13,2026-05-08 12:00:00+00:00,24.275,124.125,0.0,0.01,0.0,25.82
GL13,2026-05-09 12:00:00+00:00,24.275,124.125,0.0,-0.12,0.0,25.75
GL13,2026-05-10 12:00:00+00:00,24.275,124.125,0.0,0.07,0.0,26.0
GL13,2026-05-11 12:00:00+00:00,24.275,124.125,0.0,0.21,0.0,26.19
GL13,2026-05-12 12:00:00+00:00,24.275,124.125,0.0,-0.04,0.0,26.0
GL13,2026-05-13 12:00:00+00:00,24.275,124.125,0.0,-0.28,0.0,25.82
GL13,2026-05-14 12:00:00+00:00,24.275,124.125,0.0,-0.62,0.0,25.53
GL13,2026-05-15 12:00:00+00:00,24.275,124.125,0.0,-0.02,0.0,26.19
GL13,2026-05-16 12:00:00+00:00,24.275,124.125,0.0,0.02,0.0,26.28
GL13,2026-05-17 12:00:00+00:00,24.275,124.125,0.0,-0.05,0.0,26.26
GL13,2026-05-18 12:00:00+00:00,24.275,124.125,0.0,0.0,0.0,26.36
GL13,2026-05-19 12:00:00+00:00,24.275,124.125,0.0,0.24,0.0,26.65
GL13,2026-05-20 12:00:00+00:00,24.275,124.125,0.0,0.29,0.0,26.75
GL13,2026-05-21 12:00:00+00:00,24.275,124.125,0.0,0.59,0.0,27.1
GL13,2026-05-22 12:00:00+00:00,24.275,124.125,0.0,0.95,0.0,27.51
GL13,2026-05-23 12:00:00+00:00,24.275,124.125,0.0,1.29,0.0,27.9
GL13,2026-05-24 12:00:00+00:00,24.275,124.125,0.0,1.17,0.0,27.83
GL13,2026-05-25 12:00:00+00:00,24.275,124.125,0.0,1.26,0.0,27.97
GL13,2026-05-26 12:00:00+00:00,24.275,124.125,0.0,1.17,0.0,27.93
GL13,2026-05-27 12:00:00+00:00,24.275,124.125,0.0,1.25,0.0,28.06
GL13,2026-05-28 12:00:00+00:00,24.275,124.125,0.0,1.57,0.0,28.43
GL13,2026-05-29 12:00:00+00:00,24.275,124.125,0.0,1.52,0.0,28.43
GL13,2026-05-30 12:00:00+00:00,24.275,124.125,0.0,1.15,0.0,28.11
GL13,2026-05-31 12:00:00+00:00,24.275,124.125,0.0,0.89,0.0,27.9
GL13,2026-06-01 12:00:00+00:00,24.275,124.125,0.0,0.49,0.0,27.55
GL13,2026-06-02 12:00:00+00:00,24.275,124.125,0.0,0.78,0.0,27.89
GL13,2026-06-03 12:00:00+00:00,24.275,124.125,0.0,0.8300000000000001,0.0,27.99
GL13,2026-06-04 12:00:00+00:00,24.275,124.125,0.0,0.88,0.0,28.09
GL13,2026-06-05 12:00:00+00:00,24.275,124.125,0.0,1.04,0.0,28.3
GL13,2026-06-06 12:00:00+00:00,24.275,124.125,0.0,0.84,0.0,28.15
GL13,2026-06-07 12:00:00+00:00,24.275,124.125,0.0,0.71,0.0,28.07
GL13,2026-06-08 12:00:00+00:00,24.275,124.125,0.0,0.46,0.0,27.87
GL13,2026-06-09 12:00:00+00:00,24.275,124.125,0.0,0.1,0.0,27.56
GL13,2026-06-10 12:00:00+00:00,24.275,124.125,0.0,0.32,0.0,27.83
GL13,2026-06-11 12:00:00+00:00,24.275,124.125,0.0,-0.03,0.0,27.53
GL13,2026-06-12 12:00:00+00:00,24.275,124.125,0.0,-0.23,0.0,27.38
GL13,2026-06-13 12:00:00+00:00,24.275,124.125,0.0,0.06,0.0,27.72
GL13,2026-06-14 12:00:00+00:00,24.275,124.125,0.0,0.0,0.0,27.71
GL13,2026-06-15 12:00:00+00:00,24.275,124.125,0.0,-0.01,0.0,27.75
GL13,2026-06-16 12:00:00+00:00,24.275,124.125,0.0,0.11,0.0,27.91
GL13,2026-06-17 12:00:00+00:00,24.275,124.125,0.0,0.31,0.0,28.15
GL13,2026-06-18 12:00:00+00:00,24.275,124.125,0.0,0.26,0.0,28.14
GL13,2026-06-19 12:00:00+00:00,24.275,124.125,0.0,0.45,0.0,28.37
GL13,2026-06-20 12:00:00+00:00,24.275,124.125,0.0,0.67,0.0,28.64
GL13,2026-06-21 12:00:00+00:00,24.275,124.125,0.0,0.89,0.0,28.9
GL13,2026-06-22 12:00:00+00:00,24.275,124.125,0.0,0.98,0.0,29.03
GL13,2026-06-23 12:00:00+00:00,24.275,124.125,0.0,1.03,1.0,29.12
GL13,2026-06-24 12:00:00+00:00,24.275,124.125,0.0,1.1,1.0,29.23
GL13,2026-06-25 12:00:00+00:00,24.275,124.125,0.0,0.73,0.0,28.9
GL13,2026-06-26 12:00:00+00:00,24.275,124.125,0.0,0.6900000000000001,0.0,28.9
GL13,2026-06-27 12:00:00+00:00,24.275,124.125,0.0,0.35,0.0,28.6
GL13,2026-06-28 12:00:00+00:00,24.275,124.125,0.0,0.59,0.0,28.88
GL13,2026-06-29 12:00:00+00:00,24.275,124.125,0.0,0.43,0.0,28.76
GL13,2026-06-30 12:00:00+00:00,24.275,124.125,0.0,0.34,0.0,28.71
GL13,2026-07-01 12:00:00+00:00,24.275,124.125,0.0,0.35,0.0,28.77
GL13,2026-07-02 12:00:00+00:00,24.275,124.125,0.0,0.53,0.0,28.99
GL13,2026-07-03 12:00:00+00:00,24.275,124.125,0.0,0.86,1.0,29.36
GL13,2026-07-04 12:00:00+00:00,24.275,124.125,0.0,1.03,1.0,29.57
GL13,2026-07-05 12:00:00+00:00,24.275,124.125,0.0,0.95,1.0,29.53
GL13,2026-07-06 12:00:00+00:00,24.275,124.125,0.0,1.05,1.0,29.67
GL13,2026-07-07 12:00:00+00:00,24.275,124.125,0.0,1.21,1.0,29.87
GL13,2026-07-08 12:00:00+00:00,24.275,124.125,0.0,1.19,1.0,29.89
GL13,2026-07-09 12:00:00+00:00,24.275,124.125,0.0,0.8,1.0,29.54
GL13,2026-07-10 12:00:00+00:00,24.275,124.125,0.0,0.56,1.0,29.34
GL13,2026-07-11 12:00:00+00:00,24.275,124.125,0.0,0.22,0.0,29.05
GL13,2026-07-12 12:00:00+00:00,24.275,124.125,0.0,0.14,0.0,29.01
GL13,2026-07-13 12:00:00+00:00,24.275,124.125,0.0,-0.05,0.0,28.86
GL13,2026-07-14 12:00:00+00:00,24.275,124.125,0.0,-0.36,0.0,28.59
GL13,2026-07-15 12:00:00+00:00,24.275,124.125,0.0,-0.11,0.0,28.88
GL13,2026-07-16 12:00:00+00:00,24.275,124.125,0.0,-0.15,0.0,28.84
GL13,2026-07-17 12:00:00+00:00,24.275,124.125,0.0,0.02,0.0,29.01
GL13,2026-07-18 12:00:00+00:00,24.275,124.125,0.0,0.19,1.0,29.19
GL13,2026-07-19 12:00:00+00:00,24.275,124.125,0.0,0.11,1.0,29.11
GL13,2026-07-20 12:00:00+00:00,24.275,124.125,0.0,0.0,0.0,29.0
GL13,2026-07-21 12:00:00+00:00,24.275,124.125,0.0,0.1,1.0,29.1
GL13,2026-07-22 12:00:00+00:00,24.275,124.125,0.0,0.37,1.0,29.38
GL13,2026-07-23 12:00:00+00:00,24.275,124.125,0.0,0.73,1.0,29.74
GL13,2026-07-24 12:00:00+00:00,24.275,124.125,0.0,0.66,1.0,29.67
GL13,2026-07-25 12:00:00+00:00,24.275,124.125,0.0,0.49,1.0,29.5
GL13,2026-07-26 12:00:00+00:00,24.275,124.125,0.0,0.41,1.0,29.42
GL13,2026-07-27 12:00:00+00:00,24.275,124.125,0.0,0.55,1.0,29.57
GL13,2026-07-28 12:00:00+00:00,24.275,124.125,0.0,0.81,1.0,29.83
GL13,2026-07-29 12:00:00+00:00,24.275,124.125,0.14,1.04,2.0,30.06
GL13,2026-07-30 12:00:00+00:00,24.275,124.125,0.3,1.15,2.0,30.17
GL13,2026-07-31 12:00:00+00:00,24.275,124.125,0.46,1.16,2.0,30.19
GL13,2026-08-01 12:00:00+00:00,24.275,124.125,0.63,1.18,2.0,30.21
GL13,2026-08-02 12:00:00+00:00,24.275,124.125,0.8,1.21,2.0,30.24
GL13,2026-08-03 12:00:00+00:00,24.275,124.125,1.0,1.43,2.0,30.46
GL13,2026-08-04 12:00:00+00:00,24.275,124.125,1.18,1.34,2.0,30.38
GL13,2026-08-05 12:00:00+00:00,24.275,124.125,1.38,1.39,2.0,30.43
GL13,2026-08-06 12:00:00+00:00,24.275,124.125,1.54,1.16,2.0,30.2
GL13,2026-08-07 12:00:00+00:00,24.275,124.125,1.54,0.61,1.0,29.65
GL13,2026-08-08 12:00:00+00:00,24.275,124.125,1.54,-0.04,0.0,29.0
GL13,2026-08-09 12:00:00+00:00,24.275,124.125,1.54,-0.34,0.0,28.71
GL13,2026-08-10 12:00:00+00:00,24.275,124.125,1.54,0.21,1.0,29.26
GL13,2026-08-11 12:00:00+00:00,24.275,124.125,1.54,0.06,1.0,29.11
GL13,2026-08-12 12:00:00+00:00,24.275,124.125,1.54,0.08,1.0,29.13
GL13,2026-08-13 12:00:00+00:00,24.275,124.125,1.54,0.2,1.0,29.26
GL13,2026-08-14 12:00:00+00:00,24.275,124.125,1.54,0.51,1.0,29.57
GL13,2026-08-15 12:00:00+00:00,24.275,124.125,1.54,0.45,1.0,29.51
GL13,2026-08-16 12:00:00+00:00,24.275,124.125,1.54,0.8,1.0,29.84
GL13,2026-08-17 12:00:00+00:00,24.275,124.125,1.54,0.79,1.0,29.81
GL13,2026-08-18 12:00:00+00:00,24.275,124.125,1.54,0.8300000000000001,1.0,29.82
GL13,2026-08-19 12:00:00+00:00,24.275,124.125,1.54,0.84,1.0,29.81
GL13,2026-08-20 12:00:00+00:00,24.275,124.125,1.54,0.78,1.0,29.73
GL13,2026-08-21 12:00:00+00:00,24.275,124.125,1.54,1.04,1.0,29.97
GL13,2026-08-22 12:00:00+00:00,24.275,124.125,1.54,0.73,1.0,29.64
GL13,2026-08-23 12:00:00+00:00,24.275,124.125,1.54,0.49,1.0,29.37
GL13,2026-08-24 12:00:00+00:00,24.275,124.125,1.54,0.27,1.0,29.13
GL13,2026-08-25 12:00:00+00:00,24.275,124.125,1.54,0.36,1.0,29.2
GL13,2026-08-26 12:00:00+00:00,24.275,124.125,1.54,0.15,0.0,28.97
GL13,2026-08-27 12:00:00+00:00,24.275,124.125,1.54,0.16,0.0,28.96
GL13,2026-08-28 12:00:00+00:00,24.275,124.125,1.54,0.4,1.0,29.17
GL13,2026-08-29 12:00:00+00:00,24.275,124.125,1.54,0.6,1.0,29.35
GL13,2026-08-30 12:00:00+00:00,24.275,124.125,1.54,0.68,1.0,29.41
GL13,2026-08-31 12:00:00+00:00,24.275,124.125,1.54,0.7000000000000001,1.0,29.41
GL13,2026-09-01 12:00:00+00:00,24.275,124.125,1.54,0.45,1.0,29.14
GL13,2026-09-02 12:00:00+00:00,24.275,124.125,1.54,0.52,1.0,29.19
GL13,2026-09-03 12:00:00+00:00,24.275,124.125,1.54,0.42,0.0,29.06
GL13,2026-09-04 12:00:00+00:00,24.275,124.125,1.54,0.56,1.0,29.18
GL13,2026-09-05 12:00:00+00:00,24.275,124.125,1.54,0.67,1.0,29.27
GL13,2026-09-06 12:00:00+00:00,24.275,124.125,1.54,0.37,0.0,28.95
GL13,2026-09-07 12:00:00+00:00,24.275,124.125,1.54,0.2,0.0,28.76
GL13,2026-09-08 12:00:00+00:00,24.275,124.125,1.54,0.27,0.0,28.8
GL13,2026-09-09 12:00:00+00:00,24.275,124.125,1.54,0.1,0.0,28.61
GL13,2026-09-10 12:00:00+00:00,24.275,124.125,1.54,0.26,0.0,28.75
GL13,2026-09-11 12:00:00+00:00,24.275,124.125,1.54,0.3,0.0,28.77
GL13,2026-09-12 12:00:00+00:00,24.275,124.125,1.54,0.4,0.0,28.85
GL13,2026-09-13 12:00:00+00:00,24.275,124.125,1.54,0.54,0.0,28.96
GL13,2026-09-14 12:00:00+00:00,24.275,124.125,1.54,0.5,0.0,28.9
GL13,2026-09-15 12:00:00+00:00,24.275,124.125,1.54,0.49,0.0,28.87
GL13,2026-09-16 12:00:00+00:00,24.275,124.125,1.54,0.28,0.0,28.62
GL13,2026-09-17 12:00:00+00:00,24.275,124.125,1.54,0.42,0.0,28.72
GL13,2026-09-18 12:00:00+00:00,24.275,124.125,1.54,0.48,0.0,28.73
GL13,2026-09-19 12:00:00+00:00,24.275,124.125,1.54,0.47,0.0,28.68
GL13,2026-09-20 12:00:00+00:00,24.275,124.125,1.54,0.37,0.0,28.54
GL13,2026-09-21 12:00:00+00:00,24.275,124.125,1.54,0.36,0.0,28.49
GL13,2026-09-22 12:00:00+00:00,24.275,124.125,1.54,0.29,0.0,28.38
GL13,2026-09-23 12:00:00+00:00,24.275,124.125,1.54,0.45,0.0,28.49
GL13,2026-09-24 12:00:00+00:00,24.275,124.125,1.54,0.48,0.0,28.48
GL13,2026-09-25 12:00:00+00:00,24.275,124.125,1.54,0.84,0.0,28.8
GL13,2026-09-26 12:00:00+00:00,24.275,124.125,1.54,0.31,0.0,28.23
GL13,2026-09-27 12:00:00+00:00,24.275,124.125,1.54,0.81,0.0,28.69
GL13,2026-09-28 12:00:00+00:00,24.275,124.125,1.54,1.11,0.0,28.94
GL13,2026-09-29 12:00:00+00:00,24.275,124.125,1.54,1.33,1.0,29.12
GL13,2026-09-30 12:00:00+00:00,24.275,124.125,1.54,1.46,1.0,29.21
GL13,2026-10-01 12:00:00+00:00,24.275,124.125,1.54,1.68,1.0,29.39
GL13,2026-10-02 12:00:00+00:00,24.275,124.125,1.54,1.67,1.0,29.34
GL13,2026-10-03 12:00:00+00:00,24.275,124.125,1.54,1.57,1.0,29.19
GL13,2026-10-04 12:00:00+00:00,24.275,124.125,1.54,1.73,1.0,29.31
GL13,2026-10-05 12:00:00+00:00,24.275,124.125,1.54,1.73,1.0,29.27
GL13,2026-10-06 12:00:00+00:00,24.275,124.125,1.54,1.6,1.0,29.1
GL13,2026-10-07 12:00:00+00:00,24.275,124.125,1.54,1.53,0.0,28.99
GL14,2026-04-10 12:00:00+00:00,21.475,-157.825,0.0,-0.23,0.0,23.71
GL14,2026-04-11 12:00:00+00:00,21.475,-157.825,0.0,-0.3,0.0,23.64
GL14,2026-04-12 12:00:00+00:00,21.475,-157.825,0.0,-0.27,0.0,23.68
GL14,2026-04-13 12:00:00+00:00,21.475,-157.825,0.0,-0.13,0.0,23.82
GL14,2026-04-14 12:00:00+00:00,21.475,-157.825,0.0,0.06,0.0,24.02
GL14,2026-04-15 12:00:00+00:00,21.475,-157.825,0.0,0.21,0.0,24.17
GL14,2026-04-16 12:00:00+00:00,21.475,-157.825,0.0,0.37,0.0,24.35
GL14,2026-04-17 12:00:00+00:00,21.475,-157.825,0.0,0.63,0.0,24.63
GL14,2026-04-18 12:00:00+00:00,21.475,-157.825,0.0,0.6,0.0,24.62
GL14,2026-04-19 12:00:00+00:00,21.475,-157.825,0.0,0.38,0.0,24.42
GL14,2026-04-20 12:00:00+00:00,21.475,-157.825,0.0,0.27,0.0,24.32
GL14,2026-04-21 12:00:00+00:00,21.475,-157.825,0.0,0.51,0.0,24.58
GL14,2026-04-22 12:00:00+00:00,21.475,-157.825,0.0,0.72,0.0,24.81
GL14,2026-04-23 12:00:00+00:00,21.475,-157.825,0.0,0.94,0.0,25.05
GL14,2026-04-24 12:00:00+00:00,21.475,-157.825,0.0,0.73,0.0,24.86
GL14,2026-04-26 12:00:00+00:00,21.475,-157.825,0.0,0.64,0.0,24.81
GL14,2026-04-27 12:00:00+00:00,21.475,-157.825,0.0,0.5,0.0,24.69
GL14,2026-04-28 12:00:00+00:00,21.475,-157.825,0.0,0.47,0.0,24.68
GL14,2026-04-29 12:00:00+00:00,21.475,-157.825,0.0,0.53,0.0,24.76
GL14,2026-04-30 12:00:00+00:00,21.475,-157.825,0.0,0.55,0.0,24.79
GL14,2026-05-01 12:00:00+00:00,21.475,-157.825,0.0,0.55,0.0,24.81
GL14,2026-05-02 12:00:00+00:00,21.475,-157.825,0.0,0.54,0.0,24.82
GL14,2026-05-03 12:00:00+00:00,21.475,-157.825,0.0,0.5700000000000001,0.0,24.87
GL14,2026-05-04 12:00:00+00:00,21.475,-157.825,0.0,0.62,0.0,24.94
GL14,2026-05-05 12:00:00+00:00,21.475,-157.825,0.0,0.62,0.0,24.96
GL14,2026-05-06 12:00:00+00:00,21.475,-157.825,0.0,0.54,0.0,24.9
GL14,2026-05-07 12:00:00+00:00,21.475,-157.825,0.0,0.61,0.0,24.99
GL14,2026-05-08 12:00:00+00:00,21.475,-157.825,0.0,0.8,0.0,25.2
GL14,2026-05-09 12:00:00+00:00,21.475,-157.825,0.0,0.8,0.0,25.22
GL14,2026-05-10 12:00:00+00:00,21.475,-157.825,0.0,0.8300000000000001,0.0,25.26
GL14,2026-05-11 12:00:00+00:00,21.475,-157.825,0.0,0.86,0.0,25.31
GL14,2026-05-12 12:00:00+00:00,21.475,-157.825,0.0,0.78,0.0,25.25
GL14,2026-05-13 12:00:00+00:00,21.475,-157.825,0.0,0.75,0.0,25.24
GL14,2026-05-14 12:00:00+00:00,21.475,-157.825,0.0,0.75,0.0,25.26
GL14,2026-05-15 12:00:00+00:00,21.475,-157.825,0.0,0.71,0.0,25.24
GL14,2026-05-16 12:00:00+00:00,21.475,-157.825,0.0,0.55,0.0,25.1
GL14,2026-05-17 12:00:00+00:00,21.475,-157.825,0.0,0.7000000000000001,0.0,25.28
GL14,2026-05-18 12:00:00+00:00,21.475,-157.825,0.0,0.8300000000000001,0.0,25.43
GL14,2026-05-19 12:00:00+00:00,21.475,-157.825,0.0,0.81,0.0,25.44
GL14,2026-05-20 12:00:00+00:00,21.475,-157.825,0.0,0.8200000000000001,0.0,25.47
GL14,2026-05-21 12:00:00+00:00,21.475,-157.825,0.0,0.6900000000000001,0.0,25.37
GL14,2026-05-22 12:00:00+00:00,21.475,-157.825,0.0,0.54,0.0,25.24
GL14,2026-05-23 12:00:00+00:00,21.475,-157.825,0.0,0.32,0.0,25.05
GL14,2026-05-24 12:00:00+00:00,21.475,-157.825,0.0,0.27,0.0,25.02
GL14,2026-05-25 12:00:00+00:00,21.475,-157.825,0.0,0.22,0.0,25.0
GL14,2026-05-26 12:00:00+00:00,21.475,-157.825,0.0,0.07,0.0,24.87
GL14,2026-05-27 12:00:00+00:00,21.475,-157.825,0.0,-0.01,0.0,24.82
GL14,2026-05-28 12:00:00+00:00,21.475,-157.825,0.0,0.03,0.0,24.88
GL14,2026-05-29 12:00:00+00:00,21.475,-157.825,0.0,0.03,0.0,24.91
GL14,2026-05-30 12:00:00+00:00,21.475,-157.825,0.0,0.01,0.0,24.91
GL14,2026-05-31 12:00:00+00:00,21.475,-157.825,0.0,0.15,0.0,25.08
GL14,2026-06-01 12:00:00+00:00,21.475,-157.825,0.0,0.15,0.0,25.1
GL14,2026-06-02 12:00:00+00:00,21.475,-157.825,0.0,0.09,0.0,25.07
GL14,2026-06-03 12:00:00+00:00,21.475,-157.825,0.0,0.09,0.0,25.09
GL14,2026-06-04 12:00:00+00:00,21.475,-157.825,0.0,0.35,0.0,25.38
GL14,2026-06-05 12:00:00+00:00,21.475,-157.825,0.0,0.28,0.0,25.33
GL14,2026-06-06 12:00:00+00:00,21.475,-157.825,0.0,0.3,0.0,25.38
GL14,2026-06-07 12:00:00+00:00,21.475,-157.825,0.0,0.33,0.0,25.43
GL14,2026-06-08 12:00:00+00:00,21.475,-157.825,0.0,0.2,0.0,25.33
GL14,2026-06-09 12:00:00+00:00,21.475,-157.825,0.0,0.31,0.0,25.46
GL14,2026-06-10 12:00:00+00:00,21.475,-157.825,0.0,0.3,0.0,25.48
GL14,2026-06-11 12:00:00+00:00,21.475,-157.825,0.0,0.3,0.0,25.5
GL14,2026-06-12 12:00:00+00:00,21.475,-157.825,0.0,0.43,0.0,25.66
GL14,2026-06-13 12:00:00+00:00,21.475,-157.825,0.0,0.53,0.0,25.78
GL14,2026-06-14 12:00:00+00:00,21.475,-157.825,0.0,0.8,0.0,26.08
GL14,2026-06-15 12:00:00+00:00,21.475,-157.825,0.0,0.66,0.0,25.96
GL14,2026-06-16 12:00:00+00:00,21.475,-157.825,0.0,0.64,0.0,25.96
GL14,2026-06-17 12:00:00+00:00,21.475,-157.825,0.0,0.46,0.0,25.8
GL14,2026-06-18 12:00:00+00:00,21.475,-157.825,0.0,0.37,0.0,25.72
GL14,2026-06-19 12:00:00+00:00,21.475,-157.825,0.0,0.41,0.0,25.78
GL14,2026-06-20 12:00:00+00:00,21.475,-157.825,0.0,0.62,0.0,26.01
GL14,2026-06-21 12:00:00+00:00,21.475,-157.825,0.0,0.71,0.0,26.12
GL14,2026-06-22 12:00:00+00:00,21.475,-157.825,0.0,0.8200000000000001,0.0,26.24
GL14,2026-06-23 12:00:00+00:00,21.475,-157.825,0.0,0.74,0.0,26.18
GL14,2026-06-24 12:00:00+00:00,21.475,-157.825,0.0,0.6,0.0,26.06
GL14,2026-06-25 12:00:00+00:00,21.475,-157.825,0.0,0.63,0.0,26.11
GL14,2026-06-26 12:00:00+00:00,21.475,-157.825,0.0,0.64,0.0,26.13
GL14,2026-06-27 12:00:00+00:00,21.475,-157.825,0.0,0.41,0.0,25.92
GL14,2026-06-28 12:00:00+00:00,21.475,-157.825,0.0,0.45,0.0,25.98
GL14,2026-06-29 12:00:00+00:00,21.475,-157.825,0.0,0.67,0.0,26.22
GL14,2026-06-30 12:00:00+00:00,21.475,-157.825,0.0,0.52,0.0,26.08
GL14,2026-07-01 12:00:00+00:00,21.475,-157.825,0.0,0.71,0.0,26.29
GL14,2026-07-02 12:00:00+00:00,21.475,-157.825,0.0,0.72,0.0,26.32
GL14,2026-07-03 12:00:00+00:00,21.475,-157.825,0.0,0.65,0.0,26.27
GL14,2026-07-04 12:00:00+00:00,21.475,-157.825,0.0,0.68,0.0,26.32
GL14,2026-07-05 12:00:00+00:00,21.475,-157.825,0.0,0.61,0.0,26.26
GL14,2026-07-06 12:00:00+00:00,21.475,-157.825,0.0,0.6,0.0,26.27
GL14,2026-07-07 12:00:00+00:00,21.475,-157.825,0.0,0.48,0.0,26.17
GL14,2026-07-08 12:00:00+00:00,21.475,-157.825,0.0,0.32,0.0,26.03
GL14,2026-07-09 12:00:00+00:00,21.475,-157.825,0.0,0.26,0.0,25.98
GL14,2026-07-10 12:00:00+00:00,21.475,-157.825,0.0,0.28,0.0,26.02
GL14,2026-07-11 12:00:00+00:00,21.475,-157.825,0.0,0.29,0.0,26.05
GL14,2026-07-12 12:00:00+00:00,21.475,-157.825,0.0,0.06,0.0,25.84
GL14,2026-07-13 12:00:00+00:00,21.475,-157.825,0.0,0.03,0.0,25.82
GL14,2026-07-14 12:00:00+00:00,21.475,-157.825,0.0,0.27,0.0,26.08
GL14,2026-07-15 12:00:00+00:00,21.475,-157.825,0.0,0.33,0.0,26.16
GL14,2026-07-16 12:00:00+00:00,21.475,-157.825,0.0,0.41,0.0,26.26
GL14,2026-07-17 12:00:00+00:00,21.475,-157.825,0.0,0.42,0.0,26.29
GL14,2026-07-18 12:00:00+00:00,21.475,-157.825,0.0,0.46,0.0,26.35
GL14,2026-07-19 12:00:00+00:00,21.475,-157.825,0.0,0.4,0.0,26.3
GL14,2026-07-20 12:00:00+00:00,21.475,-157.825,0.0,0.39,0.0,26.31
GL14,2026-07-21 12:00:00+00:00,21.475,-157.825,0.0,0.35,0.0,26.29
GL14,2026-07-22 12:00:00+00:00,21.475,-157.825,0.0,0.2,0.0,26.16
GL14,2026-07-23 12:00:00+00:00,21.475,-157.825,0.0,0.28,0.0,26.26
GL14,2026-07-24 12:00:00+00:00,21.475,-157.825,0.0,0.21,0.0,26.21
GL14,2026-07-25 12:00:00+00:00,21.475,-157.825,0.0,0.14,0.0,26.16
GL14,2026-07-26 12:00:00+00:00,21.475,-157.825,0.0,0.01,0.0,26.05
GL14,2026-07-27 12:00:00+00:00,21.475,-157.825,0.0,0.11,0.0,26.16
GL14,2026-07-28 12:00:00+00:00,21.475,-157.825,0.0,0.25,0.0,26.32
GL14,2026-07-29 12:00:00+00:00,21.475,-157.825,0.0,0.34,0.0,26.43
GL14,2026-07-30 12:00:00+00:00,21.475,-157.825,0.0,0.7000000000000001,0.0,26.81
GL14,2026-07-31 12:00:00+00:00,21.475,-157.825,0.0,0.47,0.0,26.6
GL14,2026-08-01 12:00:00+00:00,21.475,-157.825,0.0,0.59,0.0,26.74
GL14,2026-08-02 12:00:00+00:00,21.475,-157.825,0.0,0.5,0.0,26.67
GL14,2026-08-03 12:00:00+00:00,21.475,-157.825,0.0,0.4,0.0,26.59
GL14,2026-08-04 12:00:00+00:00,21.475,-157.825,0.0,0.36,0.0,26.56
GL14,2026-08-05 12:00:00+00:00,21.475,-157.825,0.0,0.56,0.0,26.78
GL14,2026-08-06 12:00:00+00:00,21.475,-157.825,0.0,0.54,0.0,26.78
GL14,2026-08-07 12:00:00+00:00,21.475,-157.825,0.0,0.42,0.0,26.68
GL14,2026-08-08 12:00:00+00:00,21.475,-157.825,0.0,0.5,0.0,26.78
GL14,2026-08-09 12:00:00+00:00,21.475,-157.825,0.0,0.42,0.0,26.72
GL14,2026-08-10 12:00:00+00:00,21.475,-157.825,0.0,0.4,0.0,26.72
GL14,2026-08-11 12:00:00+00:00,21.475,-157.825,0.0,0.53,0.0,26.87
GL14,2026-08-12 12:00:00+00:00,21.475,-157.825,0.0,0.45,0.0,26.8
GL14,2026-08-13 12:00:00+00:00,21.475,-157.825,0.0,0.41,0.0,26.78
GL14,2026-08-14 12:00:00+00:00,21.475,-157.825,0.0,0.49,1.0,26.88
GL14,2026-08-15 12:00:00+00:00,21.475,-157.825,0.0,0.43,0.0,26.84
GL14,2026-08-16 12:00:00+00:00,21.475,-157.825,0.0,0.2,0.0,26.62
GL14,2026-08-17 12:00:00+00:00,21.475,-157.825,0.0,0.19,0.0,26.63
GL14,2026-08-18 12:00:00+00:00,21.475,-157.825,0.0,0.15,0.0,26.6
GL14,2026-08-19 12:00:00+00:00,21.475,-157.825,0.0,0.14,0.0,26.61
GL14,2026-08-20 12:00:00+00:00,21.475,-157.825,0.0,0.11,0.0,26.59
GL14,2026-08-21 12:00:00+00:00,21.475,-157.825,0.0,0.41,1.0,26.91
GL14,2026-08-22 12:00:00+00:00,21.475,-157.825,0.0,0.64,1.0,27.15
GL14,2026-08-23 12:00:00+00:00,21.475,-157.825,0.0,0.63,1.0,27.16
GL14,2026-08-24 12:00:00+00:00,21.475,-157.825,0.0,0.5700000000000001,1.0,27.11
GL14,2026-08-25 12:00:00+00:00,21.475,-157.825,0.0,0.51,1.0,27.07
GL14,2026-08-26 12:00:00+00:00,21.475,-157.825,0.0,0.55,1.0,27.12
GL14,2026-08-27 12:00:00+00:00,21.475,-157.825,0.0,0.42,1.0,27.01
GL14,2026-08-28 12:00:00+00:00,21.475,-157.825,0.0,0.36,1.0,26.96
GL14,2026-08-29 12:00:00+00:00,21.475,-157.825,0.0,0.22,0.0,26.84
GL14,2026-08-30 12:00:00+00:00,21.475,-157.825,0.0,0.16,0.0,26.79
GL14,2026-08-31 12:00:00+00:00,21.475,-157.825,0.0,0.19,0.0,26.84
GL14,2026-09-01 12:00:00+00:00,21.475,-157.825,0.0,0.18,0.0,26.84
GL14,2026-09-02 12:00:00+00:00,21.475,-157.825,0.0,0.06,0.0,26.74
GL14,2026-09-03 12:00:00+00:00,21.475,-157.825,0.0,0.14,0.0,26.83
GL14,2026-09-04 12:00:00+00:00,21.475,-157.825,0.0,0.04,0.0,26.75
GL14,2026-09-05 12:00:00+00:00,21.475,-157.825,0.0,0.07,0.0,26.79
GL14,2026-09-06 12:00:00+00:00,21.475,-157.825,0.0,0.09,0.0,26.83
GL14,2026-09-07 12:00:00+00:00,21.475,-157.825,0.0,0.06,0.0,26.81
GL14,2026-09-08 12:00:00+00:00,21.475,-157.825,0.0,-0.07,0.0,26.7
GL14,2026-09-09 12:00:00+00:00,21.475,-157.825,0.0,-0.21,0.0,26.57
GL14,2026-09-10 12:00:00+00:00,21.475,-157.825,0.0,-0.11,0.0,26.69
GL14,2026-09-11 12:00:00+00:00,21.475,-157.825,0.0,0.07,1.0,26.88
GL14,2026-09-12 12:00:00+00:00,21.475,-157.825,0.0,0.09,1.0,26.92
GL14,2026-09-13 12:00:00+00:00,21.475,-157.825,0.0,0.04,1.0,26.88
GL14,2026-09-14 12:00:00+00:00,21.475,-157.825,0.0,0.02,1.0,26.88
GL14,2026-09-15 12:00:00+00:00,21.475,-157.825,0.0,0.07,1.0,26.94
GL14,2026-09-16 12:00:00+00:00,21.475,-157.825,0.0,0.1,1.0,26.97
GL14,2026-09-17 12:00:00+00:00,21.475,-157.825,0.0,0.05,1.0,26.91
GL14,2026-09-18 12:00:00+00:00,21.475,-157.825,0.0,0.14,1.0,27.0
GL14,2026-09-19 12:00:00+00:00,21.475,-157.825,0.0,0.28,1.0,27.14
GL14,2026-09-20 12:00:00+00:00,21.475,-157.825,0.0,0.36,1.0,27.21
GL14,2026-09-21 12:00:00+00:00,21.475,-157.825,0.0,0.27,1.0,27.12
GL14,2026-09-22 12:00:00+00:00,21.475,-157.825,0.0,0.42,1.0,27.27
GL14,2026-09-23 12:00:00+00:00,21.475,-157.825,0.0,0.37,1.0,27.21
GL14,2026-09-24 12:00:00+00:00,21.475,-157.825,0.0,0.41,1.0,27.25
GL14,2026-09-25 12:00:00+00:00,21.475,-157.825,0.0,0.22,1.0,27.06
GL14,2026-09-26 12:00:00+00:00,21.475,-157.825,0.0,0.27,1.0,27.1
GL14,2026-09-27 12:00:00+00:00,21.475,-157.825,0.0,0.12,1.0,26.95
GL14,2026-09-28 12:00:00+00:00,21.475,-157.825,0.0,-0.11,0.0,26.72
GL14,2026-09-29 12:00:00+00:00,21.475,-157.825,0.0,-0.15,0.0,26.67
GL14,2026-09-30 12:00:00+00:00,21.475,-157.825,0.0,-0.23,0.0,26.59
GL14,2026-10-01 12:00:00+00:00,21.475,-157.825,0.0,-0.07,0.0,26.75
GL14,2026-10-02 12:00:00+00:00,21.475,-157.825,0.0,-0.05,0.0,26.76
GL14,2026-10-03 12:00:00+00:00,21.475,-157.825,0.0,0.0,0.0,26.81
GL14,2026-10-04 12:00:00+00:00,21.475,-157.825,0.0,0.09,1.0,26.9
GL14,2026-10-05 12:00:00+00:00,21.475,-157.825,0.0,-0.05,0.0,26.75
GL14,2026-10-06 12:00:00+00:00,21.475,-157.825,0.0,-0.13,0.0,26.67
GL14,2026-10-07 12:00:00+00:00,21.475,-157.825,0.0,-0.14,0.0,26.66
GL15,2026-04-10 12:00:00+00:00,24.575,-81.475,0.0,1.41,0.0,25.98
GL15,2026-04-11 12:00:00+00:00,24.575,-81.475,0.0,1.12,0.0,25.73
GL15,2026-04-12 12:00:00+00:00,24.575,-81.475,0.0,0.92,0.0,25.57
GL15,2026-04-13 12:00:00+00:00,24.575,-81.475,0.0,0.58,0.0,25.27
GL15,2026-04-14 12:00:00+00:00,24.575,-81.475,0.0,0.44,0.0,25.17
GL15,2026-04-15 12:00:00+00:00,24.575,-81.475,0.0,0.5,0.0,25.27
GL15,2026-04-16 12:00:00+00:00,24.575,-81.475,0.0,0.24,0.0,25.07
GL15,2026-04-17 12:00:00+00:00,24.575,-81.475,0.0,0.39,0.0,25.28
GL15,2026-04-18 12:00:00+00:00,24.575,-81.475,0.0,0.72,0.0,25.67
GL15,2026-04-19 12:00:00+00:00,24.575,-81.475,0.0,1.21,0.0,26.22
GL15,2026-04-20 12:00:00+00:00,24.575,-81.475,0.0,1.51,0.0,26.58
GL15,2026-04-21 12:00:00+00:00,24.575,-81.475,0.0,1.51,0.0,26.64
GL15,2026-04-22 12:00:00+00:00,24.575,-81.475,0.0,1.08,0.0,26.27
GL15,2026-04-23 12:00:00+00:00,24.575,-81.475,0.0,0.84,0.0,26.09
GL15,2026-04-24 12:00:00+00:00,24.575,-81.475,0.0,0.6,0.0,25.91
GL15,2026-04-26 12:00:00+00:00,24.575,-81.475,0.0,1.05,0.0,26.48
GL15,2026-04-27 12:00:00+00:00,24.575,-81.475,0.0,1.28,0.0,26.77
GL15,2026-04-28 12:00:00+00:00,24.575,-81.475,0.0,1.44,0.0,26.99
GL15,2026-04-29 12:00:00+00:00,24.575,-81.475,0.0,1.24,0.0,26.85
GL15,2026-04-30 12:00:00+00:00,24.575,-81.475,0.0,1.66,0.0,27.33
GL15,2026-05-01 12:00:00+00:00,24.575,-81.475,0.0,1.78,0.0,27.51
GL15,2026-05-02 12:00:00+00:00,24.575,-81.475,0.0,2.29,0.0,28.08
GL15,2026-05-03 12:00:00+00:00,24.575,-81.475,0.0,2.22,0.0,28.07
GL15,2026-05-04 12:00:00+00:00,24.575,-81.475,0.0,1.52,0.0,27.43
GL15,2026-05-05 12:00:00+00:00,24.575,-81.475,0.0,1.56,0.0,27.53
GL15,2026-05-06 12:00:00+00:00,24.575,-81.475,0.0,2.23,0.0,28.26
GL15,2026-05-07 12:00:00+00:00,24.575,-81.475,0.0,2.57,0.0,28.66
GL15,2026-05-08 12:00:00+00:00,24.575,-81.475,0.0,3.02,0.0,29.17
GL15,2026-05-09 12:00:00+00:00,24.575,-81.475,0.0,3.06,0.0,29.27
GL15,2026-05-10 12:00:00+00:00,24.575,-81.475,0.0,3.14,0.0,29.41
GL15,2026-05-11 12:00:00+00:00,24.575,-81.475,0.0,2.83,0.0,29.16
GL15,2026-05-12 12:00:00+00:00,24.575,-81.475,0.0,2.94,0.0,29.33
GL15,2026-05-13 12:00:00+00:00,24.575,-81.475,0.0,3.12,0.0,29.57
GL15,2026-05-14 12:00:00+00:00,24.575,-81.475,0.0,2.96,0.0,29.47
GL15,2026-05-15 12:00:00+00:00,24.575,-81.475,0.0,2.92,0.0,29.49
GL15,2026-05-16 12:00:00+00:00,24.575,-81.475,0.0,2.8000000000000003,0.0,29.43
GL15,2026-05-17 12:00:00+00:00,24.575,-81.475,0.0,2.79,0.0,29.48
GL15,2026-05-18 12:00:00+00:00,24.575,-81.475,0.0,2.66,0.0,29.42
GL15,2026-05-19 12:00:00+00:00,24.575,-81.475,0.0,2.34,0.0,29.16
GL15,2026-05-20 12:00:00+00:00,24.575,-81.475,0.0,2.23,0.0,29.11
GL15,2026-05-21 12:00:00+00:00,24.575,-81.475,0.0,2.03,0.0,28.97
GL15,2026-05-22 12:00:00+00:00,24.575,-81.475,0.0,2.03,0.0,29.03
GL15,2026-05-23 12:00:00+00:00,24.575,-81.475,0.0,1.97,0.0,29.04
GL15,2026-05-24 12:00:00+00:00,24.575,-81.475,0.0,2.01,0.0,29.14
GL15,2026-05-25 12:00:00+00:00,24.575,-81.475,0.0,1.83,0.0,29.02
GL15,2026-05-26 12:00:00+00:00,24.575,-81.475,0.0,1.55,0.0,28.8
GL15,2026-05-27 12:00:00+00:00,24.575,-81.475,0.0,1.3,0.0,28.61
GL15,2026-05-28 12:00:00+00:00,24.575,-81.475,0.0,1.22,0.0,28.6
GL15,2026-05-29 12:00:00+00:00,24.575,-81.475,0.0,1.63,0.0,29.07
GL15,2026-05-30 12:00:00+00:00,24.575,-81.475,0.0,1.66,0.0,29.16
GL15,2026-05-31 12:00:00+00:00,24.575,-81.475,0.0,1.99,0.0,29.55
GL15,2026-06-01 12:00:00+00:00,24.575,-81.475,0.0,2.27,1.0,29.89
GL15,2026-06-02 12:00:00+00:00,24.575,-81.475,0.0,2.19,1.0,29.87
GL15,2026-06-03 12:00:00+00:00,24.575,-81.475,0.0,2.41,1.0,30.16
GL15,2026-06-04 12:00:00+00:00,24.575,-81.475,0.0,1.97,1.0,29.78
GL15,2026-06-05 12:00:00+00:00,24.575,-81.475,0.0,1.37,0.0,29.24
GL15,2026-06-06 12:00:00+00:00,24.575,-81.475,0.0,1.12,0.0,29.05
GL15,2026-06-07 12:00:00+00:00,24.575,-81.475,0.0,0.8200000000000001,0.0,28.81
GL15,2026-06-08 12:00:00+00:00,24.575,-81.475,0.0,0.66,0.0,28.72
GL15,2026-06-09 12:00:00+00:00,24.575,-81.475,0.0,0.64,0.0,28.76
GL15,2026-06-10 12:00:00+00:00,24.575,-81.475,0.0,1.07,0.0,29.25
GL15,2026-06-11 12:00:00+00:00,24.575,-81.475,0.0,0.8300000000000001,0.0,29.07
GL15,2026-06-12 12:00:00+00:00,24.575,-81.475,0.0,1.24,0.0,29.54
GL15,2026-06-13 12:00:00+00:00,24.575,-81.475,0.0,1.04,0.0,29.41
GL15,2026-06-14 12:00:00+00:00,24.575,-81.475,0.0,1.01,0.0,29.44
GL15,2026-06-15 12:00:00+00:00,24.575,-81.475,0.0,1.94,1.0,30.43
GL15,2026-06-16 12:00:00+00:00,24.575,-81.475,0.0,1.72,1.0,30.24
GL15,2026-06-17 12:00:00+00:00,24.575,-81.475,0.0,1.62,1.0,30.17
GL15,2026-06-18 12:00:00+00:00,24.575,-81.475,0.0,1.82,1.0,30.4
GL15,2026-06-19 12:00:00+00:00,24.575,-81.475,0.0,1.9,1.0,30.51
GL15,2026-06-20 12:00:00+00:00,24.575,-81.475,0.17,2.23,2.0,30.88
GL15,2026-06-21 12:00:00+00:00,24.575,-81.475,0.36,2.37,2.0,31.05
GL15,2026-06-22 12:00:00+00:00,24.575,-81.475,0.58,2.48,2.0,31.19
GL15,2026-06-23 12:00:00+00:00,24.575,-81.475,0.81,2.57,2.0,31.31
GL15,2026-06-24 12:00:00+00:00,24.575,-81.475,1.07,2.71,2.0,31.48
GL15,2026-06-25 12:00:00+00:00,24.575,-81.475,1.31,2.59,2.0,31.39
GL15,2026-06-26 12:00:00+00:00,24.575,-81.475,1.52,2.35,2.0,31.18
GL15,2026-06-27 12:00:00+00:00,24.575,-81.475,1.72,2.2,2.0,31.06
GL15,2026-06-28 12:00:00+00:00,24.575,-81.475,1.92,2.23,2.0,31.12
GL15,2026-06-29 12:00:00+00:00,24.575,-81.475,2.14,2.31,2.0,31.23
GL15,2026-06-30 12:00:00+00:00,24.575,-81.475,2.38,2.39,2.0,31.34
GL15,2026-07-01 12:00:00+00:00,24.575,-81.475,2.62,2.41,2.0,31.4
GL15,2026-07-02 12:00:00+00:00,24.575,-81.475,2.9,2.62,2.0,31.64
GL15,2026-07-03 12:00:00+00:00,24.575,-81.475,3.17,2.54,2.0,31.59
GL15,2026-07-04 12:00:00+00:00,24.575,-81.475,3.46,2.65,2.0,31.73
GL15,2026-07-05 12:00:00+00:00,24.575,-81.475,3.76,2.66,2.0,31.77
GL15,2026-07-06 12:00:00+00:00,24.575,-81.475,4.07,2.69,3.0,31.83
GL15,2026-07-07 12:00:00+00:00,24.575,-81.475,4.39,2.8000000000000003,3.0,31.97
GL15,2026-07-08 12:00:00+00:00,24.575,-81.475,4.71,2.73,3.0,31.93
GL15,2026-07-09 12:00:00+00:00,24.575,-81.475,4.99,2.4,3.0,31.63
GL15,2026-07-10 12:00:00+00:00,24.575,-81.475,5.24,2.2,3.0,31.46
GL15,2026-07-11 12:00:00+00:00,24.575,-81.475,5.45,1.88,3.0,31.18
GL15,2026-07-12 12:00:00+00:00,24.575,-81.475,5.67,1.88,3.0,31.21
GL15,2026-07-13 12:00:00+00:00,24.575,-81.475,5.86,1.62,3.0,30.98
GL15,2026-07-14 12:00:00+00:00,24.575,-81.475,6.0200000000000005,1.42,3.0,30.81
GL15,2026-07-15 12:00:00+00:00,24.575,-81.475,6.19,1.49,3.0,30.91
GL15,2026-07-16 12:00:00+00:00,24.575,-81.475,6.38,1.6,3.0,31.03
GL15,2026-07-17 12:00:00+00:00,24.575,-81.475,6.57,1.55,3.0,30.99
GL15,2026-07-18 12:00:00+00:00,24.575,-81.475,6.8,1.84,3.0,31.29
GL15,2026-07-19 12:00:00+00:00,24.575,-81.475,6.98,1.52,3.0,30.97
GL15,2026-07-20 12:00:00+00:00,24.575,-81.475,7.16,1.53,3.0,30.99
GL15,2026-07-21 12:00:00+00:00,24.575,-81.475,7.34,1.45,3.0,30.92
GL15,2026-07-22 12:00:00+00:00,24.575,-81.475,7.53,1.51,3.0,30.99
GL15,2026-07-23 12:00:00+00:00,24.575,-81.475,7.71,1.51,3.0,31.0
GL15,2026-07-24 12:00:00+00:00,24.575,-81.475,7.890000000000001,1.43,3.0,30.93
GL15,2026-07-25 12:00:00+00:00,24.575,-81.475,8.09,1.57,4.0,31.08
GL15,2026-07-26 12:00:00+00:00,24.575,-81.475,8.290000000000001,1.59,4.0,31.11
GL15,2026-07-27 12:00:00+00:00,24.575,-81.475,8.5,1.65,4.0,31.17
GL15,2026-07-28 12:00:00+00:00,24.575,-81.475,8.68,1.43,4.0,30.96
GL15,2026-07-29 12:00:00+00:00,24.575,-81.475,8.870000000000001,1.48,4.0,31.02
GL15,2026-07-30 12:00:00+00:00,24.575,-81.475,9.06,1.44,4.0,30.99
GL15,2026-07-31 12:00:00+00:00,24.575,-81.475,9.25,1.45,4.0,31.01
GL15,2026-08-01 12:00:00+00:00,24.575,-81.475,9.46,1.6,4.0,31.17
GL15,2026-08-02 12:00:00+00:00,24.575,-81.475,9.72,1.95,4.0,31.53
GL15,2026-08-03 12:00:00+00:00,24.575,-81.475,10.01,2.09,4.0,31.68
GL15,2026-08-04 12:00:00+00:00,24.575,-81.475,10.26,1.88,4.0,31.47
GL15,2026-08-05 12:00:00+00:00,24.575,-81.475,10.48,1.62,4.0,31.22
GL15,2026-08-06 12:00:00+00:00,24.575,-81.475,10.67,1.4,4.0,31.01
GL15,2026-08-07 12:00:00+00:00,24.575,-81.475,10.82,1.12,4.0,30.74
GL15,2026-08-08 12:00:00+00:00,24.575,-81.475,10.99,1.29,4.0,30.92
GL15,2026-08-09 12:00:00+00:00,24.575,-81.475,11.18,1.34,4.0,30.98
GL15,2026-08-10 12:00:00+00:00,24.575,-81.475,11.33,1.11,4.0,30.76
GL15,2026-08-11 12:00:00+00:00,24.575,-81.475,11.33,1.01,1.0,30.67
GL15,2026-08-12 12:00:00+00:00,24.575,-81.475,11.49,1.15,4.0,30.81
GL15,2026-08-13 12:00:00+00:00,24.575,-81.475,11.67,1.29,4.0,30.96
GL15,2026-08-14 12:00:00+00:00,24.575,-81.475,11.9,1.58,4.0,31.26
GL15,2026-08-15 12:00:00+00:00,24.575,-81.475,12.12,1.56,4.0,31.25
GL15,2026-08-16 12:00:00+00:00,24.575,-81.475,12.34,1.57,4.0,31.24
GL15,2026-08-17 12:00:00+00:00,24.575,-81.475,12.55,1.48,4.0,31.14
GL15,2026-08-18 12:00:00+00:00,24.575,-81.475,12.77,1.57,4.0,31.21
GL15,2026-08-19 12:00:00+00:00,24.575,-81.475,13.04,1.97,4.0,31.6
GL15,2026-08-20 12:00:00+00:00,24.575,-81.475,13.32,2.04,4.0,31.65
GL15,2026-08-21 12:00:00+00:00,24.575,-81.475,13.61,2.12,4.0,31.72
GL15,2026-08-22 12:00:00+00:00,24.575,-81.475,13.88,2.03,4.0,31.61
GL15,2026-08-23 12:00:00+00:00,24.575,-81.475,14.16,2.1,4.0,31.66
GL15,2026-08-24 12:00:00+00:00,24.575,-81.475,14.44,2.1,4.0,31.65
GL15,2026-08-25 12:00:00+00:00,24.575,-81.475,14.74,2.23,4.0,31.76
GL15,2026-08-26 12:00:00+00:00,24.575,-81.475,15.03,2.22,4.0,31.74
GL15,2026-08-27 12:00:00+00:00,24.575,-81.475,15.32,2.22,4.0,31.72
GL15,2026-08-28 12:00:00+00:00,24.575,-81.475,15.62,2.32,4.0,31.8
GL15,2026-08-29 12:00:00+00:00,24.575,-81.475,15.9,2.17,4.0,31.64
GL15,2026-08-30 12:00:00+00:00,24.575,-81.475,16.15,1.94,4.0,31.39
GL15,2026-08-31 12:00:00+00:00,24.575,-81.475,16.37,1.85,4.0,31.29
GL15,2026-09-01 12:00:00+00:00,24.575,-81.475,16.61,1.93,4.0,31.35
GL15,2026-09-02 12:00:00+00:00,24.575,-81.475,16.85,1.96,4.0,31.37
GL15,2026-09-03 12:00:00+00:00,24.575,-81.475,17.09,1.99,4.0,31.38
GL15,2026-09-04 12:00:00+00:00,24.575,-81.475,17.37,2.25,4.0,31.62
GL15,2026-09-05 12:00:00+00:00,24.575,-81.475,17.64,2.21,4.0,31.57
GL15,2026-09-06 12:00:00+00:00,24.575,-81.475,17.88,2.05,4.0,31.39
GL15,2026-09-07 12:00:00+00:00,24.575,-81.475,18.1,1.92,4.0,31.25
GL15,2026-09-08 12:00:00+00:00,24.575,-81.475,18.32,1.92,4.0,31.23
GL15,2026-09-09 12:00:00+00:00,24.575,-81.475,18.57,2.13,4.0,31.42
GL15,2026-09-10 12:00:00+00:00,24.575,-81.475,18.81,2.07,4.0,31.35
GL15,2026-09-11 12:00:00+00:00,24.575,-81.475,19.03,1.98,4.0,31.24
GL15,2026-09-12 12:00:00+00:00,24.575,-81.475,19.07,1.92,4.0,31.17
GL15,2026-09-13 12:00:00+00:00,24.575,-81.475,19.07,1.85,4.0,31.08
GL15,2026-09-14 12:00:00+00:00,24.575,-81.475,19.06,1.9,4.0,31.12
GL15,2026-09-15 12:00:00+00:00,24.575,-81.475,19.05,2.01,4.0,31.21
GL15,2026-09-16 12:00:00+00:00,24.575,-81.475,19.02,2.11,4.0,31.26
GL15,2026-09-17 12:00:00+00:00,24.575,-81.475,18.99,2.09,4.0,31.19
GL15,2026-09-18 12:00:00+00:00,24.575,-81.475,18.96,1.92,4.0,30.97
GL15,2026-09-19 12:00:00+00:00,24.575,-81.475,18.94,1.93,4.0,30.93
GL15,2026-09-20 12:00:00+00:00,24.575,-81.475,18.88,1.75,4.0,30.7
GL15,2026-09-21 12:00:00+00:00,24.575,-81.475,18.66,1.76,1.0,30.67
GL15,2026-09-22 12:00:00+00:00,24.575,-81.475,18.43,1.8,1.0,30.66
GL15,2026-09-23 12:00:00+00:00,24.575,-81.475,18.18,1.72,1.0,30.53
GL15,2026-09-24 12:00:00+00:00,24.575,-81.475,17.900000000000002,1.66,1.0,30.42
GL15,2026-09-25 12:00:00+00:00,24.575,-81.475,17.63,1.57,1.0,30.28
GL15,2026-09-26 12:00:00+00:00,24.575,-81.475,17.34,1.6,1.0,30.26
GL15,2026-09-27 12:00:00+00:00,24.575,-81.475,17.04,1.57,1.0,30.18
GL15,2026-09-28 12:00:00+00:00,24.575,-81.475,16.740000000000002,1.54,1.0,30.1
GL15,2026-09-29 12:00:00+00:00,24.575,-81.475,16.41,1.39,1.0,29.9
GL15,2026-09-30 12:00:00+00:00,24.575,-81.475,16.09,1.62,1.0,30.09
GL15,2026-10-01 12:00:00+00:00,24.575,-81.475,15.81,1.47,1.0,29.89
GL15,2026-10-02 12:00:00+00:00,24.575,-81.475,15.56,1.15,0.0,29.52
GL15,2026-10-03 12:00:00+00:00,24.575,-81.475,15.35,0.97,0.0,29.29
GL15,2026-10-04 12:00:00+00:00,24.575,-81.475,15.13,1.06,0.0,29.33
GL15,2026-10-05 12:00:00+00:00,24.575,-81.475,14.95,1.28,0.0,29.5
GL15,2026-10-06 12:00:00+00:00,24.575,-81.475,14.79,1.42,0.0,29.59
GL15,2026-10-07 12:00:00+00:00,24.575,-81.475,14.61,1.57,0.0,29.69
GL16,2026-04-10 12:00:00+00:00,18.475,-77.375,0.0,0.59,0.0,27.64
GL16,2026-04-11 12:00:00+00:00,18.475,-77.375,0.0,0.7000000000000001,0.0,27.77
GL16,2026-04-12 12:00:00+00:00,18.475,-77.375,0.0,0.62,0.0,27.71
GL16,2026-04-13 12:00:00+00:00,18.475,-77.375,0.0,0.44,0.0,27.55
GL16,2026-04-14 12:00:00+00:00,18.475,-77.375,0.0,0.26,0.0,27.38
GL16,2026-04-15 12:00:00+00:00,18.475,-77.375,0.0,0.16,0.0,27.3
GL16,2026-04-16 12:00:00+00:00,18.475,-77.375,0.0,0.22,0.0,27.38
GL16,2026-04-17 12:00:00+00:00,18.475,-77.375,0.0,0.2,0.0,27.38
GL16,2026-04-18 12:00:00+00:00,18.475,-77.375,0.0,0.38,0.0,27.59
GL16,2026-04-19 12:00:00+00:00,18.475,-77.375,0.0,0.33,0.0,27.56
GL16,2026-04-20 12:00:00+00:00,18.475,-77.375,0.0,0.48,0.0,27.73
GL16,2026-04-21 12:00:00+00:00,18.475,-77.375,0.0,0.46,0.0,27.73
GL16,2026-04-22 12:00:00+00:00,18.475,-77.375,0.0,0.63,0.0,27.92
GL16,2026-04-23 12:00:00+00:00,18.475,-77.375,0.0,0.42,0.0,27.74
GL16,2026-04-24 12:00:00+00:00,18.475,-77.375,0.0,0.45,0.0,27.79
GL16,2026-04-26 12:00:00+00:00,18.475,-77.375,0.0,0.39,0.0,27.77
GL16,2026-04-27 12:00:00+00:00,18.475,-77.375,0.0,0.56,0.0,27.96
GL16,2026-04-28 12:00:00+00:00,18.475,-77.375,0.0,0.65,0.0,28.08
GL16,2026-04-29 12:00:00+00:00,18.475,-77.375,0.0,0.74,0.0,28.19
GL16,2026-04-30 12:00:00+00:00,18.475,-77.375,0.0,0.63,0.0,28.1
GL16,2026-05-01 12:00:00+00:00,18.475,-77.375,0.0,0.75,0.0,28.24
GL16,2026-05-02 12:00:00+00:00,18.475,-77.375,0.0,0.64,0.0,28.15
GL16,2026-05-03 12:00:00+00:00,18.475,-77.375,0.0,0.5,0.0,28.04
GL16,2026-05-04 12:00:00+00:00,18.475,-77.375,0.0,0.56,0.0,28.12
GL16,2026-05-05 12:00:00+00:00,18.475,-77.375,0.0,0.59,0.0,28.17
GL16,2026-05-06 12:00:00+00:00,18.475,-77.375,0.0,0.68,0.0,28.28
GL16,2026-05-07 12:00:00+00:00,18.475,-77.375,0.0,0.72,0.0,28.34
GL16,2026-05-08 12:00:00+00:00,18.475,-77.375,0.0,0.95,0.0,28.6
GL16,2026-05-09 12:00:00+00:00,18.475,-77.375,0.0,1.13,0.0,28.8
GL16,2026-05-10 12:00:00+00:00,18.475,-77.375,0.0,1.0,0.0,28.69
GL16,2026-05-11 12:00:00+00:00,18.475,-77.375,0.0,1.05,0.0,28.76
GL16,2026-05-12 12:00:00+00:00,18.475,-77.375,0.0,0.87,0.0,28.6
GL16,2026-05-13 12:00:00+00:00,18.475,-77.375,0.0,0.97,0.0,28.73
GL16,2026-05-14 12:00:00+00:00,18.475,-77.375,0.0,0.97,0.0,28.75
GL16,2026-05-15 12:00:00+00:00,18.475,-77.375,0.0,0.87,0.0,28.67
GL16,2026-05-16 12:00:00+00:00,18.475,-77.375,0.0,0.93,0.0,28.75
GL16,2026-05-17 12:00:00+00:00,18.475,-77.375,0.0,0.98,0.0,28.81
GL16,2026-05-18 12:00:00+00:00,18.475,-77.375,0.0,0.97,0.0,28.82
GL16,2026-05-19 12:00:00+00:00,18.475,-77.375,0.0,0.94,0.0,28.8
GL16,2026-05-20 12:00:00+00:00,18.475,-77.375,0.0,0.95,0.0,28.83
GL16,2026-05-21 12:00:00+00:00,18.475,-77.375,0.0,0.8,0.0,28.69
GL16,2026-05-22 12:00:00+00:00,18.475,-77.375,0.0,0.91,0.0,28.82
GL16,2026-05-23 12:00:00+00:00,18.475,-77.375,0.0,0.8200000000000001,0.0,28.74
GL16,2026-05-24 12:00:00+00:00,18.475,-77.375,0.0,0.67,0.0,28.61
GL16,2026-05-25 12:00:00+00:00,18.475,-77.375,0.0,0.86,0.0,28.81
GL16,2026-05-26 12:00:00+00:00,18.475,-77.375,0.0,0.58,0.0,28.55
GL16,2026-05-27 12:00:00+00:00,18.475,-77.375,0.0,0.52,0.0,28.5
GL16,2026-05-28 12:00:00+00:00,18.475,-77.375,0.0,0.5,0.0,28.5
GL16,2026-05-29 12:00:00+00:00,18.475,-77.375,0.0,0.56,0.0,28.57
GL16,2026-05-30 12:00:00+00:00,18.475,-77.375,0.0,0.72,0.0,28.75
GL16,2026-05-31 12:00:00+00:00,18.475,-77.375,0.0,0.79,0.0,28.83
GL16,2026-06-01 12:00:00+00:00,18.475,-77.375,0.0,0.8200000000000001,0.0,28.88
GL16,2026-06-02 12:00:00+00:00,18.475,-77.375,0.0,0.93,0.0,29.0
GL16,2026-06-03 12:00:00+00:00,18.475,-77.375,0.0,0.62,0.0,28.71
GL16,2026-06-04 12:00:00+00:00,18.475,-77.375,0.0,0.45,0.0,28.55
GL16,2026-06-05 12:00:00+00:00,18.475,-77.375,0.0,0.48,0.0,28.6
GL16,2026-06-06 12:00:00+00:00,18.475,-77.375,0.0,0.63,0.0,28.76
GL16,2026-06-07 12:00:00+00:00,18.475,-77.375,0.0,0.68,0.0,28.83
GL16,2026-06-08 12:00:00+00:00,18.475,-77.375,0.0,0.8,0.0,28.96
GL16,2026-06-09 12:00:00+00:00,18.475,-77.375,0.0,0.55,0.0,28.73
GL16,2026-06-10 12:00:00+00:00,18.475,-77.375,0.0,0.53,0.0,28.72
GL16,2026-06-11 12:00:00+00:00,18.475,-77.375,0.0,0.52,0.0,28.73
GL16,2026-06-12 12:00:00+00:00,18.475,-77.375,0.0,0.54,0.0,28.76
GL16,2026-06-13 12:00:00+00:00,18.475,-77.375,0.0,0.71,0.0,28.95
GL16,2026-06-14 12:00:00+00:00,18.475,-77.375,0.0,0.32,0.0,28.57
GL16,2026-06-15 12:00:00+00:00,18.475,-77.375,0.0,0.31,0.0,28.58
GL16,2026-06-16 12:00:00+00:00,18.475,-77.375,0.0,0.48,0.0,28.76
GL16,2026-06-17 12:00:00+00:00,18.475,-77.375,0.0,0.32,0.0,28.61
GL16,2026-06-18 12:00:00+00:00,18.475,-77.375,0.0,0.22,0.0,28.52
GL16,2026-06-19 12:00:00+00:00,18.475,-77.375,0.0,0.09,0.0,28.41
GL16,2026-06-20 12:00:00+00:00,18.475,-77.375,0.0,-0.07,0.0,28.26
GL16,2026-06-21 12:00:00+00:00,18.475,-77.375,0.0,0.11,0.0,28.45
GL16,2026-06-22 12:00:00+00:00,18.475,-77.375,0.0,0.14,0.0,28.49
GL16,2026-06-23 12:00:00+00:00,18.475,-77.375,0.0,0.31,0.0,28.67
GL16,2026-06-24 12:00:00+00:00,18.475,-77.375,0.0,0.29,0.0,28.66
GL16,2026-06-25 12:00:00+00:00,18.475,-77.375,0.0,0.35,0.0,28.74
GL16,2026-06-26 12:00:00+00:00,18.475,-77.375,0.0,0.56,0.0,28.96
GL16,2026-06-27 12:00:00+00:00,18.475,-77.375,0.0,0.38,0.0,28.79
GL16,2026-06-28 12:00:00+00:00,18.475,-77.375,0.0,0.44,0.0,28.86
GL16,2026-06-29 12:00:00+00:00,18.475,-77.375,0.0,0.41,0.0,28.84
GL16,2026-06-30 12:00:00+00:00,18.475,-77.375,0.0,0.61,0.0,29.05
GL16,2026-07-01 12:00:00+00:00,18.475,-77.375,0.0,0.52,0.0,28.98
GL16,2026-07-02 12:00:00+00:00,18.475,-77.375,0.0,0.5700000000000001,0.0,29.04
GL16,2026-07-03 12:00:00+00:00,18.475,-77.375,0.0,0.4,0.0,28.88
GL16,2026-07-04 12:00:00+00:00,18.475,-77.375,0.0,0.36,0.0,28.85
GL16,2026-07-05 12:00:00+00:00,18.475,-77.375,0.0,0.5,0.0,29.0
GL16,2026-07-06 12:00:00+00:00,18.475,-77.375,0.0,0.15,0.0,28.66
GL16,2026-07-07 12:00:00+00:00,18.475,-77.375,0.0,0.36,0.0,28.89
GL16,2026-07-08 12:00:00+00:00,18.475,-77.375,0.0,0.28,0.0,28.82
GL16,2026-07-09 12:00:00+00:00,18.475,-77.375,0.0,0.38,0.0,28.93
GL16,2026-07-10 12:00:00+00:00,18.475,-77.375,0.0,0.38,0.0,28.94
GL16,2026-07-11 12:00:00+00:00,18.475,-77.375,0.0,0.17,0.0,28.74
GL16,2026-07-12 12:00:00+00:00,18.475,-77.375,0.0,0.1,0.0,28.68
GL16,2026-07-13 12:00:00+00:00,18.475,-77.375,0.0,0.07,0.0,28.67
GL16,2026-07-14 12:00:00+00:00,18.475,-77.375,0.0,0.11,0.0,28.72
GL16,2026-07-15 12:00:00+00:00,18.475,-77.375,0.0,0.29,0.0,28.91
GL16,2026-07-16 12:00:00+00:00,18.475,-77.375,0.0,0.12,0.0,28.75
GL16,2026-07-17 12:00:00+00:00,18.475,-77.375,0.0,0.04,0.0,28.68
GL16,2026-07-18 12:00:00+00:00,18.475,-77.375,0.0,0.07,0.0,28.72
GL16,2026-07-19 12:00:00+00:00,18.475,-77.375,0.0,-0.01,0.0,28.65
GL16,2026-07-20 12:00:00+00:00,18.475,-77.375,0.0,0.0,0.0,28.67
GL16,2026-07-21 12:00:00+00:00,18.475,-77.375,0.0,-0.03,0.0,28.65
GL16,2026-07-22 12:00:00+00:00,18.475,-77.375,0.0,0.28,0.0,28.97
GL16,2026-07-23 12:00:00+00:00,18.475,-77.375,0.0,0.51,0.0,29.21
GL16,2026-07-24 12:00:00+00:00,18.475,-77.375,0.0,0.23,0.0,28.94
GL16,2026-07-25 12:00:00+00:00,18.475,-77.375,0.0,0.26,0.0,28.98
GL16,2026-07-26 12:00:00+00:00,18.475,-77.375,0.0,0.23,0.0,28.96
GL16,2026-07-27 12:00:00+00:00,18.475,-77.375,0.0,0.15,0.0,28.89
GL16,2026-07-28 12:00:00+00:00,18.475,-77.375,0.0,0.18,0.0,28.93
GL16,2026-07-29 12:00:00+00:00,18.475,-77.375,0.0,0.28,0.0,29.04
GL16,2026-07-30 12:00:00+00:00,18.475,-77.375,0.0,0.45,0.0,29.22
GL16,2026-07-31 12:00:00+00:00,18.475,-77.375,0.0,0.37,0.0,29.16
GL16,2026-08-01 12:00:00+00:00,18.475,-77.375,0.0,0.33,0.0,29.13
GL16,2026-08-02 12:00:00+00:00,18.475,-77.375,0.0,0.6,1.0,29.41
GL16,2026-08-03 12:00:00+00:00,18.475,-77.375,0.0,0.88,1.0,29.7
GL16,2026-08-04 12:00:00+00:00,18.475,-77.375,0.0,0.55,1.0,29.38
GL16,2026-08-05 12:00:00+00:00,18.475,-77.375,0.0,0.43,0.0,29.27
GL16,2026-08-06 12:00:00+00:00,18.475,-77.375,0.0,0.47,1.0,29.32
GL16,2026-08-07 12:00:00+00:00,18.475,-77.375,0.0,0.53,1.0,29.39
GL16,2026-08-08 12:00:00+00:00,18.475,-77.375,0.0,0.5700000000000001,1.0,29.44
GL16,2026-08-09 12:00:00+00:00,18.475,-77.375,0.0,0.6900000000000001,1.0,29.57
GL16,2026-08-10 12:00:00+00:00,18.475,-77.375,0.0,0.56,1.0,29.45
GL16,2026-08-11 12:00:00+00:00,18.475,-77.375,0.0,0.67,1.0,29.57
GL16,2026-08-12 12:00:00+00:00,18.475,-77.375,0.0,0.58,1.0,29.49
GL16,2026-08-13 12:00:00+00:00,18.475,-77.375,0.0,0.74,1.0,29.66
GL16,2026-08-14 12:00:00+00:00,18.475,-77.375,0.0,0.8200000000000001,1.0,29.75
GL16,2026-08-15 12:00:00+00:00,18.475,-77.375,0.0,0.87,1.0,29.81
GL16,2026-08-16 12:00:00+00:00,18.475,-77.375,0.0,0.75,1.0,29.7
GL16,2026-08-17 12:00:00+00:00,18.475,-77.375,0.0,0.67,1.0,29.63
GL16,2026-08-18 12:00:00+00:00,18.475,-77.375,0.0,0.54,1.0,29.51
GL16,2026-08-19 12:00:00+00:00,18.475,-77.375,0.0,0.54,1.0,29.52
GL16,2026-08-20 12:00:00+00:00,18.475,-77.375,0.0,0.79,1.0,29.78
GL16,2026-08-21 12:00:00+00:00,18.475,-77.375,0.0,0.8300000000000001,1.0,29.83
GL16,2026-08-22 12:00:00+00:00,18.475,-77.375,0.0,0.77,1.0,29.78
GL16,2026-08-23 12:00:00+00:00,18.475,-77.375,0.0,0.76,1.0,29.79
GL16,2026-08-24 12:00:00+00:00,18.475,-77.375,0.0,0.98,1.0,30.02
GL16,2026-08-25 12:00:00+00:00,18.475,-77.375,0.0,0.81,1.0,29.86
GL16,2026-08-26 12:00:00+00:00,18.475,-77.375,0.0,0.86,1.0,29.92
GL16,2026-08-27 12:00:00+00:00,18.475,-77.375,0.0,0.8,1.0,29.87
GL16,2026-08-28 12:00:00+00:00,18.475,-77.375,0.0,0.79,1.0,29.87
GL16,2026-08-29 12:00:00+00:00,18.475,-77.375,0.0,0.76,1.0,29.85
GL16,2026-08-30 12:00:00+00:00,18.475,-77.375,0.0,0.9,1.0,30.0
GL16,2026-08-31 12:00:00+00:00,18.475,-77.375,0.0,0.81,1.0,29.92
GL16,2026-09-01 12:00:00+00:00,18.475,-77.375,0.0,0.88,1.0,30.0
GL16,2026-09-02 12:00:00+00:00,18.475,-77.375,0.0,0.72,1.0,29.85
GL16,2026-09-03 12:00:00+00:00,18.475,-77.375,0.0,0.84,1.0,29.98
GL16,2026-09-04 12:00:00+00:00,18.475,-77.375,0.0,0.93,1.0,30.08
GL16,2026-09-05 12:00:00+00:00,18.475,-77.375,0.0,0.95,1.0,30.11
GL16,2026-09-06 12:00:00+00:00,18.475,-77.375,0.16,1.2,2.0,30.37
GL16,2026-09-07 12:00:00+00:00,18.475,-77.375,0.31,1.19,2.0,30.37
GL16,2026-09-08 12:00:00+00:00,18.475,-77.375,0.31,1.06,1.0,30.26
GL16,2026-09-09 12:00:00+00:00,18.475,-77.375,0.31,1.04,1.0,30.25
GL16,2026-09-10 12:00:00+00:00,18.475,-77.375,0.31,0.95,1.0,30.17
GL16,2026-09-11 12:00:00+00:00,18.475,-77.375,0.31,0.64,1.0,29.87
GL16,2026-09-12 12:00:00+00:00,18.475,-77.375,0.31,0.59,1.0,29.83
GL16,2026-09-13 12:00:00+00:00,18.475,-77.375,0.31,0.5700000000000001,1.0,29.82
GL16,2026-09-14 12:00:00+00:00,18.475,-77.375,0.31,0.37,1.0,29.63
GL16,2026-09-15 12:00:00+00:00,18.475,-77.375,0.31,0.55,1.0,29.82
GL16,2026-09-16 12:00:00+00:00,18.475,-77.375,0.31,0.8200000000000001,1.0,30.08
GL16,2026-09-17 12:00:00+00:00,18.475,-77.375,0.31,0.8200000000000001,1.0,30.07
GL16,2026-09-18 12:00:00+00:00,18.475,-77.375,0.31,0.92,1.0,30.15
GL16,2026-09-19 12:00:00+00:00,18.475,-77.375,0.31,0.74,1.0,29.96
GL16,2026-09-20 12:00:00+00:00,18.475,-77.375,0.31,1.0,1.0,30.21
GL16,2026-09-21 12:00:00+00:00,18.475,-77.375,0.31,0.91,1.0,30.11
GL16,2026-09-22 12:00:00+00:00,18.475,-77.375,0.31,1.0,1.0,30.19
GL16,2026-09-23 12:00:00+00:00,18.475,-77.375,0.31,0.87,1.0,30.04
GL16,2026-09-24 12:00:00+00:00,18.475,-77.375,0.31,0.78,1.0,29.94
GL16,2026-09-25 12:00:00+00:00,18.475,-77.375,0.31,0.97,1.0,30.12
GL16,2026-09-26 12:00:00+00:00,18.475,-77.375,0.31,0.85,1.0,29.99
GL16,2026-09-27 12:00:00+00:00,18.475,-77.375,0.46,1.17,2.0,30.3
GL16,2026-09-28 12:00:00+00:00,18.475,-77.375,0.46,1.08,1.0,30.19
GL16,2026-09-29 12:00:00+00:00,18.475,-77.375,0.46,0.91,1.0,30.01
GL16,2026-09-30 12:00:00+00:00,18.475,-77.375,0.46,1.12,1.0,30.21
GL16,2026-10-01 12:00:00+00:00,18.475,-77.375,0.46,1.18,1.0,30.26
GL16,2026-10-02 12:00:00+00:00,18.475,-77.375,0.46,0.79,1.0,29.86
GL16,2026-10-03 12:00:00+00:00,18.475,-77.375,0.46,0.77,1.0,29.82
GL16,2026-10-04 12:00:00+00:00,18.475,-77.375,0.46,0.7000000000000001,1.0,29.74
GL16,2026-10-05 12:00:00+00:00,18.475,-77.375,0.46,1.0,1.0,30.03
GL16,2026-10-06 12:00:00+00:00,18.475,-77.375,0.46,0.93,1.0,29.95
GL16,2026-10-07 12:00:00+00:00,18.475,-77.375,0.46,0.84,1.0,29.85
